{"type": "FeatureCollection", "features": [{"type": "Feature", "geometry": {"type": "MultiLineString", "coordinates": [[[9.704921, 53.581912], [9.705608, 53.582375], [9.706264, 53.582811], [9.706356, 53.582874], [9.706371, 53.582883], [9.706386, 53.582891], [9.706722, 53.583096], [9.706981, 53.583229], [9.707103, 53.583301], [9.707726, 53.58353], [9.707756, 53.583539], [9.708076, 53.583672], [9.70841, 53.583796], [9.708592, 53.583858], [9.70891, 53.583937], [9.70938, 53.584042], [9.710622, 53.584277], [9.711773, 53.584486], [9.711849, 53.584494], [9.711925, 53.584512], [9.712016, 53.584529], [9.713364, 53.584773], [9.714515, 53.584991], [9.71609, 53.585287], [9.716878, 53.58539], [9.717316, 53.585423], [9.717663, 53.58543], [9.717905, 53.585429], [9.718372, 53.58539], [9.718809, 53.585324], [9.719863, 53.585147], [9.72027, 53.585073], [9.720842, 53.585007], [9.720933, 53.585006], [9.721023, 53.584996], [9.721597, 53.584984], [9.722232, 53.585007], [9.722957, 53.585066], [9.723925, 53.585132], [9.725543, 53.585257], [9.726117, 53.585298], [9.726601, 53.585304], [9.727204, 53.585274], [9.727762, 53.585216], [9.728515, 53.585113], [9.729193, 53.585037], [9.729782, 53.585006], [9.73037, 53.585003], [9.731096, 53.585034], [9.731882, 53.585119], [9.733259, 53.585272], [9.734591, 53.585426], [9.735907, 53.58558], [9.736906, 53.585708], [9.737753, 53.585811], [9.738419, 53.585861], [9.739023, 53.585902], [9.739325, 53.5859], [9.739657, 53.585889], [9.740638, 53.585847], [9.742087, 53.585784], [9.74343, 53.585722], [9.744818, 53.585659], [9.746251, 53.585587], [9.746945, 53.585538], [9.747577, 53.585444], [9.748074, 53.58536], [9.748691, 53.585213], [9.749246, 53.585048], [9.749712, 53.584874], [9.752021, 53.583997], [9.752442, 53.583868], [9.752818, 53.583776], [9.753284, 53.583674], [9.754036, 53.583535], [9.754398, 53.583488], [9.755167, 53.583429], [9.756162, 53.583351], [9.756177, 53.583351], [9.757127, 53.583264], [9.757414, 53.583244], [9.757805, 53.583205], [9.758333, 53.583157], [9.759524, 53.583042], [9.760623, 53.582891], [9.76112, 53.582807], [9.762731, 53.582536], [9.763816, 53.582395], [9.766256, 53.582091], [9.76734, 53.581905], [9.76865, 53.581708], [9.769885, 53.581529], [9.772068, 53.5812], [9.773515, 53.581038], [9.77543, 53.580909], [9.776668, 53.58091], [9.778042, 53.58091], [9.785699, 53.581004], [9.790667, 53.581043], [9.794171, 53.581083], [9.794201, 53.581082], [9.795772, 53.581144], [9.795923, 53.581152], [9.796422, 53.581175], [9.796739, 53.581182], [9.796951, 53.58119], [9.797343, 53.581187], [9.797615, 53.581176], [9.797766, 53.581166], [9.797901, 53.581157], [9.798082, 53.581137], [9.798414, 53.581099], [9.79888, 53.581015], [9.799121, 53.580978], [9.799362, 53.580931], [9.800144, 53.5808], [9.800476, 53.580744], [9.801197, 53.580595], [9.803456, 53.580239], [9.804133, 53.580117], [9.804208, 53.580108], [9.804915, 53.579977], [9.805682, 53.579801], [9.807199, 53.579396], [9.809152, 53.57888], [9.809662, 53.578705], [9.810487, 53.578412], [9.811476, 53.578028], [9.81188, 53.577846], [9.812224, 53.577673], [9.814331, 53.576544], [9.814406, 53.576517]], [[9.814406, 53.576517], [9.814406, 53.576508], [9.815422, 53.575953], [9.81581, 53.575743], [9.816183, 53.575507], [9.816585, 53.575226], [9.817121, 53.574818]], [[9.814406, 53.576517], [9.814421, 53.576508], [9.815452, 53.57597], [9.815825, 53.575743], [9.816213, 53.575516], [9.816615, 53.575235], [9.817121, 53.574818]], [[9.815872, 53.564775], [9.815424, 53.564653], [9.815167, 53.564584]], [[9.815872, 53.564775], [9.815431, 53.564658], [9.815167, 53.564584]], [[9.815167, 53.564584], [9.815035, 53.564548], [9.815051, 53.564526], [9.815037, 53.564547], [9.815167, 53.564584]], [[9.819175, 53.565421], [9.819049, 53.565403], [9.818937, 53.565385], [9.818824, 53.565365], [9.818711, 53.565343], [9.818493, 53.565294], [9.818372, 53.565272], [9.818249, 53.565249], [9.818099, 53.565209], [9.81799, 53.565183], [9.817735, 53.565121], [9.817502, 53.565068], [9.817333, 53.565029], [9.817181, 53.564991], [9.816996, 53.564942], [9.816833, 53.564895], [9.816491, 53.564789], [9.816341, 53.564745], [9.815527, 53.56452], [9.815198, 53.564406]], [[9.816916, 53.564962], [9.815504, 53.564559], [9.815292, 53.564497]], [[9.815292, 53.564497], [9.815119, 53.564453], [9.81511, 53.564472], [9.815119, 53.564452], [9.815292, 53.564497]], [[9.817037, 53.56508], [9.816857, 53.565035], [9.815872, 53.564775]], [[9.817037, 53.56508], [9.816955, 53.565062], [9.816844, 53.565037], [9.816732, 53.565008], [9.815872, 53.564775]], [[9.817173, 53.565033], [9.817158, 53.565024], [9.816916, 53.564962]], [[9.817173, 53.565033], [9.816916, 53.564962]], [[9.81711, 53.565096], [9.8171, 53.565094], [9.817089, 53.565092], [9.817037, 53.56508]], [[9.81711, 53.565096], [9.817099, 53.565096], [9.817037, 53.56508]], [[9.817123, 53.565098], [9.817114, 53.565096], [9.81711, 53.565096]], [[9.817123, 53.565098], [9.81711, 53.565096]], [[9.817121, 53.574818], [9.81761, 53.574374], [9.817714, 53.574293]], [[9.817121, 53.574818], [9.817714, 53.574293]], [[9.817276, 53.565129], [9.817123, 53.565098]], [[9.817276, 53.565129], [9.817145, 53.565105], [9.817123, 53.565098]], [[9.81834, 53.565308], [9.817613, 53.565137], [9.817522, 53.56512], [9.817173, 53.565033]], [[9.818336, 53.565307], [9.817507, 53.56512], [9.817173, 53.565033]], [[9.817524, 53.565174], [9.817276, 53.565129]], [[9.817524, 53.565174], [9.817459, 53.565163], [9.817291, 53.565132], [9.817276, 53.565129]], [[9.818336, 53.565307], [9.818226, 53.565287], [9.817623, 53.565192], [9.817524, 53.565174]], [[9.818356, 53.565312], [9.818053, 53.565269], [9.817614, 53.565191], [9.817524, 53.565174]], [[9.817714, 53.574293], [9.818159, 53.573849], [9.818513, 53.573407], [9.818775, 53.572938], [9.819298, 53.571856], [9.819765, 53.571044]], [[9.81834, 53.565308], [9.818336, 53.565307]], [[9.818356, 53.565312], [9.818336, 53.565307]], [[9.818375, 53.565315], [9.818355, 53.565311], [9.81834, 53.565308]], [[9.818356, 53.565312], [9.81834, 53.565308]], [[9.818375, 53.565315], [9.818356, 53.565312]], [[9.818705, 53.565382], [9.818356, 53.565312]], [[9.818822, 53.565377], [9.818375, 53.565315]], [[9.818822, 53.565377], [9.818482, 53.565334], [9.818375, 53.565315]], [[9.819053, 53.565469], [9.81875, 53.56539], [9.818705, 53.565382]], [[9.819053, 53.565469], [9.818811, 53.565417], [9.818705, 53.565382]], [[9.819175, 53.565421], [9.818822, 53.565377]], [[9.820191, 53.565551], [9.820172, 53.565551], [9.819839, 53.565518], [9.819673, 53.565492], [9.819098, 53.565415], [9.818822, 53.565377]], [[9.819388, 53.565593], [9.819053, 53.565469]], [[9.820191, 53.565551], [9.820167, 53.565549], [9.819995, 53.565531], [9.819823, 53.56551], [9.819661, 53.565489], [9.819175, 53.565421]], [[9.819807, 53.565796], [9.819693, 53.565734], [9.819388, 53.565593]], [[9.819807, 53.565796], [9.819708, 53.565743], [9.819388, 53.565593]], [[9.819765, 53.571044], [9.819849, 53.570711], [9.820145, 53.569622]], [[9.819765, 53.571044], [9.820145, 53.569622]], [[9.819911, 53.565854], [9.819906, 53.56585], [9.819807, 53.565796]], [[9.819911, 53.565854], [9.819807, 53.565796]], [[9.82035, 53.566161], [9.819952, 53.565876], [9.819911, 53.565854]], [[9.82035, 53.566161], [9.819911, 53.565854]], [[9.820145, 53.569622], [9.820427, 53.568586], [9.820567, 53.568002]], [[9.820238, 53.565555], [9.820217, 53.565551], [9.820191, 53.565551]], [[9.820238, 53.565555], [9.820237, 53.565555], [9.820203, 53.565552], [9.820191, 53.565551]], [[9.821052, 53.565611], [9.820752, 53.565595], [9.820586, 53.565585], [9.820414, 53.565572], [9.820238, 53.565555]], [[9.821052, 53.565611], [9.820762, 53.565601], [9.820263, 53.56556], [9.820238, 53.565555]], [[9.820629, 53.566554], [9.82052, 53.566357], [9.82035, 53.566161]], [[9.820567, 53.568002], [9.820748, 53.567254]], [[9.820567, 53.568002], [9.820721, 53.567416], [9.820748, 53.567254]], [[9.820709, 53.56677], [9.820629, 53.566554]], [[9.820709, 53.56677], [9.820645, 53.566599], [9.820629, 53.566554]], [[9.820748, 53.567254], [9.820758, 53.566985], [9.820709, 53.56677]], [[9.82209, 53.565637], [9.821728, 53.56563], [9.8212, 53.565616], [9.821052, 53.565611]], [[9.82209, 53.565637], [9.82204, 53.565637], [9.821718, 53.565635], [9.821546, 53.565631], [9.821363, 53.565625], [9.821185, 53.565618], [9.821052, 53.565611]], [[9.823379, 53.565605], [9.823229, 53.565613], [9.822962, 53.565625], [9.822636, 53.565634], [9.822324, 53.565637], [9.82209, 53.565637]], [[9.823379, 53.565605], [9.822981, 53.565622], [9.822272, 53.565636], [9.82209, 53.565637]], [[9.834571, 53.564384], [9.833896, 53.564535], [9.833272, 53.564663], [9.832665, 53.564771], [9.832307, 53.564836], [9.831815, 53.564916], [9.83106, 53.565013], [9.830426, 53.565088], [9.829856, 53.565141], [9.829184, 53.565191], [9.827833, 53.565292], [9.826782, 53.565368], [9.826527, 53.565385], [9.8247, 53.565514], [9.824418, 53.565535], [9.823743, 53.565583], [9.823487, 53.5656], [9.823379, 53.565605]], [[9.834571, 53.564384], [9.833902, 53.56454], [9.833286, 53.564661], [9.832669, 53.564773], [9.832323, 53.564838], [9.831827, 53.564923], [9.831074, 53.565018], [9.830442, 53.565094], [9.829869, 53.565143], [9.829191, 53.565192], [9.827849, 53.565292], [9.826794, 53.565371], [9.826538, 53.565391], [9.824714, 53.56552], [9.824428, 53.56554], [9.82375, 53.56559], [9.823379, 53.565605]], [[9.834748, 53.564342], [9.834698, 53.564354], [9.834571, 53.564384]], [[9.834748, 53.564342], [9.83469, 53.564357], [9.834571, 53.564384]], [[9.841701, 53.561659], [9.841695, 53.561656], [9.84161, 53.561707], [9.8412, 53.561944], [9.840775, 53.562164], [9.840129, 53.562452], [9.839411, 53.562755], [9.838973, 53.56295], [9.83788, 53.563398], [9.837024, 53.563686], [9.836087, 53.563986], [9.835977, 53.564018], [9.835654, 53.564104], [9.835067, 53.564258], [9.834748, 53.564342]], [[9.841701, 53.561659], [9.841619, 53.561709], [9.841216, 53.561946], [9.840783, 53.562164], [9.840139, 53.562456], [9.839421, 53.562758], [9.838987, 53.56295], [9.837894, 53.563398], [9.83704, 53.563691], [9.836095, 53.563985], [9.83599, 53.564022], [9.835659, 53.564105], [9.835074, 53.564262], [9.834748, 53.564342]], [[9.841708, 53.561655], [9.841708, 53.561664], [9.841701, 53.561659]], [[9.841708, 53.561655], [9.841701, 53.561659]], [[9.933256, 53.558229], [9.933127, 53.558352], [9.932903, 53.558518], [9.932712, 53.55866], [9.932437, 53.558826], [9.932294, 53.558901], [9.932148, 53.558972], [9.932018, 53.55903], [9.931865, 53.559093], [9.9317, 53.559156], [9.931564, 53.559202], [9.931434, 53.559244], [9.931265, 53.559293], [9.931083, 53.55934], [9.930892, 53.559384], [9.930686, 53.559424], [9.9305, 53.559457], [9.930331, 53.559481], [9.930158, 53.559502], [9.929997, 53.559517], [9.929824, 53.559528], [9.929659, 53.559537], [9.929469, 53.559546], [9.929283, 53.559554], [9.929059, 53.559563], [9.928732, 53.559575], [9.928361, 53.559586], [9.928228, 53.559589], [9.927916, 53.559597], [9.927614, 53.559608], [9.926711, 53.559637], [9.926571, 53.559641], [9.92621, 53.559653], [9.926209, 53.559652], [9.924727, 53.559701], [9.924325, 53.559708], [9.923811, 53.559715], [9.923464, 53.559718], [9.922929, 53.559724], [9.922685, 53.559729], [9.922472, 53.559737], [9.922099, 53.559753], [9.921723, 53.559773], [9.921434, 53.55979], [9.92067, 53.559833], [9.920114, 53.559864], [9.918505, 53.55994], [9.91736, 53.559984], [9.9168, 53.560005], [9.91554, 53.560056], [9.914754, 53.560088], [9.914088, 53.560114], [9.913766, 53.560121], [9.91343, 53.560126], [9.91295, 53.560131], [9.912703, 53.560135], [9.912613, 53.560135], [9.912075, 53.560137], [9.911525, 53.560129], [9.911509, 53.560128], [9.911385, 53.560126], [9.911385, 53.560128], [9.911038, 53.560122], [9.910419, 53.560109], [9.910358, 53.5601], [9.910177, 53.560093], [9.909527, 53.560044], [9.908908, 53.560003], [9.908288, 53.559981], [9.90705, 53.559946], [9.900707, 53.559733], [9.900314, 53.559718], [9.898759, 53.559667], [9.897491, 53.559631], [9.889396, 53.559377], [9.887388, 53.559302], [9.88698, 53.559288], [9.886497, 53.559273], [9.885439, 53.559236], [9.885152, 53.559229], [9.884065, 53.559192], [9.883748, 53.559186], [9.883386, 53.55917], [9.881453, 53.559113], [9.881211, 53.559106], [9.880063, 53.559051], [9.879519, 53.559028], [9.878523, 53.559], [9.878175, 53.558984], [9.877934, 53.558977], [9.874477, 53.558912], [9.871049, 53.558812], [9.871003, 53.558803], [9.869598, 53.558696], [9.867436, 53.558506], [9.865758, 53.558383], [9.865063, 53.558352], [9.864761, 53.558345], [9.863403, 53.558337], [9.862769, 53.558342], [9.861999, 53.55832], [9.861591, 53.558296], [9.861592, 53.558305], [9.861471, 53.558297], [9.860821, 53.558239], [9.860443, 53.558197], [9.860094, 53.558145], [9.859443, 53.558033], [9.858898, 53.557956], [9.858429, 53.557888], [9.857854, 53.55782], [9.85719, 53.557789], [9.857008, 53.557781], [9.85636, 53.557786], [9.855982, 53.557779], [9.854927, 53.557814], [9.853089, 53.557962], [9.851959, 53.558096], [9.850575, 53.558312], [9.850305, 53.558359], [9.849252, 53.558546], [9.847961, 53.558879], [9.846686, 53.559283], [9.846416, 53.559366], [9.845083, 53.559861], [9.84438, 53.560162], [9.843723, 53.560508], [9.843528, 53.560599], [9.842678, 53.561073], [9.842469, 53.5612], [9.842275, 53.561318], [9.841708, 53.561655]], [[9.932396, 53.560373], [9.932379, 53.560191], [9.932386, 53.559947]], [[9.932386, 53.559947], [9.932375, 53.560187], [9.932396, 53.560373]], [[9.932386, 53.559947], [9.932387, 53.559894], [9.932457, 53.559615], [9.932528, 53.559426], [9.932559, 53.559369]], [[9.932559, 53.559369], [9.932531, 53.559426], [9.932462, 53.559618], [9.932388, 53.559892], [9.932386, 53.559947]], [[9.932396, 53.560373], [9.9324, 53.56041], [9.932402, 53.560417]], [[9.932402, 53.560417], [9.932399, 53.560407], [9.932396, 53.560373]], [[9.932522, 53.560803], [9.932464, 53.560649], [9.932402, 53.560417]], [[9.932402, 53.560417], [9.932458, 53.560651], [9.932522, 53.560803]], [[9.932522, 53.560803], [9.932564, 53.560904], [9.932628, 53.561016]], [[9.932628, 53.561016], [9.932561, 53.560908], [9.932522, 53.560803]], [[9.932686, 53.559116], [9.932623, 53.559237], [9.932559, 53.559369]], [[9.932559, 53.559369], [9.93263, 53.559237], [9.932686, 53.559116]], [[9.932821, 53.561298], [9.932717, 53.561159], [9.932628, 53.561016]], [[9.932628, 53.561016], [9.93271, 53.561159], [9.932821, 53.561298]], [[9.932686, 53.559116], [9.93273, 53.55902], [9.932847, 53.558845]], [[9.932847, 53.558845], [9.932735, 53.559021], [9.932686, 53.559116]], [[9.932821, 53.561298], [9.932908, 53.561407], [9.932996, 53.561497]], [[9.932996, 53.561497], [9.932904, 53.561409], [9.932821, 53.561298]], [[9.933221, 53.558285], [9.933017, 53.558608], [9.93286, 53.558824], [9.932847, 53.558845]], [[9.932847, 53.558845], [9.932862, 53.558822], [9.933023, 53.558605], [9.933221, 53.558285]], [[9.933961, 53.562184], [9.933702, 53.562041], [9.933365, 53.561819], [9.933119, 53.561614], [9.932996, 53.561497]], [[9.932996, 53.561497], [9.933114, 53.561617], [9.933365, 53.561823], [9.933699, 53.562044], [9.933961, 53.562184]], [[9.933221, 53.558285], [9.933256, 53.558229]], [[9.933258, 53.558227], [9.933221, 53.558285]], [[9.933256, 53.558229], [9.933431, 53.557945], [9.933551, 53.557803]], [[9.933258, 53.558227], [9.933256, 53.558229]], [[9.933551, 53.557803], [9.933436, 53.557944], [9.933258, 53.558227]], [[9.934737, 53.555333], [9.934738, 53.555463], [9.934692, 53.555902], [9.934614, 53.55621], [9.934586, 53.556289], [9.93456, 53.55637], [9.934483, 53.556538], [9.934368, 53.556776], [9.93424, 53.556988], [9.934082, 53.557231], [9.934065, 53.557261], [9.93388, 53.55753], [9.933736, 53.557716], [9.933674, 53.557793], [9.933419, 53.558072], [9.933258, 53.558227]], [[9.933949, 53.557272], [9.933792, 53.557509], [9.933551, 53.557803]], [[9.933551, 53.557803], [9.933799, 53.557511], [9.933949, 53.557272]], [[9.933949, 53.557272], [9.934003, 53.557186], [9.934068, 53.557089]], [[9.934068, 53.557089], [9.934006, 53.557186], [9.933949, 53.557272]], [[9.933961, 53.562184], [9.934067, 53.562241], [9.934487, 53.562421], [9.934934, 53.562569], [9.934962, 53.562577]], [[9.934962, 53.562577], [9.934937, 53.56257], [9.934481, 53.562421], [9.934069, 53.562244], [9.933961, 53.562184]], [[9.93431, 53.556647], [9.934292, 53.55668], [9.934144, 53.556971], [9.934068, 53.557089]], [[9.934068, 53.557089], [9.934149, 53.556969], [9.934294, 53.556681], [9.93431, 53.556647]], [[9.93431, 53.556647], [9.934337, 53.556591], [9.93442, 53.556437]], [[9.93442, 53.556437], [9.934339, 53.556595], [9.93431, 53.556647]], [[9.934658, 53.555701], [9.934649, 53.555792], [9.934589, 53.556037], [9.934505, 53.556269], [9.93442, 53.556437]], [[9.93442, 53.556437], [9.934511, 53.556266], [9.934596, 53.55604], [9.934651, 53.555788], [9.934658, 53.555701]], [[9.934482, 53.55379], [9.934518, 53.553974], [9.93455, 53.554204]], [[9.93455, 53.554204], [9.934517, 53.553974], [9.934482, 53.55379]], [[9.934482, 53.55379], [9.934469, 53.553731], [9.934453, 53.553574], [9.934448, 53.553452], [9.934445, 53.553396], [9.93442, 53.553062], [9.934408, 53.552962], [9.934393, 53.552875], [9.934372, 53.552788], [9.934343, 53.552698], [9.934318, 53.552618], [9.934302, 53.552553], [9.93429, 53.552492], [9.934283, 53.552434], [9.934279, 53.552388], [9.934279, 53.55233], [9.934288, 53.552261], [9.934305, 53.552189], [9.934356, 53.551981], [9.934399, 53.551864], [9.934483, 53.551603], [9.934699, 53.551107], [9.934743, 53.551043], [9.9348, 53.550908], [9.934858, 53.550782], [9.934871, 53.55071], [9.934899, 53.55062], [9.934955, 53.550431], [9.934996, 53.55023]], [[9.934511, 53.552574], [9.93451, 53.552601], [9.934555, 53.553018]], [[9.934555, 53.553018], [9.934505, 53.5526], [9.934511, 53.552574]], [[9.93453, 53.552356], [9.934524, 53.552394], [9.934517, 53.552444], [9.934512, 53.552499], [9.934512, 53.552534], [9.934511, 53.552574]], [[9.934511, 53.552574], [9.934519, 53.552537], [9.934518, 53.552501], [9.934517, 53.552447], [9.934531, 53.552393], [9.93453, 53.552356]], [[9.93453, 53.552356], [9.93453, 53.552339], [9.934544, 53.552285], [9.934558, 53.552253]], [[9.934558, 53.552253], [9.934548, 53.552285], [9.934533, 53.55234], [9.93453, 53.552356]], [[9.934577, 53.554483], [9.934569, 53.554447], [9.934556, 53.554332], [9.934554, 53.554285], [9.93455, 53.554204]], [[9.934585, 53.553498], [9.934584, 53.553435], [9.934582, 53.553345], [9.934561, 53.553067], [9.934555, 53.553018]], [[9.934555, 53.553018], [9.93456, 53.553063], [9.934579, 53.553346], [9.934582, 53.553432], [9.934585, 53.553498]], [[9.934679, 53.551879], [9.934568, 53.552222], [9.934558, 53.552253]], [[9.934558, 53.552253], [9.934572, 53.552222], [9.934679, 53.551879]], [[9.934577, 53.554483], [9.934591, 53.554556], [9.934644, 53.554779]], [[9.934644, 53.554779], [9.934591, 53.554557], [9.934577, 53.554483]], [[9.934585, 53.553498], [9.934589, 53.553564], [9.934609, 53.553734], [9.934618, 53.553797], [9.934658, 53.553973], [9.934672, 53.554052], [9.934687, 53.554196], [9.934715, 53.554818], [9.934737, 53.555333]], [[9.934644, 53.554779], [9.934618, 53.55427], [9.934616, 53.554198], [9.934587, 53.553561], [9.934585, 53.553498]], [[9.934644, 53.554779], [9.934645, 53.554784]], [[9.934644, 53.554779], [9.934644, 53.554779]], [[9.934645, 53.554784], [9.934644, 53.554779]], [[9.934663, 53.555269], [9.934649, 53.555007], [9.934644, 53.554782], [9.934644, 53.554779]], [[9.934737, 53.555333], [9.934702, 53.555026], [9.934645, 53.554784]], [[9.934645, 53.554784], [9.934653, 53.555011], [9.934663, 53.555269]], [[9.934658, 53.555701], [9.934663, 53.555636], [9.934666, 53.555592]], [[9.934666, 53.555592], [9.934664, 53.555638], [9.934658, 53.555701]], [[9.934666, 53.555592], [9.934674, 53.555465], [9.934663, 53.555269]], [[9.934663, 53.555269], [9.934671, 53.555462], [9.934666, 53.555592]], [[9.934996, 53.55023], [9.935008, 53.550274], [9.935, 53.550299], [9.934993, 53.550325], [9.934765, 53.551362], [9.934708, 53.551614], [9.934678, 53.551752], [9.934651, 53.551876], [9.934679, 53.551879]], [[9.935369, 53.562692], [9.935271, 53.562666], [9.934962, 53.562577]], [[9.934962, 53.562577], [9.935276, 53.562669], [9.935369, 53.562692]], [[9.93509, 53.54979], [9.934963, 53.55011], [9.934996, 53.55023]], [[9.934996, 53.55023], [9.93501, 53.550161], [9.935079, 53.549873], [9.93509, 53.54979]], [[9.93509, 53.54979], [9.935105, 53.549675], [9.935146, 53.549495], [9.935173, 53.54936], [9.935231, 53.549252], [9.935304, 53.549143], [9.935377, 53.549017], [9.935394, 53.548995]], [[9.935394, 53.548995], [9.93538, 53.549026], [9.935331, 53.549141], [9.935289, 53.549245], [9.935092, 53.549785], [9.93509, 53.54979]], [[9.935369, 53.562692], [9.935606, 53.56275], [9.93592, 53.562813], [9.93626, 53.562872], [9.93659, 53.562915], [9.936768, 53.562933]], [[9.936768, 53.562933], [9.936589, 53.562917], [9.936256, 53.562874], [9.935923, 53.562814], [9.935605, 53.562754], [9.935369, 53.562692]], [[9.937394, 53.547258], [9.937231, 53.547324], [9.937017, 53.547423], [9.936776, 53.547552], [9.93667, 53.547615], [9.936516, 53.547716], [9.936273, 53.547891], [9.936061, 53.548071], [9.935897, 53.548233], [9.935755, 53.548395], [9.935652, 53.548529], [9.935584, 53.54863], [9.935519, 53.548736], [9.935448, 53.548871], [9.935394, 53.548995]], [[9.935394, 53.548995], [9.935479, 53.548881], [9.935582, 53.548755], [9.935656, 53.548655], [9.935744, 53.548556], [9.935861, 53.548411], [9.936141, 53.548076], [9.936229, 53.547986], [9.936303, 53.547913], [9.936451, 53.547786], [9.936585, 53.547686], [9.936778, 53.547577], [9.937032, 53.54744], [9.937394, 53.547258]], [[9.937514, 53.562996], [9.937134, 53.562966], [9.936768, 53.562933]], [[9.936768, 53.562933], [9.937131, 53.56297], [9.937514, 53.562996]], [[9.937394, 53.547258], [9.93745, 53.54723], [9.937539, 53.547194], [9.937584, 53.547175], [9.937659, 53.547157], [9.937779, 53.54712], [9.937944, 53.547074], [9.937944, 53.547074]], [[9.937944, 53.547074], [9.937798, 53.547116], [9.937673, 53.547156], [9.937609, 53.547177], [9.937555, 53.547196], [9.937466, 53.547229], [9.937394, 53.547258]], [[9.937514, 53.562996], [9.937749, 53.563012], [9.938499, 53.563061]], [[9.938499, 53.563061], [9.937754, 53.563015], [9.937514, 53.562996]], [[9.939148, 53.546852], [9.938991, 53.546869], [9.938761, 53.546901], [9.938612, 53.546925], [9.938358, 53.546974], [9.938226, 53.547003], [9.938101, 53.547032], [9.937951, 53.547072], [9.937944, 53.547074]], [[9.937944, 53.547074], [9.938094, 53.547037], [9.938214, 53.547009], [9.938349, 53.546981], [9.938605, 53.546934], [9.93874, 53.546906], [9.939148, 53.546852]], [[9.939746, 53.563133], [9.939597, 53.563127], [9.939038, 53.563095], [9.938499, 53.563061]], [[9.938499, 53.563061], [9.939039, 53.563097], [9.939594, 53.563128], [9.939746, 53.563133]], [[9.939148, 53.546852], [9.939176, 53.546848], [9.939201, 53.546846]], [[9.939201, 53.546846], [9.939148, 53.546852]], [[9.939433, 53.546826], [9.939282, 53.546837], [9.939201, 53.546846]], [[9.939201, 53.546846], [9.939433, 53.546826]], [[9.939433, 53.546826], [9.939643, 53.546809], [9.93979, 53.546808]], [[9.93979, 53.546808], [9.939657, 53.546811], [9.939433, 53.546826]], [[9.939746, 53.563133], [9.940193, 53.563146], [9.940514, 53.563147]], [[9.940514, 53.563147], [9.940186, 53.563149], [9.939746, 53.563133]], [[9.9402, 53.546804], [9.939965, 53.546803], [9.93979, 53.546808]], [[9.93979, 53.546808], [9.939945, 53.546806], [9.9402, 53.546804]], [[9.940447, 53.546812], [9.940287, 53.546805], [9.9402, 53.546804]], [[9.9402, 53.546804], [9.940276, 53.546804], [9.940447, 53.546812]], [[9.940731, 53.546831], [9.940604, 53.546819], [9.940447, 53.546812]], [[9.940447, 53.546812], [9.940594, 53.546819], [9.940731, 53.546831]], [[9.940514, 53.563147], [9.940737, 53.563147], [9.940979, 53.563135]], [[9.940979, 53.563135], [9.94073, 53.563145], [9.940514, 53.563147]], [[9.940731, 53.546831], [9.940881, 53.546844], [9.941123, 53.546878], [9.941396, 53.546921], [9.941567, 53.546953]], [[9.941567, 53.546953], [9.94139, 53.546923], [9.941112, 53.546878], [9.940902, 53.546847], [9.940731, 53.546831]], [[9.940979, 53.563135], [9.941314, 53.563119], [9.941542, 53.563103]], [[9.941542, 53.563103], [9.941318, 53.563122], [9.940979, 53.563135]], [[9.942847, 53.562983], [9.942026, 53.563063], [9.94183, 53.563082], [9.941664, 53.563092], [9.941542, 53.563103]], [[9.941542, 53.563103], [9.941661, 53.563094], [9.941825, 53.563083], [9.942026, 53.563065], [9.942847, 53.562983]], [[9.941813, 53.547], [9.941794, 53.546996], [9.9417, 53.546976], [9.941567, 53.546953]], [[9.941567, 53.546953], [9.941714, 53.546981], [9.941805, 53.546999], [9.941813, 53.547]], [[9.941813, 53.547], [9.941956, 53.547024], [9.942108, 53.547059], [9.942244, 53.547094], [9.942396, 53.547129], [9.942563, 53.547172], [9.942684, 53.547198], [9.942791, 53.547242], [9.944112, 53.547755]], [[9.944112, 53.547755], [9.944111, 53.547756], [9.942767, 53.547245], [9.942649, 53.547209], [9.942542, 53.547176], [9.942375, 53.547133], [9.942225, 53.547094], [9.942082, 53.547064], [9.94194, 53.547029], [9.941813, 53.547]], [[9.942847, 53.562983], [9.942927, 53.562975], [9.9443, 53.56287], [9.944858, 53.562803], [9.945179, 53.562752]], [[9.945179, 53.562752], [9.944857, 53.562807], [9.944301, 53.562874], [9.942929, 53.562975], [9.942847, 53.562983]], [[9.944112, 53.547755], [9.94413, 53.547762], [9.944115, 53.547753]], [[9.944115, 53.547753], [9.944112, 53.547755]], [[9.973983, 53.546264], [9.973438, 53.546197], [9.973151, 53.546163], [9.972819, 53.546139], [9.972411, 53.546124], [9.97232, 53.546125], [9.971898, 53.54612], [9.971687, 53.546121], [9.971431, 53.546141], [9.971024, 53.546172], [9.970588, 53.546247], [9.970257, 53.546295], [9.969686, 53.546398], [9.969416, 53.546445], [9.969266, 53.546473], [9.968876, 53.546566], [9.968425, 53.546669], [9.967871, 53.546835], [9.967586, 53.546927], [9.966988, 53.547148], [9.966794, 53.547221], [9.966569, 53.547322], [9.966092, 53.547541], [9.965763, 53.547697], [9.965614, 53.547761], [9.964882, 53.54809], [9.964419, 53.548292], [9.964105, 53.54842], [9.963806, 53.548539], [9.963447, 53.548659], [9.963222, 53.548733], [9.962907, 53.548816], [9.962352, 53.548964], [9.961752, 53.549113], [9.961091, 53.549235], [9.9607, 53.549301], [9.960324, 53.549349], [9.959888, 53.549397], [9.959677, 53.549417], [9.959421, 53.549446], [9.95903, 53.549476], [9.95793, 53.549557], [9.956393, 53.54965], [9.956363, 53.54965], [9.956212, 53.549652], [9.955835, 53.549655], [9.955473, 53.549657], [9.955232, 53.549659], [9.954643, 53.549655], [9.954145, 53.549632], [9.953268, 53.549576], [9.952679, 53.549527], [9.95218, 53.549477], [9.951937, 53.549443], [9.951271, 53.549332], [9.950817, 53.549254], [9.949772, 53.549083], [9.948772, 53.54892], [9.948318, 53.548852], [9.947834, 53.548775], [9.947107, 53.548646], [9.946773, 53.548586], [9.946425, 53.548507], [9.946151, 53.548429], [9.945726, 53.548306], [9.945301, 53.548175], [9.945027, 53.548096], [9.944754, 53.547991], [9.944221, 53.547797], [9.944115, 53.547753]], [[9.945785, 53.56266], [9.945414, 53.562712], [9.945179, 53.562752]], [[9.945179, 53.562752], [9.945419, 53.562714], [9.945785, 53.56266]], [[9.945785, 53.56266], [9.946018, 53.562625], [9.946182, 53.5626]], [[9.946182, 53.5626], [9.946016, 53.562627], [9.945785, 53.56266]], [[9.946909, 53.562471], [9.946843, 53.562485], [9.946482, 53.562551], [9.946182, 53.5626]], [[9.946182, 53.5626], [9.946489, 53.562553], [9.946839, 53.562486], [9.946909, 53.562471]], [[9.946909, 53.562471], [9.947155, 53.56242], [9.947273, 53.562393]], [[9.947273, 53.562393], [9.947158, 53.56242], [9.946909, 53.562471]], [[9.948041, 53.562216], [9.947864, 53.562253], [9.947273, 53.562393]], [[9.947273, 53.562393], [9.947862, 53.562257], [9.948041, 53.562216]], [[9.948041, 53.562216], [9.948139, 53.562194], [9.948181, 53.562184]], [[9.948181, 53.562184], [9.948134, 53.562197], [9.948041, 53.562216]], [[9.948771, 53.562048], [9.948765, 53.562048], [9.948269, 53.56216], [9.948181, 53.562184]], [[9.948181, 53.562184], [9.948271, 53.562163], [9.948759, 53.562051], [9.948771, 53.562048]], [[9.94908, 53.561982], [9.94899, 53.562001], [9.948795, 53.562048], [9.948771, 53.562048]], [[9.948771, 53.562048], [9.948792, 53.562043], [9.948992, 53.561999], [9.949077, 53.561978], [9.94908, 53.561982]], [[9.999442, 53.556828], [9.998915, 53.556868], [9.998704, 53.556888], [9.998463, 53.556917], [9.998283, 53.556945], [9.998102, 53.556974], [9.997892, 53.557029], [9.997622, 53.557094], [9.997307, 53.557169], [9.997052, 53.557243], [9.996782, 53.557308], [9.995868, 53.557558], [9.995118, 53.557762], [9.994863, 53.557827], [9.994593, 53.557901], [9.994413, 53.557957], [9.994368, 53.557975], [9.994264, 53.558012], [9.994129, 53.558067], [9.99389, 53.558159], [9.9938, 53.558205], [9.993681, 53.558251], [9.993561, 53.558305], [9.993397, 53.558388], [9.992323, 53.558918], [9.992189, 53.558982], [9.991935, 53.559119], [9.991697, 53.559246], [9.991444, 53.559401], [9.991177, 53.55961], [9.991059, 53.559719], [9.990941, 53.559837], [9.990735, 53.560072], [9.990662, 53.560162], [9.990337, 53.560489], [9.990263, 53.560543], [9.990219, 53.560579], [9.99016, 53.560634], [9.989745, 53.560961], [9.989434, 53.561206], [9.989374, 53.561251], [9.989345, 53.561279], [9.989271, 53.561342], [9.989226, 53.561378], [9.989182, 53.561406], [9.989108, 53.561469], [9.988989, 53.561551], [9.98887, 53.561633], [9.988736, 53.561715], [9.988587, 53.561797], [9.988274, 53.561961], [9.987812, 53.562208], [9.987588, 53.562326], [9.986231, 53.563038], [9.985859, 53.563239], [9.985605, 53.563358], [9.985217, 53.56355], [9.984753, 53.563716], [9.984348, 53.563818], [9.984048, 53.563883], [9.983401, 53.563978], [9.982933, 53.564], [9.980247, 53.564013], [9.978179, 53.564012], [9.976685, 53.564006], [9.97504, 53.563993], [9.973696, 53.563959], [9.973575, 53.563951], [9.973258, 53.563944], [9.973227, 53.563945], [9.972427, 53.563906], [9.971732, 53.563876], [9.971067, 53.563854], [9.970312, 53.563852], [9.969664, 53.563875], [9.969558, 53.563876], [9.968985, 53.563907], [9.968895, 53.563908], [9.968729, 53.563918], [9.968593, 53.56391], [9.968487, 53.563911], [9.967868, 53.563898], [9.967022, 53.563869], [9.966992, 53.563861], [9.966418, 53.563838], [9.966146, 53.563831], [9.965889, 53.563816], [9.965723, 53.563808], [9.965663, 53.563799], [9.965224, 53.563767], [9.965133, 53.563759], [9.964906, 53.563734], [9.964181, 53.563677], [9.963228, 53.563621], [9.962821, 53.563607], [9.962413, 53.563583], [9.962004, 53.563541], [9.96161, 53.563455], [9.960926, 53.563245], [9.96047, 53.563095], [9.959952, 53.562911], [9.95945, 53.562708], [9.95849, 53.56233], [9.958185, 53.562188], [9.957988, 53.562118], [9.957546, 53.561951], [9.956968, 53.561749], [9.956694, 53.56167], [9.956391, 53.561592], [9.956088, 53.561531], [9.954483, 53.561301], [9.954422, 53.561293], [9.954165, 53.561259], [9.95359, 53.56121], [9.953077, 53.561205], [9.952896, 53.561215], [9.952565, 53.561254], [9.952204, 53.561302], [9.951948, 53.561349], [9.951708, 53.561395], [9.951528, 53.561424], [9.951062, 53.561526], [9.950942, 53.561554], [9.950056, 53.561759], [9.950011, 53.561768], [9.949951, 53.561787], [9.949591, 53.561871], [9.949155, 53.561964], [9.94908, 53.561982]], [[9.973983, 53.546264], [9.975089, 53.546444], [9.976058, 53.546625], [9.976498, 53.546711], [9.976983, 53.546824], [9.977393, 53.546946], [9.977743, 53.54706], [9.978124, 53.54721], [9.978489, 53.547378], [9.978825, 53.547537], [9.9791, 53.547696], [9.979177, 53.547749], [9.979468, 53.547918], [9.979912, 53.548193], [9.980447, 53.548512], [9.980691, 53.548645], [9.981012, 53.548804], [9.981271, 53.5489], [9.981575, 53.549006], [9.981833, 53.549075], [9.982076, 53.549136], [9.982455, 53.549214], [9.98253, 53.549222], [9.982909, 53.549273], [9.982939, 53.549273], [9.983271, 53.549297], [9.983649, 53.54933], [9.984239, 53.54937], [9.984919, 53.549436]], [[9.999898, 53.556789], [9.999561, 53.556746], [9.999318, 53.556694], [9.99906, 53.556642], [9.998787, 53.556564], [9.998528, 53.556476], [9.998163, 53.556335], [9.997964, 53.556247], [9.997766, 53.556141], [9.997537, 53.556017], [9.997322, 53.555866], [9.997214, 53.555786], [9.997137, 53.555733], [9.996937, 53.555555], [9.996845, 53.555484], [9.996783, 53.555403], [9.996628, 53.555234], [9.996488, 53.555046], [9.996393, 53.554867], [9.996188, 53.554483], [9.995967, 53.554098], [9.995764, 53.553803], [9.99564, 53.553643], [9.995516, 53.553518], [9.995361, 53.553357], [9.995162, 53.553197], [9.995008, 53.553073], [9.994839, 53.552948], [9.994609, 53.552807], [9.994548, 53.552753], [9.994348, 53.552629], [9.99418, 53.552532], [9.994104, 53.552487], [9.994058, 53.552461], [9.993997, 53.552434], [9.993753, 53.552328], [9.992869, 53.551958], [9.992047, 53.551633], [9.992031, 53.551624], [9.991986, 53.551606], [9.990737, 53.551105], [9.990189, 53.550893], [9.989503, 53.550612], [9.988498, 53.550216], [9.988148, 53.550093], [9.987768, 53.549979], [9.987419, 53.549892], [9.987101, 53.549823], [9.986692, 53.549763], [9.986299, 53.549713], [9.986238, 53.549713], [9.985966, 53.549679], [9.985906, 53.54968], [9.985013, 53.549597], [9.98453, 53.549556], [9.98453, 53.549565], [9.984167, 53.549515], [9.983607, 53.549456], [9.983244, 53.549414], [9.982911, 53.549363], [9.982866, 53.549363], [9.982411, 53.549277], [9.982047, 53.549199], [9.981774, 53.54913], [9.981546, 53.54906], [9.981181, 53.548937], [9.980937, 53.548831], [9.980617, 53.548681], [9.980357, 53.548539], [9.979837, 53.548229], [9.979408, 53.547963], [9.979041, 53.547733], [9.978766, 53.547582], [9.97846, 53.547423], [9.978095, 53.547264], [9.977714, 53.547105], [9.977349, 53.546992], [9.976939, 53.546869], [9.976454, 53.546765], [9.976029, 53.546679], [9.974575, 53.546421], [9.974469, 53.546404], [9.973983, 53.546264]], [[9.984919, 53.549436], [9.98507, 53.549453], [9.985963, 53.549554], [9.986008, 53.549562], [9.986281, 53.549596], [9.98672, 53.549673], [9.987114, 53.54976], [9.987463, 53.549838], [9.987797, 53.549934], [9.988162, 53.55003], [9.988573, 53.550188], [9.989395, 53.550523], [9.990218, 53.550839], [9.990811, 53.551041], [9.991464, 53.551251], [9.992104, 53.55148], [9.992165, 53.551506], [9.99218, 53.551515], [9.992987, 53.551841], [9.993886, 53.552193], [9.99419, 53.552316], [9.994221, 53.552334], [9.994282, 53.55236], [9.994358, 53.552404], [9.994557, 53.552519], [9.99471, 53.552608], [9.994771, 53.552643], [9.994833, 53.552679], [9.99491, 53.55275], [9.995063, 53.552857], [9.995094, 53.552883], [9.99514, 53.552928], [9.995217, 53.55299], [9.995263, 53.553035], [9.99531, 53.553079], [9.995356, 53.553133], [9.995511, 53.553302], [9.995651, 53.55349], [9.99576, 53.553624], [9.995869, 53.553776], [9.996042, 53.55408], [9.996263, 53.554473], [9.996468, 53.554849], [9.996578, 53.555028], [9.996718, 53.555206], [9.996873, 53.555375], [9.996935, 53.555465], [9.997012, 53.555536], [9.997197, 53.555705], [9.997366, 53.55583], [9.997596, 53.555972], [9.997826, 53.556113], [9.998009, 53.556202], [9.998192, 53.55629], [9.998557, 53.55644], [9.998816, 53.556518], [9.999089, 53.556597], [9.999347, 53.556658], [9.99959, 53.556701], [9.999968, 53.556751], [10.000098, 53.556763]], [[9.984919, 53.549436], [9.984919, 53.549445]], [[9.999442, 53.556828], [9.999834, 53.556797], [9.999898, 53.556789]], [[9.999977, 53.556798], [9.999442, 53.556828]], [[9.999977, 53.556798], [9.999954, 53.556796], [9.999898, 53.556789]], [[9.999898, 53.556789], [10.000098, 53.556763]], [[10.006555, 53.554522], [10.006244, 53.554785], [10.006096, 53.554903], [10.006022, 53.554957], [10.005815, 53.555112], [10.005562, 53.555285], [10.00531, 53.555449], [10.005072, 53.555603], [10.004804, 53.555749], [10.004774, 53.555759], [10.00461, 53.555859], [10.004431, 53.555941], [10.004267, 53.556023], [10.003968, 53.556161], [10.00364, 53.556298], [10.003385, 53.556399], [10.003146, 53.556482], [10.002921, 53.556556], [10.002651, 53.556621], [10.002426, 53.556677], [10.002156, 53.556724], [10.00187, 53.556771], [10.001539, 53.55681], [10.001177, 53.556831], [10.000816, 53.556843], [10.000559, 53.556845], [10.000302, 53.556829], [9.999977, 53.556798]], [[10.000222, 53.556775], [10.000015, 53.556796], [9.999977, 53.556798]], [[10.000098, 53.556763], [10.000222, 53.556775]], [[10.000098, 53.556763], [10.000586, 53.556701], [10.000631, 53.556701], [10.000812, 53.556681], [10.001113, 53.556643], [10.001218, 53.556624], [10.001443, 53.556595], [10.001954, 53.556501], [10.002119, 53.556464], [10.00224, 53.556445], [10.0023, 53.556426], [10.002915, 53.556286], [10.003215, 53.556212], [10.003665, 53.556082], [10.003785, 53.556046], [10.003979, 53.555981], [10.004054, 53.555953], [10.00434, 53.555832]], [[10.000222, 53.556775], [10.000316, 53.556784], [10.000573, 53.556791], [10.00083, 53.556798], [10.001191, 53.556786], [10.001523, 53.556765], [10.001824, 53.556727], [10.00214, 53.556679], [10.002395, 53.556623], [10.00262, 53.556576], [10.002875, 53.556502], [10.003115, 53.556428], [10.003339, 53.556346], [10.003578, 53.556254], [10.003891, 53.556099], [10.004038, 53.556009]], [[10.004038, 53.556009], [10.003921, 53.556053], [10.003816, 53.556081], [10.003741, 53.556109], [10.003501, 53.556183], [10.003231, 53.556257], [10.003051, 53.556294], [10.002856, 53.55635], [10.002661, 53.556387], [10.002301, 53.556471], [10.002015, 53.556528], [10.00152, 53.556622], [10.001294, 53.556659], [10.001189, 53.556669], [10.000828, 53.556717], [10.000647, 53.556737], [10.000301, 53.556767], [10.000222, 53.556775]], [[10.004038, 53.556009], [10.004144, 53.555944], [10.004293, 53.555862], [10.00434, 53.555832]], [[10.005753, 53.555077], [10.005486, 53.555249], [10.005218, 53.555422], [10.005085, 53.555504], [10.004757, 53.555687], [10.004474, 53.555824], [10.004264, 53.555916], [10.004115, 53.55598], [10.004038, 53.556009]], [[10.00434, 53.555832], [10.004546, 53.555698], [10.004828, 53.555507], [10.004843, 53.555488], [10.005051, 53.555352], [10.005289, 53.555206], [10.005691, 53.554978], [10.005929, 53.55485], [10.00633, 53.554577]], [[10.00434, 53.555832], [10.004398, 53.555807], [10.004621, 53.555697], [10.004904, 53.555542], [10.005157, 53.555387], [10.005425, 53.555214], [10.005841, 53.55495], [10.005959, 53.554859], [10.00633, 53.554577]], [[10.006214, 53.554767], [10.00602, 53.554886], [10.005753, 53.555077]], [[10.006214, 53.554767], [10.006036, 53.554885], [10.005753, 53.555077]], [[10.006555, 53.554522], [10.006347, 53.554667], [10.006214, 53.554767]], [[10.00633, 53.554577], [10.006538, 53.554432], [10.006686, 53.554314], [10.006967, 53.554069], [10.007084, 53.553897], [10.00717, 53.553744], [10.007257, 53.553572], [10.007329, 53.553428], [10.007343, 53.553401], [10.007358, 53.553392], [10.007358, 53.553374], [10.007431, 53.553265], [10.007575, 53.553003], [10.00764, 53.552818], [10.007661, 53.552796], [10.007776, 53.552553], [10.007932, 53.55212], [10.008031, 53.551868], [10.008088, 53.551714], [10.008131, 53.551642], [10.008204, 53.551516], [10.008262, 53.551425], [10.00835, 53.551308], [10.008364, 53.551281], [10.008482, 53.551154], [10.008615, 53.551036], [10.008763, 53.550918], [10.008955, 53.550763], [10.009119, 53.550672], [10.009388, 53.550535], [10.00997, 53.550288], [10.010494, 53.550103], [10.010869, 53.550001], [10.011214, 53.549936], [10.011575, 53.54987], [10.011981, 53.549812]], [[10.00645, 53.63265], [10.006571, 53.632655], [10.006577, 53.632614], [10.006666, 53.631792], [10.006676, 53.631751], [10.006684, 53.631713], [10.006712, 53.631644], [10.006739, 53.631588], [10.006757, 53.63155], [10.006794, 53.631466], [10.006821, 53.631401], [10.006863, 53.631317], [10.00696, 53.631122], [10.007004, 53.631031], [10.007081, 53.630895], [10.007135, 53.630798], [10.007192, 53.630709], [10.00727, 53.630614], [10.007334, 53.630538], [10.007656, 53.630246], [10.00784, 53.630093], [10.00797, 53.629988], [10.008127, 53.62988], [10.008348, 53.629746], [10.00864, 53.629599], [10.008812, 53.629519], [10.009084, 53.629412], [10.009566, 53.629264], [10.009983, 53.629153], [10.010203, 53.629106], [10.010473, 53.629062], [10.010859, 53.629013], [10.011183, 53.628982], [10.011461, 53.628961], [10.011954, 53.628959], [10.012491, 53.628971], [10.013031, 53.629002], [10.018645, 53.629462], [10.020845, 53.629644], [10.022696, 53.629778], [10.023137, 53.629813], [10.023484, 53.629837], [10.023787, 53.629847], [10.02426, 53.629854], [10.025541, 53.629833], [10.0266, 53.629782], [10.028258, 53.629712], [10.02926, 53.629668], [10.02971, 53.629647], [10.03014, 53.629605], [10.030372, 53.629572], [10.030645, 53.629522], [10.030923, 53.629466], [10.031534, 53.629301], [10.031939, 53.629154], [10.032301, 53.628989], [10.032492, 53.628886], [10.032742, 53.628741], [10.032942, 53.628603], [10.03316, 53.628411], [10.033374, 53.628207], [10.033513, 53.628037], [10.033625, 53.62787], [10.033751, 53.627643], [10.033816, 53.627492], [10.033847, 53.627357], [10.033861, 53.627257], [10.033871, 53.627169], [10.033877, 53.626987], [10.033864, 53.626754], [10.03381, 53.62649], [10.033736, 53.626301], [10.03366, 53.626126], [10.03363, 53.626046]], [[10.006851, 53.554268], [10.006718, 53.554376], [10.006555, 53.554522]], [[10.033863, 53.626367], [10.033904, 53.626495], [10.033971, 53.626764], [10.033991, 53.626988], [10.033981, 53.627177], [10.033968, 53.627267], [10.03394, 53.627375], [10.033927, 53.627465], [10.033871, 53.627618], [10.033813, 53.627736], [10.033785, 53.627799], [10.033726, 53.627898], [10.033624, 53.628052], [10.033449, 53.628278], [10.033345, 53.628386], [10.033183, 53.628559], [10.032961, 53.628731], [10.032723, 53.628886], [10.032708, 53.628904], [10.03244, 53.62905], [10.0322, 53.62916], [10.032006, 53.629252], [10.031706, 53.629353], [10.031391, 53.629446], [10.030985, 53.629548], [10.030715, 53.629604], [10.030594, 53.629632], [10.030444, 53.629651], [10.030052, 53.629709], [10.029584, 53.62974], [10.028814, 53.629773], [10.027712, 53.629819], [10.025567, 53.6299], [10.024253, 53.62992], [10.023768, 53.629906], [10.022694, 53.629844], [10.018604, 53.629519], [10.012697, 53.62903], [10.012349, 53.629024], [10.011971, 53.629018], [10.011412, 53.629032], [10.011171, 53.629043], [10.010553, 53.62912], [10.010056, 53.629214], [10.009606, 53.629335], [10.00929, 53.629428], [10.009006, 53.629529], [10.008707, 53.629666], [10.008512, 53.629758], [10.008244, 53.629904], [10.008139, 53.629958], [10.008035, 53.630031], [10.007828, 53.630213], [10.00762, 53.630385], [10.007428, 53.630566], [10.007281, 53.630729], [10.007207, 53.630811], [10.007088, 53.630893], [10.007016, 53.631028], [10.006973, 53.631127], [10.006872, 53.631317], [10.006828, 53.631398], [10.0068, 53.63147], [10.006771, 53.631551], [10.006757, 53.631587], [10.006728, 53.631642], [10.0067, 53.631714], [10.006685, 53.63175], [10.006671, 53.631795], [10.006598, 53.632514]], [[10.010435, 53.550185], [10.010121, 53.550295], [10.009822, 53.550415], [10.009479, 53.550579], [10.009479, 53.550588], [10.009465, 53.550597], [10.009182, 53.55078], [10.009004, 53.550907], [10.008856, 53.551043], [10.008783, 53.551115], [10.008694, 53.551206], [10.00868, 53.551224], [10.008445, 53.551523], [10.008301, 53.551802], [10.008229, 53.551956], [10.008158, 53.552127], [10.00813, 53.552217], [10.008116, 53.552271], [10.008046, 53.552487], [10.00799, 53.552659], [10.007925, 53.552754], [10.007832, 53.553001], [10.00776, 53.553146], [10.00776, 53.553164], [10.007731, 53.553191], [10.007673, 53.553308], [10.0076, 53.553426], [10.007469, 53.553597], [10.007396, 53.553697], [10.007264, 53.553851], [10.007131, 53.554005], [10.006851, 53.554268]], [[10.010435, 53.550185], [10.010062, 53.550332], [10.009883, 53.550414], [10.009734, 53.550496], [10.00957, 53.550588], [10.00954, 53.550597], [10.00917, 53.550887], [10.009067, 53.550996], [10.008934, 53.551123], [10.008919, 53.55115], [10.008801, 53.551268], [10.008802, 53.551277], [10.008684, 53.551395], [10.008597, 53.551539], [10.008539, 53.551657], [10.008453, 53.551828], [10.008411, 53.55199], [10.008355, 53.552143], [10.008327, 53.552242], [10.008313, 53.552296], [10.008258, 53.552504], [10.008201, 53.552666], [10.0081, 53.552859], [10.008043, 53.553017], [10.007956, 53.553162], [10.007942, 53.553198], [10.007855, 53.553334], [10.007781, 53.553415], [10.007678, 53.553533], [10.007428, 53.553777], [10.007132, 53.554031], [10.006851, 53.554268]], [[10.011981, 53.549812], [10.011515, 53.549897], [10.010885, 53.550046], [10.010435, 53.550185]], [[10.031674, 53.620602], [10.031606, 53.620297], [10.031556, 53.620117], [10.031457, 53.61975], [10.031439, 53.619633], [10.031423, 53.619588], [10.0314, 53.619265], [10.031111, 53.618594], [10.031111, 53.618567], [10.031079, 53.618522], [10.03073, 53.617851], [10.03046, 53.617288], [10.030443, 53.617216], [10.030314, 53.616902], [10.030201, 53.616607], [10.03005, 53.615979], [10.030014, 53.615737], [10.030062, 53.615206], [10.030173, 53.614801], [10.030273, 53.614576], [10.03033, 53.614449], [10.030388, 53.614341], [10.030676, 53.613754], [10.030834, 53.61343], [10.031117, 53.612636], [10.031341, 53.611916], [10.031649, 53.610907], [10.031663, 53.610871], [10.031662, 53.610835], [10.031928, 53.609961], [10.032167, 53.609213], [10.032375, 53.608474], [10.032484, 53.607961], [10.032483, 53.607934], [10.032523, 53.607718], [10.032719, 53.60707], [10.032871, 53.606502], [10.032995, 53.606016], [10.033009, 53.605971], [10.033037, 53.605854], [10.033246, 53.605142], [10.033245, 53.605106], [10.033427, 53.604503], [10.0339, 53.602836], [10.034469, 53.600783], [10.034623, 53.600278], [10.034818, 53.599603], [10.035013, 53.598945], [10.035236, 53.598197], [10.035335, 53.5979], [10.035404, 53.597657], [10.035419, 53.597657], [10.03546, 53.597459], [10.035515, 53.597251], [10.035571, 53.597062], [10.035811, 53.596377], [10.036078, 53.595548], [10.036163, 53.595323], [10.036727, 53.593692], [10.036755, 53.593611], [10.036782, 53.593485], [10.036824, 53.59334], [10.03685, 53.593169], [10.036862, 53.593053], [10.036874, 53.592891], [10.036916, 53.592163], [10.036913, 53.592046], [10.036927, 53.59201], [10.036925, 53.591929], [10.036936, 53.591749], [10.036962, 53.591587], [10.037017, 53.591353], [10.037072, 53.591128], [10.037242, 53.59065], [10.03737, 53.590353], [10.037427, 53.590217], [10.037718, 53.589748], [10.037894, 53.58953], [10.038012, 53.589413], [10.038145, 53.589295], [10.038441, 53.58904], [10.038812, 53.588804], [10.03917, 53.588612], [10.039738, 53.588373], [10.040038, 53.588281], [10.040247, 53.588207], [10.040818, 53.588076], [10.041539, 53.587935], [10.041855, 53.587879], [10.04193, 53.58786], [10.043028, 53.587662], [10.043073, 53.587661], [10.043103, 53.587652], [10.043479, 53.587586], [10.04387, 53.58751], [10.044321, 53.587435], [10.044456, 53.587407], [10.045058, 53.587303], [10.045839, 53.587161], [10.046035, 53.587123], [10.04614, 53.587104], [10.046591, 53.58702], [10.046756, 53.586982], [10.046951, 53.586927], [10.047146, 53.586871], [10.047326, 53.586806], [10.047505, 53.586742], [10.04764, 53.586687], [10.047908, 53.586559], [10.048102, 53.586449], [10.048414, 53.586258], [10.048771, 53.586021], [10.04883, 53.585976], [10.049574, 53.58552], [10.049916, 53.585301], [10.050005, 53.585246], [10.050808, 53.584736], [10.051016, 53.5846], [10.051358, 53.584381], [10.051744, 53.584144], [10.052354, 53.583752], [10.052755, 53.583488], [10.053201, 53.583188], [10.053497, 53.582978], [10.05431, 53.582279], [10.054531, 53.582053], [10.054708, 53.581862], [10.054943, 53.5816], [10.054957, 53.581573], [10.055089, 53.581401], [10.055991, 53.580063], [10.056284, 53.579674], [10.056371, 53.579539], [10.056705, 53.579014], [10.056936, 53.578581], [10.057094, 53.578238], [10.057162, 53.577977], [10.057176, 53.577923], [10.057176, 53.577914], [10.057258, 53.577563], [10.057279, 53.577212], [10.057296, 53.576691], [10.057322, 53.576502], [10.057307, 53.576502], [10.05733, 53.576232], [10.057342, 53.576115], [10.057342, 53.576088], [10.057341, 53.576062], [10.057394, 53.575747], [10.057457, 53.575279], [10.057496, 53.575018], [10.057535, 53.574757], [10.057576, 53.574604], [10.057633, 53.574451], [10.057776, 53.574117], [10.05789, 53.573873], [10.058034, 53.573584], [10.05891, 53.571798], [10.058967, 53.571662], [10.059284, 53.571039], [10.059499, 53.570579], [10.059556, 53.570471], [10.059755, 53.569966], [10.059885, 53.56974], [10.0599, 53.56974], [10.059929, 53.569659], [10.060349, 53.568963], [10.06061, 53.568539], [10.060668, 53.56843], [10.060724, 53.56825], [10.060737, 53.568205], [10.060752, 53.56816], [10.060765, 53.568097], [10.060764, 53.568061], [10.060789, 53.567863], [10.060785, 53.567675], [10.060749, 53.567441], [10.060651, 53.567164], [10.06054, 53.566931], [10.060305, 53.566601], [10.060212, 53.566503], [10.060165, 53.566449], [10.059996, 53.566307], [10.059826, 53.566165], [10.059718, 53.566085], [10.059381, 53.565872], [10.059045, 53.565704], [10.058678, 53.565537], [10.058313, 53.565396], [10.057963, 53.565282], [10.05778, 53.56523], [10.057613, 53.565178], [10.057294, 53.5651], [10.056808, 53.564987], [10.056565, 53.564935], [10.055366, 53.564676], [10.055336, 53.564668], [10.054638, 53.564503], [10.053939, 53.564339], [10.053332, 53.564191], [10.052284, 53.563949], [10.051905, 53.56388], [10.051708, 53.563846], [10.051466, 53.563821], [10.050967, 53.563781], [10.047067, 53.563536], [10.046568, 53.563487], [10.045948, 53.563429], [10.045584, 53.563379], [10.045569, 53.563379], [10.044721, 53.56326], [10.043948, 53.563132], [10.043432, 53.563029], [10.043007, 53.562934], [10.042567, 53.56283], [10.042233, 53.562743], [10.041214, 53.562437], [10.039982, 53.562026], [10.039738, 53.561947], [10.03919, 53.561754], [10.037926, 53.561262], [10.037911, 53.561271], [10.037834, 53.561227], [10.037666, 53.561156], [10.037072, 53.560919], [10.037026, 53.560892], [10.036293, 53.560548], [10.035821, 53.560355], [10.034343, 53.559783], [10.033291, 53.55937], [10.031051, 53.558482], [10.030274, 53.558183], [10.028812, 53.557603], [10.027897, 53.557224], [10.027363, 53.556977], [10.027133, 53.556836], [10.026872, 53.556658], [10.026579, 53.556391], [10.02644, 53.556248], [10.026378, 53.556177], [10.0263, 53.556079], [10.02616, 53.5559], [10.025972, 53.555623], [10.025844, 53.555337], [10.02578, 53.555167], [10.025715, 53.554979], [10.025648, 53.554719], [10.025632, 53.554683], [10.025616, 53.554629], [10.025532, 53.554279], [10.025452, 53.554073], [10.025341, 53.553859], [10.02534, 53.55385], [10.025324, 53.553805], [10.025215, 53.553653], [10.025106, 53.553492], [10.024997, 53.553359], [10.024873, 53.553234], [10.024765, 53.553118], [10.024657, 53.553038], [10.024642, 53.55302], [10.024627, 53.553047], [10.024472, 53.552896], [10.02438, 53.552825], [10.024273, 53.552763], [10.02412, 53.552665], [10.023982, 53.552586], [10.023906, 53.55255], [10.023707, 53.552444], [10.023356, 53.552294], [10.02299, 53.552127], [10.022777, 53.55203], [10.022746, 53.552012], [10.021573, 53.551537], [10.020979, 53.551317], [10.020736, 53.551247], [10.020493, 53.551169], [10.020386, 53.551143], [10.020174, 53.551091], [10.020159, 53.551091], [10.020098, 53.551073], [10.019719, 53.550978], [10.019369, 53.550891], [10.019035, 53.550795], [10.018579, 53.550655], [10.018488, 53.550638], [10.017304, 53.550315], [10.017182, 53.550289], [10.016878, 53.550202], [10.016742, 53.550158], [10.01615, 53.550011], [10.015816, 53.549942], [10.015195, 53.54983], [10.014983, 53.549796], [10.014922, 53.549787], [10.014468, 53.549728], [10.01406, 53.549714], [10.013849, 53.549698], [10.013577, 53.549691], [10.013155, 53.549704], [10.013019, 53.549714], [10.012763, 53.549734], [10.012673, 53.549744], [10.012553, 53.549754], [10.012372, 53.549764], [10.011981, 53.549812]], [[10.032602, 53.623927], [10.032302, 53.623418], [10.03227, 53.623355], [10.032144, 53.623131], [10.032062, 53.622863], [10.031994, 53.622576], [10.031953, 53.622109], [10.031959, 53.62174], [10.031942, 53.62166], [10.031906, 53.621444], [10.031774, 53.62096], [10.031773, 53.620951], [10.031723, 53.620763], [10.031674, 53.620602]], [[10.03281, 53.624362], [10.032624, 53.624024], [10.032619, 53.624016], [10.032282, 53.62343], [10.032242, 53.623361], [10.032134, 53.623134], [10.032043, 53.622861], [10.031983, 53.622574], [10.031941, 53.622111], [10.031949, 53.621744], [10.031932, 53.621657], [10.031889, 53.621445], [10.03176, 53.620958], [10.031759, 53.620949], [10.031712, 53.620766], [10.031674, 53.620602]], [[10.03279, 53.624313], [10.032744, 53.624195], [10.032602, 53.623927]], [[10.032602, 53.623927], [10.032602, 53.623963], [10.03279, 53.624313]], [[10.03279, 53.624313], [10.032824, 53.624375], [10.032887, 53.624491], [10.032982, 53.624652], [10.033013, 53.624696], [10.033186, 53.624956], [10.033281, 53.625116], [10.033345, 53.625269], [10.033424, 53.625412], [10.033519, 53.625591], [10.033551, 53.625671], [10.033647, 53.625868], [10.033695, 53.625984], [10.033759, 53.626119], [10.03379, 53.62619], [10.033838, 53.626289], [10.033863, 53.626367]], [[10.03281, 53.624362], [10.03279, 53.624313]], [[10.03363, 53.626046], [10.033613, 53.626002], [10.033572, 53.625871], [10.033507, 53.625692], [10.033409, 53.625415], [10.033339, 53.62527], [10.033263, 53.625118], [10.033175, 53.624957], [10.033003, 53.624696], [10.032971, 53.62465], [10.032875, 53.624494], [10.032817, 53.624375], [10.03281, 53.624362]], [[10.03363, 53.626046], [10.033401, 53.625717], [10.033355, 53.625673], [10.033228, 53.625422], [10.03281, 53.624362]], [[10.033863, 53.626367], [10.033761, 53.626235], [10.03363, 53.626046]], [[10.093833, 53.652073], [10.093786, 53.652002], [10.093738, 53.651912], [10.093612, 53.651716], [10.093533, 53.651591], [10.093485, 53.651492], [10.093389, 53.651296], [10.093373, 53.65126], [10.093324, 53.651107], [10.093275, 53.650982], [10.093164, 53.65075], [10.093115, 53.650624], [10.093051, 53.650508], [10.092988, 53.650383], [10.092909, 53.650258], [10.092735, 53.649981], [10.092688, 53.6499], [10.092593, 53.649748], [10.092546, 53.649695], [10.092184, 53.649114], [10.092136, 53.649025], [10.091664, 53.648319], [10.091286, 53.64773], [10.090715, 53.646693], [10.090371, 53.646282], [10.090029, 53.645917], [10.090014, 53.645899], [10.089765, 53.645659], [10.089487, 53.645419], [10.088607, 53.644708], [10.088099, 53.644362], [10.088022, 53.644318], [10.087561, 53.644026], [10.087054, 53.643734], [10.086502, 53.643406], [10.086394, 53.643344], [10.085366, 53.642761], [10.08489, 53.642495], [10.084109, 53.642089], [10.083465, 53.641736], [10.083005, 53.641479], [10.082836, 53.641391], [10.082606, 53.641258], [10.082299, 53.641081], [10.081961, 53.640869], [10.081024, 53.640311], [10.079704, 53.639559], [10.078277, 53.638709], [10.078108, 53.638639], [10.077787, 53.638471], [10.077465, 53.638303], [10.077174, 53.638171], [10.076318, 53.637784], [10.075524, 53.637494], [10.074518, 53.637162], [10.073498, 53.636883], [10.070608, 53.636209], [10.068328, 53.635708], [10.068206, 53.635682], [10.067674, 53.635561], [10.067552, 53.635544], [10.067552, 53.635535], [10.066837, 53.635362], [10.066381, 53.63524], [10.066335, 53.635231], [10.066076, 53.635162], [10.065893, 53.63511], [10.065574, 53.635031], [10.061468, 53.634071], [10.060631, 53.633871], [10.058183, 53.633309], [10.057925, 53.633257], [10.055084, 53.632689], [10.05481, 53.632638], [10.054704, 53.632621], [10.054081, 53.632501], [10.05399, 53.632474], [10.05399, 53.632483], [10.053625, 53.632397], [10.052987, 53.63225], [10.0525, 53.632128], [10.051831, 53.631972], [10.04788, 53.631144], [10.047059, 53.630972], [10.046831, 53.630929], [10.04086, 53.629678], [10.03934, 53.629359], [10.038641, 53.629212], [10.038428, 53.629151], [10.038215, 53.629099], [10.037789, 53.628968], [10.037499, 53.628872], [10.037102, 53.628713], [10.036705, 53.628537], [10.036184, 53.628263], [10.035571, 53.6279], [10.035463, 53.627829], [10.035232, 53.62766], [10.035048, 53.627527], [10.034878, 53.627394], [10.034754, 53.627287], [10.034507, 53.627047], [10.034445, 53.627002], [10.034073, 53.62661], [10.033996, 53.626539], [10.033863, 53.626367]]]}, "properties": {"linie": "S1", "farbe": "#00933B"}}, {"type": "Feature", "geometry": {"type": "MultiLineString", "coordinates": [[[9.943686, 53.562919], [9.942961, 53.563028], [9.94263, 53.563076], [9.942314, 53.563123], [9.941953, 53.563162], [9.941667, 53.563191], [9.941486, 53.563202], [9.94132, 53.563212], [9.940973, 53.563233], [9.940626, 53.563253], [9.94034, 53.563282], [9.940069, 53.563312], [9.939753, 53.563359], [9.939498, 53.563406], [9.939033, 53.563517], [9.938883, 53.563564], [9.938688, 53.563628], [9.938538, 53.563674], [9.938209, 53.563802], [9.937745, 53.563995], [9.937446, 53.564132], [9.937133, 53.564278], [9.936565, 53.56457], [9.936, 53.564925], [9.935792, 53.565088], [9.935466, 53.56536], [9.935216, 53.565641], [9.934996, 53.56593], [9.934836, 53.566228], [9.934707, 53.566516], [9.934651, 53.566715], [9.934595, 53.566949], [9.934497, 53.567264], [9.934339, 53.567616], [9.934223, 53.567841], [9.934137, 53.568075], [9.934084, 53.568399], [9.93407, 53.568444], [9.934007, 53.569002], [9.933921, 53.56991], [9.933868, 53.570225], [9.933829, 53.570504], [9.933702, 53.570945], [9.933413, 53.571486], [9.93318, 53.571911], [9.932861, 53.572506], [9.932557, 53.573066], [9.932456, 53.573282], [9.932327, 53.573589], [9.932243, 53.573922], [9.932201, 53.574066], [9.932113, 53.574875], [9.932025, 53.575666], [9.931986, 53.575963], [9.931921, 53.576449], [9.931841, 53.576917], [9.931689, 53.577538], [9.931549, 53.578051], [9.931451, 53.578376], [9.931423, 53.578493], [9.931309, 53.578808], [9.931138, 53.57925], [9.931052, 53.579475], [9.930994, 53.579601], [9.930951, 53.579691], [9.93085, 53.579881], [9.93088, 53.57989], [9.930835, 53.579926], [9.930734, 53.580124], [9.930676, 53.580224], [9.930501, 53.58053], [9.930443, 53.58063], [9.930123, 53.581162], [9.929859, 53.581533], [9.929478, 53.58203], [9.928963, 53.582672], [9.928329, 53.583342], [9.927871, 53.583804], [9.92753, 53.584112], [9.927278, 53.584329], [9.926952, 53.584619], [9.926314, 53.585145], [9.925661, 53.585645], [9.924813, 53.586244], [9.924039, 53.586745], [9.923413, 53.587127], [9.922891, 53.587436], [9.922548, 53.587628], [9.921802, 53.58802], [9.921025, 53.588421], [9.920622, 53.588631], [9.919905, 53.588996], [9.919666, 53.589114], [9.919561, 53.589169], [9.919278, 53.589324], [9.918964, 53.589488], [9.918474, 53.589779], [9.918487, 53.589779], [9.918472, 53.58978], [9.918204, 53.589943], [9.91807, 53.590016], [9.917727, 53.590226], [9.917443, 53.590389], [9.917324, 53.590462], [9.917115, 53.59059], [9.916996, 53.590662], [9.91631, 53.591054], [9.91531, 53.591583], [9.914668, 53.591929], [9.914145, 53.592203], [9.913443, 53.592585], [9.912593, 53.593059], [9.911741, 53.593506], [9.911517, 53.593616], [9.910008, 53.594382], [9.909635, 53.594564], [9.909082, 53.594856], [9.908738, 53.595038], [9.907394, 53.595741], [9.906677, 53.596114], [9.906438, 53.596233], [9.906423, 53.596233], [9.906214, 53.596342], [9.906005, 53.596443], [9.905645, 53.596598], [9.904912, 53.596909], [9.904269, 53.597229], [9.903508, 53.597648], [9.903404, 53.597712], [9.902538, 53.598185], [9.901836, 53.598568], [9.901088, 53.598933], [9.900281, 53.599307], [9.900206, 53.599344], [9.899577, 53.599627], [9.898784, 53.599984], [9.898171, 53.600285], [9.897185, 53.600786], [9.897081, 53.600841], [9.896513, 53.601133], [9.89587, 53.601479], [9.895572, 53.601634], [9.895437, 53.601707], [9.894839, 53.602017], [9.894586, 53.602154], [9.894077, 53.602409], [9.894003, 53.602454], [9.893539, 53.602692], [9.893555, 53.602709]], [[9.934625, 53.551853], [9.934625, 53.551871], [9.934512, 53.552213], [9.934483, 53.552285], [9.93447, 53.552348], [9.934456, 53.55242], [9.934443, 53.552501], [9.934444, 53.552555], [9.934445, 53.5526], [9.934455, 53.553058], [9.934447, 53.5534], [9.934449, 53.553454], [9.934451, 53.553571], [9.93447, 53.553732], [9.934486, 53.553786], [9.934521, 53.553974], [9.934556, 53.554208], [9.934558, 53.554289], [9.934559, 53.554334], [9.934576, 53.55445], [9.934577, 53.554486], [9.934594, 53.554558], [9.934644, 53.554782]], [[9.934644, 53.554782], [9.934649, 53.555007], [9.934674, 53.555465], [9.934663, 53.555636], [9.934651, 53.555788], [9.934596, 53.55604], [9.934511, 53.556266], [9.934337, 53.556591], [9.934294, 53.556681], [9.934149, 53.556969], [9.934003, 53.557186], [9.933799, 53.557511], [9.933431, 53.557945], [9.933023, 53.558605], [9.932862, 53.558822], [9.93273, 53.55902], [9.93263, 53.559237], [9.932528, 53.559426], [9.932457, 53.559615], [9.932387, 53.559894], [9.932379, 53.560191], [9.932399, 53.560407], [9.932464, 53.560649], [9.932561, 53.560908], [9.932717, 53.561159], [9.932904, 53.561409], [9.933119, 53.561614], [9.933365, 53.561819], [9.933702, 53.562041], [9.934069, 53.562244], [9.934481, 53.562421], [9.934937, 53.56257], [9.935271, 53.562666], [9.935605, 53.562754], [9.935923, 53.562814], [9.936256, 53.562874], [9.936589, 53.562917], [9.937134, 53.562966], [9.937754, 53.563015], [9.939038, 53.563095], [9.939597, 53.563127], [9.940186, 53.563149], [9.94073, 53.563145], [9.941318, 53.563122], [9.941664, 53.563092], [9.94183, 53.563082], [9.942026, 53.563063], [9.942929, 53.562975], [9.943686, 53.562919]], [[9.934644, 53.554782], [9.934618, 53.55427], [9.934616, 53.554198], [9.934587, 53.553561], [9.934584, 53.553435], [9.934582, 53.553345], [9.934561, 53.553067], [9.934505, 53.5526], [9.934519, 53.552537], [9.934518, 53.552501], [9.934517, 53.552447], [9.934531, 53.552393], [9.93453, 53.552339], [9.934544, 53.552285], [9.934572, 53.552222], [9.934679, 53.551879]], [[9.948134, 53.562197], [9.947803, 53.562262], [9.947458, 53.562328], [9.946796, 53.562441], [9.946345, 53.562516], [9.945999, 53.562564], [9.945894, 53.562583], [9.945443, 53.562649], [9.94436, 53.56282], [9.944239, 53.562829], [9.943908, 53.562886], [9.943686, 53.562919]], [[9.943686, 53.562919], [9.944301, 53.562874], [9.944857, 53.562807], [9.945414, 53.562712], [9.946016, 53.562627], [9.946482, 53.562551], [9.946843, 53.562485], [9.947158, 53.56242], [9.947864, 53.562253], [9.948134, 53.562197]], [[9.999442, 53.556828], [9.998915, 53.556868], [9.998704, 53.556888], [9.998463, 53.556917], [9.998283, 53.556945], [9.998102, 53.556974], [9.997892, 53.557029], [9.997622, 53.557094], [9.997307, 53.557169], [9.997052, 53.557243], [9.996782, 53.557308], [9.995868, 53.557558], [9.995118, 53.557762], [9.994863, 53.557827], [9.994593, 53.557901], [9.994413, 53.557957], [9.994368, 53.557975], [9.994264, 53.558012], [9.994129, 53.558067], [9.99389, 53.558159], [9.9938, 53.558205], [9.993681, 53.558251], [9.993561, 53.558305], [9.993397, 53.558388], [9.992323, 53.558918], [9.992189, 53.558982], [9.991935, 53.559119], [9.991697, 53.559246], [9.991444, 53.559401], [9.991177, 53.55961], [9.991059, 53.559719], [9.990941, 53.559837], [9.990735, 53.560072], [9.990662, 53.560162], [9.990337, 53.560489], [9.990263, 53.560543], [9.990219, 53.560579], [9.99016, 53.560634], [9.989745, 53.560961], [9.989434, 53.561206], [9.989374, 53.561251], [9.989345, 53.561279], [9.989271, 53.561342], [9.989226, 53.561378], [9.989182, 53.561406], [9.989108, 53.561469], [9.988989, 53.561551], [9.98887, 53.561633], [9.988736, 53.561715], [9.988587, 53.561797], [9.988274, 53.561961], [9.987812, 53.562208], [9.987588, 53.562326], [9.986231, 53.563038], [9.985859, 53.563239], [9.985605, 53.563358], [9.985217, 53.56355], [9.984753, 53.563716], [9.984348, 53.563818], [9.984048, 53.563883], [9.983401, 53.563978], [9.982933, 53.564], [9.980247, 53.564013], [9.978179, 53.564012], [9.976685, 53.564006], [9.97504, 53.563993], [9.973696, 53.563959], [9.973575, 53.563951], [9.973258, 53.563944], [9.973227, 53.563945], [9.972427, 53.563906], [9.971732, 53.563876], [9.971067, 53.563854], [9.970312, 53.563852], [9.969664, 53.563875], [9.969558, 53.563876], [9.968985, 53.563907], [9.968895, 53.563908], [9.968729, 53.563918], [9.968593, 53.56391], [9.968487, 53.563911], [9.967868, 53.563898], [9.967022, 53.563869], [9.966992, 53.563861], [9.966418, 53.563838], [9.966146, 53.563831], [9.965889, 53.563816], [9.965723, 53.563808], [9.965663, 53.563799], [9.965224, 53.563767], [9.965133, 53.563759], [9.964906, 53.563734], [9.964181, 53.563677], [9.963228, 53.563621], [9.962821, 53.563607], [9.962413, 53.563583], [9.962004, 53.563541], [9.96161, 53.563455], [9.960926, 53.563245], [9.96047, 53.563095], [9.959952, 53.562911], [9.95945, 53.562708], [9.95849, 53.56233], [9.958185, 53.562188], [9.957988, 53.562118], [9.957546, 53.561951], [9.956968, 53.561749], [9.956694, 53.56167], [9.956391, 53.561592], [9.956088, 53.561531], [9.954483, 53.561301], [9.954422, 53.561293], [9.954165, 53.561259], [9.95359, 53.56121], [9.953077, 53.561205], [9.952896, 53.561215], [9.952565, 53.561254], [9.952204, 53.561302], [9.951948, 53.561349], [9.951708, 53.561395], [9.951528, 53.561424], [9.951062, 53.561526], [9.950942, 53.561554], [9.950056, 53.561759], [9.950011, 53.561768], [9.949951, 53.561787], [9.949591, 53.561871], [9.949155, 53.561964], [9.94908, 53.561982], [9.94899, 53.562001], [9.948795, 53.562048], [9.948765, 53.562048], [9.948269, 53.56216], [9.948134, 53.562197]], [[9.999442, 53.556828], [9.999834, 53.556797], [10.000586, 53.556701], [10.000631, 53.556701], [10.000812, 53.556681], [10.001113, 53.556643], [10.001218, 53.556624], [10.001443, 53.556595], [10.001954, 53.556501], [10.002119, 53.556464], [10.00224, 53.556445], [10.0023, 53.556426], [10.002915, 53.556286], [10.003215, 53.556212], [10.003665, 53.556082], [10.003785, 53.556046], [10.003979, 53.555981], [10.004054, 53.555953], [10.004398, 53.555807], [10.004621, 53.555697], [10.004904, 53.555542], [10.005157, 53.555387], [10.005425, 53.555214], [10.005841, 53.55495], [10.005959, 53.554859], [10.00633, 53.554577], [10.006538, 53.554432], [10.006686, 53.554314], [10.006967, 53.554069], [10.007084, 53.553897], [10.00717, 53.553744], [10.007257, 53.553572], [10.007329, 53.553428], [10.007343, 53.553401], [10.007358, 53.553392], [10.007358, 53.553374], [10.007431, 53.553265], [10.007575, 53.553003], [10.00764, 53.552818], [10.007661, 53.552796], [10.007776, 53.552553], [10.007932, 53.55212], [10.008031, 53.551868], [10.008088, 53.551714], [10.008131, 53.551642], [10.008204, 53.551516], [10.008262, 53.551425], [10.00835, 53.551308], [10.008364, 53.551281], [10.008482, 53.551154], [10.008615, 53.551036], [10.008763, 53.550918], [10.008955, 53.550763], [10.009119, 53.550672], [10.009388, 53.550535], [10.00997, 53.550288], [10.010494, 53.550103], [10.010869, 53.550001], [10.011214, 53.549936], [10.011575, 53.54987], [10.011981, 53.549812]], [[10.005753, 53.555077], [10.005486, 53.555249], [10.005218, 53.555422], [10.005085, 53.555504], [10.004757, 53.555687], [10.004474, 53.555824], [10.004264, 53.555916], [10.004115, 53.55598], [10.003921, 53.556053], [10.003816, 53.556081], [10.003741, 53.556109], [10.003501, 53.556183], [10.003231, 53.556257], [10.003051, 53.556294], [10.002856, 53.55635], [10.002661, 53.556387], [10.002301, 53.556471], [10.002015, 53.556528], [10.00152, 53.556622], [10.001294, 53.556659], [10.001189, 53.556669], [10.000828, 53.556717], [10.000647, 53.556737], [10.000301, 53.556767], [10.000015, 53.556796], [9.999442, 53.556828]], [[10.006214, 53.554767], [10.00602, 53.554886], [10.005753, 53.555077]], [[10.006214, 53.554767], [10.006036, 53.554885], [10.005753, 53.555077]], [[10.006851, 53.554268], [10.006718, 53.554376], [10.006555, 53.554522], [10.006347, 53.554667], [10.006214, 53.554767]], [[10.011981, 53.549812], [10.011515, 53.549897], [10.010885, 53.550046], [10.010435, 53.550185], [10.010121, 53.550295], [10.009822, 53.550415], [10.009479, 53.550579], [10.009479, 53.550588], [10.009465, 53.550597], [10.009182, 53.55078], [10.009004, 53.550907], [10.008856, 53.551043], [10.008783, 53.551115], [10.008694, 53.551206], [10.00868, 53.551224], [10.008445, 53.551523], [10.008301, 53.551802], [10.008229, 53.551956], [10.008158, 53.552127], [10.00813, 53.552217], [10.008116, 53.552271], [10.008046, 53.552487], [10.00799, 53.552659], [10.007925, 53.552754], [10.007832, 53.553001], [10.00776, 53.553146], [10.00776, 53.553164], [10.007731, 53.553191], [10.007673, 53.553308], [10.0076, 53.553426], [10.007469, 53.553597], [10.007396, 53.553697], [10.007264, 53.553851], [10.007131, 53.554005], [10.006851, 53.554268]], [[10.022947, 53.552208], [10.022703, 53.55212], [10.022398, 53.551988], [10.021498, 53.551573], [10.021193, 53.55145], [10.020859, 53.551336], [10.020433, 53.551214], [10.020342, 53.551188], [10.020145, 53.551136], [10.020114, 53.551127], [10.020054, 53.55111], [10.019705, 53.551023], [10.018308, 53.550693], [10.017337, 53.55045], [10.017216, 53.550424], [10.017094, 53.550398], [10.016791, 53.55032], [10.016639, 53.550285], [10.016047, 53.550155], [10.015168, 53.549965], [10.014789, 53.549896], [10.014426, 53.549846], [10.014123, 53.549812], [10.013821, 53.549788], [10.013338, 53.549774], [10.013232, 53.549775], [10.013006, 53.549777], [10.012734, 53.549779], [10.012704, 53.549779], [10.012538, 53.54979], [10.012403, 53.5498], [10.012373, 53.549809], [10.012027, 53.549848], [10.011531, 53.549942], [10.011231, 53.549998], [10.010676, 53.550156], [10.010332, 53.550285], [10.010048, 53.550404], [10.009899, 53.550477], [10.009661, 53.550596], [10.009631, 53.550614], [10.009616, 53.550623], [10.009096, 53.55096], [10.008934, 53.551123], [10.008904, 53.55115], [10.008786, 53.551268], [10.008787, 53.551277], [10.008669, 53.551395], [10.008582, 53.551539], [10.008524, 53.551657], [10.008453, 53.551828], [10.008396, 53.551981], [10.008339, 53.552143], [10.008312, 53.552242], [10.008298, 53.552296], [10.008242, 53.552504], [10.008186, 53.552666], [10.0081, 53.552859], [10.008043, 53.553017], [10.007956, 53.553162], [10.007942, 53.553198], [10.007855, 53.553334], [10.007781, 53.553415], [10.007678, 53.553533], [10.007428, 53.553777], [10.007132, 53.554031], [10.006851, 53.554268]], [[10.022947, 53.552208], [10.022718, 53.55212], [10.022414, 53.551988], [10.021513, 53.551573], [10.021209, 53.55145], [10.020782, 53.551292], [10.020478, 53.551187], [10.020387, 53.551161], [10.020174, 53.551091], [10.020159, 53.551091], [10.020098, 53.551073], [10.019719, 53.550978], [10.019369, 53.550891], [10.019035, 53.550795], [10.018579, 53.550655], [10.018488, 53.550638], [10.017304, 53.550315], [10.017182, 53.550289], [10.016878, 53.550202], [10.016742, 53.550158], [10.01615, 53.550011], [10.015816, 53.549942], [10.015195, 53.54983], [10.014983, 53.549796], [10.014922, 53.549787], [10.014468, 53.549728], [10.01406, 53.549714], [10.013849, 53.549698], [10.013577, 53.549691], [10.013155, 53.549704], [10.013019, 53.549714], [10.012763, 53.549734], [10.012673, 53.549744], [10.012553, 53.549754], [10.012372, 53.549764], [10.011981, 53.549812]], [[10.02319, 53.552287], [10.023053, 53.552243], [10.022947, 53.552208]], [[10.02319, 53.552287], [10.023038, 53.552243], [10.022947, 53.552208]], [[10.024858, 53.552623], [10.024586, 53.552589], [10.023995, 53.552496], [10.023692, 53.552426], [10.023464, 53.552365], [10.02319, 53.552287]], [[10.024858, 53.552623], [10.024858, 53.552632], [10.024571, 53.552589], [10.02398, 53.552496], [10.023677, 53.552426], [10.023449, 53.552365], [10.02319, 53.552287]], [[10.31461, 53.530046], [10.314489, 53.530029], [10.313944, 53.52999], [10.313748, 53.529974], [10.313581, 53.529958], [10.313248, 53.529917], [10.312961, 53.529884], [10.312431, 53.529809], [10.312385, 53.529809], [10.311719, 53.529727], [10.310963, 53.529645], [10.310645, 53.529622], [10.310373, 53.529598], [10.310222, 53.529582], [10.310176, 53.529573], [10.309223, 53.529467], [10.308814, 53.529417], [10.30836, 53.529368], [10.307225, 53.529228], [10.307149, 53.52922], [10.3058, 53.52901], [10.303951, 53.528707], [10.302646, 53.528451], [10.302555, 53.528434], [10.301219, 53.528143], [10.300946, 53.528084], [10.2992, 53.527689], [10.298972, 53.527638], [10.298592, 53.527543], [10.298045, 53.527405], [10.297984, 53.527397], [10.296571, 53.527053], [10.294095, 53.526451], [10.293655, 53.526348], [10.293502, 53.526304], [10.29253, 53.526072], [10.29054, 53.525572], [10.28861, 53.525099], [10.287896, 53.524927], [10.287698, 53.524875], [10.287562, 53.524841], [10.286984, 53.524694], [10.286087, 53.524434], [10.285539, 53.524261], [10.284898, 53.524025], [10.284334, 53.523815], [10.283678, 53.52358], [10.282945, 53.523282], [10.281539, 53.52265], [10.280697, 53.522219], [10.279839, 53.521788], [10.279517, 53.521612], [10.279073, 53.521374], [10.278996, 53.52133], [10.278536, 53.521065], [10.278198, 53.520844], [10.278028, 53.520729], [10.277889, 53.520623], [10.277781, 53.520543], [10.277334, 53.520197], [10.277287, 53.520153], [10.277117, 53.520002], [10.27659, 53.519531], [10.27614, 53.519114], [10.275504, 53.518518], [10.273185, 53.516108], [10.273046, 53.515984], [10.272828, 53.51577], [10.272472, 53.515451], [10.271453, 53.514662], [10.271422, 53.514635], [10.271083, 53.51436], [10.270759, 53.514139], [10.270283, 53.513821], [10.270021, 53.513653], [10.269591, 53.513397], [10.268917, 53.513026], [10.268212, 53.512657], [10.267141, 53.512129], [10.266881, 53.511997], [10.26633, 53.511724], [10.265735, 53.511479], [10.264974, 53.511226], [10.264471, 53.511052], [10.264273, 53.510991], [10.26336, 53.510704], [10.262068, 53.510331], [10.26178, 53.510262], [10.260367, 53.509918], [10.259761, 53.50979], [10.259291, 53.509696], [10.259109, 53.509662], [10.258184, 53.509474], [10.257017, 53.509261], [10.256335, 53.509143], [10.255365, 53.508964], [10.2545, 53.508767], [10.253573, 53.508534], [10.253026, 53.508378], [10.252357, 53.508187], [10.251748, 53.507987], [10.251109, 53.507778], [10.250332, 53.507498], [10.249463, 53.507166], [10.248701, 53.506877], [10.248136, 53.506614], [10.247447, 53.506262], [10.24662, 53.50583], [10.246161, 53.505574], [10.245654, 53.505265], [10.245071, 53.504912], [10.244487, 53.50454], [10.243888, 53.504124], [10.243209, 53.503592], [10.242606, 53.503068], [10.241987, 53.502526], [10.241492, 53.502082], [10.240765, 53.501452], [10.240487, 53.50123], [10.240087, 53.500938], [10.239748, 53.500699], [10.239702, 53.500672], [10.239487, 53.500513], [10.239087, 53.500265], [10.238673, 53.500009], [10.238197, 53.499717], [10.237616, 53.499418], [10.236714, 53.498978], [10.235813, 53.498574], [10.235127, 53.498285], [10.234609, 53.498101], [10.234426, 53.498031], [10.233665, 53.49776], [10.232844, 53.497508], [10.232175, 53.497327], [10.231325, 53.497102], [10.230566, 53.496921], [10.229823, 53.496776], [10.229157, 53.496648], [10.228491, 53.496547], [10.227447, 53.496396], [10.225557, 53.496182], [10.225194, 53.49614], [10.225028, 53.496124], [10.224514, 53.496066], [10.223531, 53.495969], [10.222639, 53.495861], [10.221686, 53.495718], [10.220565, 53.495523], [10.219534, 53.4953], [10.218442, 53.495041], [10.218016, 53.494929], [10.216208, 53.49439], [10.21525, 53.494076], [10.214975, 53.49398], [10.214214, 53.49371], [10.213453, 53.493421], [10.21295, 53.493219], [10.212675, 53.493105], [10.211607, 53.492631], [10.209743, 53.491724], [10.208902, 53.49131], [10.208566, 53.491134], [10.208016, 53.49087], [10.207802, 53.490755], [10.207527, 53.490632], [10.206839, 53.49028], [10.206534, 53.490139], [10.205968, 53.489857], [10.205769, 53.489752], [10.204929, 53.489329], [10.204486, 53.489127], [10.204058, 53.488924], [10.203982, 53.488889], [10.203662, 53.488748], [10.203341, 53.488617], [10.202382, 53.488267], [10.2022, 53.488206], [10.201607, 53.488005], [10.20106, 53.487849], [10.200543, 53.487702], [10.200028, 53.487581], [10.199224, 53.4874], [10.198709, 53.487307], [10.198194, 53.487213], [10.197181, 53.487061], [10.196621, 53.486995], [10.196213, 53.486945], [10.196032, 53.486929], [10.195065, 53.486849], [10.194115, 53.486804], [10.193602, 53.486792], [10.192984, 53.48678], [10.192247, 53.486805], [10.191494, 53.48684], [10.190938, 53.486881], [10.190352, 53.486923], [10.189496, 53.487012], [10.188639, 53.487102], [10.187708, 53.48721], [10.185876, 53.487417], [10.18541, 53.487466], [10.184389, 53.487593], [10.182483, 53.487855], [10.181973, 53.487932], [10.181403, 53.488009], [10.181117, 53.48803], [10.180291, 53.488119], [10.179434, 53.488199], [10.17739, 53.488381], [10.169218, 53.489252], [10.166905, 53.4895], [10.163239, 53.489895], [10.161453, 53.490128], [10.160251, 53.490274], [10.159005, 53.490421], [10.158825, 53.490441], [10.158464, 53.490489], [10.157968, 53.49053], [10.157081, 53.490611], [10.155745, 53.490758], [10.154123, 53.490972], [10.150175, 53.491531], [10.148856, 53.491768], [10.147507, 53.492051], [10.145635, 53.492473], [10.143749, 53.49294], [10.141895, 53.49347], [10.140984, 53.493767], [10.139671, 53.494228], [10.138403, 53.494735], [10.13669, 53.495461], [10.135573, 53.495975], [10.134205, 53.496644], [10.13251, 53.497513], [10.132138, 53.497697], [10.131439, 53.498045], [10.131455, 53.498062], [10.131172, 53.498182], [10.129387, 53.499088], [10.128926, 53.499308], [10.128317, 53.49962], [10.124303, 53.501697], [10.119663, 53.504059], [10.116717, 53.505542], [10.114233, 53.506806], [10.113177, 53.507346], [10.112315, 53.507785], [10.111839, 53.508023], [10.106112, 53.510943], [10.102214, 53.512955], [10.098301, 53.514941], [10.09665, 53.515819], [10.09665, 53.51581], [10.096353, 53.515966], [10.095892, 53.516212], [10.095847, 53.516231], [10.094984, 53.51667], [10.09327, 53.517458], [10.08992, 53.519106], [10.087568, 53.520287], [10.080632, 53.5238], [10.079456, 53.524395], [10.075198, 53.526554], [10.074379, 53.526966], [10.073709, 53.527304], [10.072696, 53.527799], [10.072264, 53.528], [10.071816, 53.528202], [10.070684, 53.528742], [10.069239, 53.529447], [10.069194, 53.529474], [10.068673, 53.529739], [10.067215, 53.530507], [10.066589, 53.530836], [10.065561, 53.531331], [10.065219, 53.531513], [10.065204, 53.531505], [10.063847, 53.532146], [10.063773, 53.532182], [10.063355, 53.532375], [10.062879, 53.532622], [10.061195, 53.533454], [10.060628, 53.533693], [10.06006, 53.533887], [10.059296, 53.534109], [10.058458, 53.534341], [10.058128, 53.534443], [10.055672, 53.53513], [10.053231, 53.535825], [10.051478, 53.536317], [10.050684, 53.536539], [10.049426, 53.536892], [10.048273, 53.537225], [10.04742, 53.537493], [10.046028, 53.537928], [10.045159, 53.538187], [10.044395, 53.538409], [10.04441, 53.5384], [10.04429, 53.538437], [10.043137, 53.538762], [10.043107, 53.538771], [10.042807, 53.538864], [10.042418, 53.538975], [10.042403, 53.538975], [10.042148, 53.539049], [10.04134, 53.539281], [10.04101, 53.539391], [10.040621, 53.539521], [10.040323, 53.53964], [10.040024, 53.53976], [10.039636, 53.539934], [10.039353, 53.54008], [10.03913, 53.540199], [10.038743, 53.540427], [10.038372, 53.540681], [10.037928, 53.541027], [10.037529, 53.541372], [10.037426, 53.54148], [10.037309, 53.541607], [10.037088, 53.541852], [10.036942, 53.542024], [10.036883, 53.542096], [10.036386, 53.542747], [10.035362, 53.544041], [10.035143, 53.544348], [10.034646, 53.544991], [10.033856, 53.546004], [10.033534, 53.546411], [10.033241, 53.5468], [10.032832, 53.547343], [10.032101, 53.548275], [10.032086, 53.548293], [10.031867, 53.548582], [10.031676, 53.548817], [10.031414, 53.549197], [10.03099, 53.54974], [10.030902, 53.549875], [10.0308, 53.550029], [10.030786, 53.550056], [10.030403, 53.550455], [10.030359, 53.5505], [10.03017, 53.55078], [10.030024, 53.550979], [10.029862, 53.551151], [10.029774, 53.551233], [10.029611, 53.55136], [10.029433, 53.551487], [10.028809, 53.551915], [10.02863, 53.551997], [10.028451, 53.552071], [10.028212, 53.552163], [10.028167, 53.552181], [10.027868, 53.552283], [10.027718, 53.552338], [10.027583, 53.552375], [10.027464, 53.552412], [10.027208, 53.552468], [10.027043, 53.552505], [10.026893, 53.552534], [10.026683, 53.552571], [10.026472, 53.5526], [10.026277, 53.55262], [10.026096, 53.55263], [10.025915, 53.552641], [10.025689, 53.552652], [10.025583, 53.552653], [10.025176, 53.552647], [10.0251, 53.552639], [10.024858, 53.552623]]]}, "properties": {"linie": "S2", "farbe": "#B51143"}}, {"type": "Feature", "geometry": {"type": "MultiLineString", "coordinates": [[[9.819353, 53.47476], [9.819247, 53.474752], [9.818433, 53.474703], [9.818252, 53.474696], [9.817724, 53.474663], [9.816895, 53.474624], [9.814136, 53.474463], [9.810758, 53.474271], [9.810457, 53.474255], [9.804411, 53.473918], [9.80022, 53.473695], [9.79823, 53.473582], [9.797205, 53.473526], [9.793315, 53.47331], [9.791234, 53.473189], [9.790842, 53.473164], [9.790315, 53.473132], [9.789576, 53.473092], [9.788687, 53.473044], [9.788189, 53.47302], [9.786878, 53.472948], [9.783923, 53.472787], [9.781631, 53.47265], [9.78053, 53.472585], [9.769375, 53.471966], [9.759304, 53.471401], [9.757903, 53.47132], [9.746808, 53.470716], [9.74429, 53.470579], [9.740145, 53.470353], [9.728206, 53.469663], [9.726292, 53.469549], [9.719524, 53.469168], [9.718981, 53.469135], [9.716675, 53.469014], [9.712892, 53.468812], [9.710752, 53.468699], [9.708115, 53.468616], [9.706895, 53.468578], [9.705088, 53.468625], [9.703403, 53.468707], [9.70217, 53.468813], [9.70205, 53.468822], [9.700862, 53.468946], [9.697947, 53.469305], [9.697466, 53.46937], [9.69688, 53.469437], [9.69488, 53.469664], [9.69437, 53.46973], [9.693182, 53.46988], [9.692536, 53.469956], [9.69168, 53.470096], [9.691169, 53.470162], [9.689501, 53.470369], [9.688058, 53.470539], [9.688062, 53.470547], [9.688058, 53.470557], [9.687532, 53.470623], [9.68122, 53.471396], [9.678123, 53.471782], [9.677642, 53.47183], [9.677191, 53.471859], [9.6768, 53.471897], [9.676619, 53.471916], [9.671599, 53.472511], [9.671103, 53.472576], [9.671028, 53.472586], [9.665121, 53.473329], [9.661197, 53.473791], [9.66016, 53.473913], [9.658808, 53.474145], [9.657742, 53.474367], [9.657277, 53.474495], [9.656542, 53.474679], [9.655883, 53.474889], [9.654939, 53.475191], [9.653995, 53.475547], [9.6519, 53.476394], [9.649893, 53.477186], [9.641809, 53.480411], [9.641015, 53.480721], [9.639922, 53.481158], [9.639353, 53.481377], [9.639353, 53.481386], [9.638724, 53.481641], [9.638649, 53.481668], [9.638574, 53.481695], [9.63856, 53.481704], [9.631627, 53.4845], [9.631567, 53.484527], [9.624228, 53.487432], [9.622326, 53.488206], [9.619136, 53.489471], [9.618956, 53.489553], [9.613308, 53.491774], [9.611555, 53.492466], [9.609997, 53.493094], [9.603735, 53.495588], [9.603375, 53.495725], [9.595568, 53.498855], [9.592886, 53.499937], [9.588944, 53.501493], [9.586996, 53.502249], [9.584613, 53.503213], [9.584433, 53.503294], [9.584193, 53.503394], [9.583219, 53.503795], [9.582904, 53.503931], [9.58226, 53.504231], [9.581647, 53.504548], [9.581423, 53.504675], [9.581213, 53.504802], [9.58081, 53.505082], [9.580078, 53.505562], [9.579526, 53.505987], [9.579422, 53.506059], [9.579095, 53.506402], [9.578693, 53.506746], [9.578305, 53.50708], [9.577843, 53.507478], [9.577829, 53.507496], [9.577561, 53.507731], [9.577293, 53.507975], [9.577025, 53.508236], [9.576385, 53.508842], [9.5764, 53.508841], [9.57637, 53.50886], [9.57448, 53.510675], [9.573886, 53.51128], [9.573811, 53.511352], [9.573559, 53.511623], [9.573306, 53.511893], [9.573113, 53.512101], [9.572816, 53.512453], [9.572356, 53.513012], [9.571987, 53.513535], [9.571898, 53.513688], [9.571618, 53.514184], [9.571281, 53.51485], [9.56908, 53.519362], [9.569036, 53.519461], [9.567554, 53.522478], [9.566042, 53.525586], [9.565632, 53.526522], [9.565415, 53.527152], [9.56533, 53.527611], [9.565233, 53.528213], [9.565165, 53.528797], [9.565093, 53.530154], [9.565064, 53.531395], [9.565002, 53.532365], [9.564933, 53.532869], [9.564792, 53.533597], [9.564676, 53.533993], [9.564458, 53.534614], [9.564136, 53.535334], [9.563666, 53.536253], [9.563151, 53.537199], [9.562311, 53.538695], [9.561058, 53.540929], [9.55976, 53.543172], [9.559109, 53.544137], [9.558783, 53.544569], [9.558115, 53.54539], [9.558086, 53.545435], [9.557818, 53.545742], [9.557431, 53.546121], [9.55679, 53.546735], [9.556403, 53.547096], [9.554584, 53.548767], [9.548933, 53.553969], [9.548366, 53.554438], [9.547484, 53.555107], [9.546542, 53.555768], [9.542934, 53.557941], [9.537496, 53.561137], [9.537032, 53.561399], [9.536537, 53.561644], [9.532922, 53.563368], [9.531916, 53.563839], [9.531541, 53.564003], [9.531406, 53.564066], [9.530731, 53.564375], [9.52959, 53.56491], [9.528525, 53.565436], [9.527535, 53.565925], [9.527055, 53.566179], [9.526545, 53.566424], [9.525766, 53.566886], [9.524628, 53.567591], [9.523804, 53.568098], [9.523056, 53.568614], [9.521484, 53.569726], [9.519974, 53.570846], [9.518433, 53.571985], [9.515965, 53.573829], [9.515292, 53.574353], [9.51426, 53.575157], [9.513197, 53.575898], [9.512583, 53.57635], [9.511431, 53.577218], [9.510728, 53.577751], [9.509591, 53.578573], [9.507719, 53.579821], [9.50634, 53.580735], [9.505127, 53.581521], [9.504228, 53.582118], [9.503614, 53.582534], [9.502161, 53.583511], [9.500243, 53.584768], [9.498656, 53.585906], [9.497488, 53.586765], [9.497174, 53.586982], [9.493685, 53.589539], [9.492711, 53.590235], [9.490705, 53.59169], [9.490405, 53.591862], [9.489626, 53.592395], [9.489086, 53.592784], [9.489056, 53.59282], [9.488757, 53.593063], [9.488398, 53.593317], [9.487753, 53.593715], [9.487257, 53.593968], [9.487077, 53.594059], [9.486461, 53.594349], [9.48598, 53.594539], [9.485153, 53.594839], [9.484279, 53.595058], [9.483375, 53.595224], [9.481098, 53.595565], [9.478972, 53.595889], [9.477947, 53.596045], [9.476454, 53.596276], [9.477129, 53.596169]], [[9.814228, 53.644203], [9.813527, 53.644675], [9.813243, 53.644848], [9.812152, 53.645511], [9.810524, 53.646565], [9.810449, 53.64661], [9.805193, 53.65015], [9.802461, 53.652019], [9.801431, 53.652709], [9.801028, 53.65299], [9.800849, 53.653108], [9.800729, 53.65319], [9.800252, 53.653561], [9.800207, 53.653589], [9.800193, 53.653607], [9.800178, 53.653616], [9.799656, 53.654006], [9.799074, 53.65445], [9.798626, 53.654749], [9.798372, 53.654931]], [[9.814228, 53.644203], [9.81402, 53.644349]], [[9.814228, 53.644203], [9.814244, 53.644203], [9.815109, 53.643604], [9.815944, 53.642988], [9.816585, 53.642516], [9.817555, 53.641854], [9.81866, 53.641127], [9.818989, 53.640927], [9.819916, 53.640382], [9.821607, 53.63949], [9.823703, 53.638424], [9.825948, 53.637267], [9.82746, 53.636493], [9.82975, 53.635336], [9.8299, 53.635263], [9.830678, 53.634863], [9.832085, 53.634125], [9.83234, 53.634006], [9.833312, 53.633505], [9.835542, 53.632349], [9.837322, 53.631411], [9.837382, 53.631383], [9.837756, 53.631183], [9.83804, 53.631037], [9.83861, 53.630764], [9.838594, 53.630755], [9.839163, 53.630463], [9.840824, 53.629607], [9.841991, 53.629006], [9.842873, 53.628542], [9.844011, 53.627967], [9.84434, 53.627794], [9.844744, 53.627594], [9.84657, 53.626691], [9.847019, 53.626473], [9.848186, 53.625889], [9.849563, 53.625188], [9.851119, 53.624395], [9.852031, 53.62393], [9.853542, 53.623156], [9.853901, 53.622982], [9.854874, 53.622472], [9.857357, 53.621197], [9.858733, 53.620486], [9.858987, 53.620358], [9.862665, 53.618427], [9.865567, 53.616941], [9.866674, 53.616412], [9.866913, 53.616303], [9.867318, 53.616111], [9.867437, 53.616056], [9.867826, 53.615865], [9.867872, 53.615864], [9.867856, 53.615855], [9.869247, 53.615144], [9.871025, 53.614152], [9.872445, 53.613414], [9.875495, 53.611846], [9.879503, 53.609858], [9.88061, 53.609302], [9.881179, 53.609055], [9.882003, 53.608707], [9.883997, 53.607965], [9.885046, 53.607553], [9.885943, 53.607133], [9.886525, 53.606796], [9.887002, 53.606487], [9.887539, 53.606133], [9.888298, 53.605615], [9.888745, 53.605315], [9.889267, 53.604961], [9.890746, 53.604186], [9.891791, 53.603594], [9.892329, 53.603312], [9.892359, 53.603293], [9.892852, 53.603047], [9.893076, 53.602929], [9.893465, 53.602728], [9.893555, 53.602709], [9.893539, 53.602692], [9.894003, 53.602454], [9.894077, 53.602409], [9.894586, 53.602154], [9.894839, 53.602017], [9.895437, 53.601707], [9.895572, 53.601634], [9.89587, 53.601479], [9.896513, 53.601133], [9.897081, 53.600841], [9.897185, 53.600786], [9.898171, 53.600285], [9.898784, 53.599984], [9.899577, 53.599627], [9.900206, 53.599344], [9.900281, 53.599307], [9.901088, 53.598933], [9.901836, 53.598568], [9.902538, 53.598185], [9.903404, 53.597712], [9.903508, 53.597648], [9.904269, 53.597229], [9.904912, 53.596909], [9.905645, 53.596598], [9.906005, 53.596443], [9.906214, 53.596342], [9.906423, 53.596233], [9.906438, 53.596233], [9.906677, 53.596114], [9.907394, 53.595741], [9.908738, 53.595038], [9.909082, 53.594856], [9.909635, 53.594564], [9.910008, 53.594382], [9.911517, 53.593616], [9.911741, 53.593506], [9.912593, 53.593059], [9.913443, 53.592585], [9.914145, 53.592203], [9.914668, 53.591929], [9.91531, 53.591583], [9.91631, 53.591054], [9.916996, 53.590662], [9.917115, 53.59059], [9.917324, 53.590462], [9.917443, 53.590389], [9.917727, 53.590226], [9.91807, 53.590016], [9.918204, 53.589943], [9.918472, 53.58978], [9.918487, 53.589779], [9.918474, 53.589779], [9.918964, 53.589488], [9.919278, 53.589324], [9.919561, 53.589169], [9.919666, 53.589114], [9.919905, 53.588996], [9.920622, 53.588631], [9.921025, 53.588421], [9.921802, 53.58802], [9.922548, 53.587628], [9.922891, 53.587436], [9.923413, 53.587127], [9.924039, 53.586745], [9.924813, 53.586244], [9.925661, 53.585645], [9.926314, 53.585145], [9.926952, 53.584619], [9.927278, 53.584329], [9.92753, 53.584112], [9.927871, 53.583804], [9.928329, 53.583342], [9.928963, 53.582672], [9.929478, 53.58203], [9.929859, 53.581533], [9.930123, 53.581162], [9.930443, 53.58063], [9.930501, 53.58053], [9.930676, 53.580224], [9.930734, 53.580124], [9.930835, 53.579926], [9.93088, 53.57989], [9.93085, 53.579881], [9.930951, 53.579691], [9.930994, 53.579601], [9.931052, 53.579475], [9.931138, 53.57925], [9.931309, 53.578808], [9.931423, 53.578493], [9.931451, 53.578376], [9.931549, 53.578051], [9.931689, 53.577538], [9.931841, 53.576917], [9.931921, 53.576449], [9.931986, 53.575963], [9.932025, 53.575666], [9.932113, 53.574875], [9.932201, 53.574066], [9.932243, 53.573922], [9.932327, 53.573589], [9.932456, 53.573282], [9.932557, 53.573066], [9.932861, 53.572506], [9.93318, 53.571911], [9.933413, 53.571486], [9.933702, 53.570945], [9.933829, 53.570504], [9.933868, 53.570225], [9.933921, 53.56991], [9.934007, 53.569002], [9.93407, 53.568444], [9.934084, 53.568399]], [[9.819353, 53.47476], [9.820634, 53.474832], [9.821373, 53.474863], [9.822489, 53.474927], [9.823288, 53.474967], [9.823559, 53.474983], [9.82472, 53.475029], [9.825759, 53.475048], [9.827069, 53.475048], [9.827988, 53.475024], [9.828093, 53.475023], [9.828921, 53.475], [9.830396, 53.474944], [9.833391, 53.474852], [9.833753, 53.474849], [9.834595, 53.474807], [9.835363, 53.474775], [9.835784, 53.474736], [9.83616, 53.474706], [9.836385, 53.474687], [9.836536, 53.474668], [9.836761, 53.474639], [9.837873, 53.474497], [9.838203, 53.474459], [9.838609, 53.474438], [9.839001, 53.474417], [9.839527, 53.474395], [9.839678, 53.474394], [9.839858, 53.474384], [9.840174, 53.474373], [9.840987, 53.47434], [9.841559, 53.474318], [9.841634, 53.474318], [9.841649, 53.474317], [9.842131, 53.474305], [9.842598, 53.474293], [9.843079, 53.47428], [9.843305, 53.474279], [9.843968, 53.474274], [9.844766, 53.47426], [9.845157, 53.474248], [9.845744, 53.474235], [9.846948, 53.474199], [9.847054, 53.474189], [9.848649, 53.474133], [9.84907, 53.474112], [9.850259, 53.474068], [9.850394, 53.474058], [9.850455, 53.474057], [9.851889, 53.474004], [9.851884, 53.474002], [9.852276, 53.47399], [9.8536, 53.473945], [9.853856, 53.473934], [9.854413, 53.47393], [9.855798, 53.473911], [9.85616, 53.473909], [9.856672, 53.473905], [9.857229, 53.473883], [9.857394, 53.473864], [9.857951, 53.473842], [9.858688, 53.473819], [9.859501, 53.473786], [9.859787, 53.473775], [9.862977, 53.473653], [9.864317, 53.473607], [9.867793, 53.473465], [9.871659, 53.47324], [9.872667, 53.473187], [9.873314, 53.473156], [9.875013, 53.473053], [9.877076, 53.472993], [9.877075, 53.472984], [9.877482, 53.472972], [9.879092, 53.472907], [9.881771, 53.472833], [9.882599, 53.472809], [9.886075, 53.472684], [9.886752, 53.472652], [9.896082, 53.472286], [9.896112, 53.472286], [9.902071, 53.472052], [9.905758, 53.471916], [9.911386, 53.471694], [9.912334, 53.47166], [9.913644, 53.47165], [9.91393, 53.471639], [9.915541, 53.471626], [9.917077, 53.471614], [9.91807, 53.471607], [9.918914, 53.471609], [9.921534, 53.471589], [9.923431, 53.471575], [9.926849, 53.471548], [9.928927, 53.471532], [9.935281, 53.471482], [9.936275, 53.471474], [9.938835, 53.471445], [9.941471, 53.471497], [9.944755, 53.471525], [9.945703, 53.471499], [9.946275, 53.471495], [9.948412, 53.471397], [9.949329, 53.471335], [9.950547, 53.471227], [9.951132, 53.471132], [9.951536, 53.471048], [9.951941, 53.470955], [9.95218, 53.47089], [9.952375, 53.470835], [9.952659, 53.470743], [9.952853, 53.470669], [9.953137, 53.470559], [9.953346, 53.470477], [9.95348, 53.470422], [9.953942, 53.470211], [9.954002, 53.470184], [9.954047, 53.470166], [9.954091, 53.470138], [9.954166, 53.470093], [9.954255, 53.470038], [9.955057, 53.469556], [9.956409, 53.468718], [9.956587, 53.468609], [9.956766, 53.468518], [9.959208, 53.467294], [9.961695, 53.466079], [9.963096, 53.465439], [9.963217, 53.465465], [9.964616, 53.464734], [9.964914, 53.464606], [9.965093, 53.464533], [9.965197, 53.464487], [9.965332, 53.46445], [9.965392, 53.464432], [9.965437, 53.464413], [9.965482, 53.464404], [9.965541, 53.464385], [9.965601, 53.464376], [9.965676, 53.464357], [9.965992, 53.464319], [9.971245, 53.463584], [9.97138, 53.463574], [9.97147, 53.463556], [9.971545, 53.463537], [9.972354, 53.46336], [9.972489, 53.463323], [9.972594, 53.463295], [9.972818, 53.463212], [9.972967, 53.463157], [9.973146, 53.463084], [9.976825, 53.461346], [9.977302, 53.461145], [9.977765, 53.460952], [9.977899, 53.460906], [9.978049, 53.46086], [9.978198, 53.460823], [9.978378, 53.460795], [9.978468, 53.460776], [9.978618, 53.460748], [9.978888, 53.460719], [9.980241, 53.460618]], [[9.819353, 53.47476], [9.819353, 53.474769]], [[9.932158, 53.559956], [9.932148, 53.560007], [9.932143, 53.560228], [9.932162, 53.560421], [9.932185, 53.560536]], [[9.932185, 53.560536], [9.932158, 53.560417], [9.932138, 53.560229], [9.932148, 53.560004], [9.932158, 53.559956]], [[9.932229, 53.55966], [9.932187, 53.559816], [9.932158, 53.559956]], [[9.932158, 53.559956], [9.932189, 53.559815], [9.932229, 53.55966]], [[9.932243, 53.56074], [9.932207, 53.560633], [9.932185, 53.560536]], [[9.932185, 53.560536], [9.932205, 53.560636], [9.932243, 53.56074]], [[9.932229, 53.55966], [9.932231, 53.559653], [9.932244, 53.559624]], [[9.932244, 53.559624], [9.93223, 53.559657], [9.932229, 53.55966]], [[9.932243, 53.56074], [9.932293, 53.560878], [9.932402, 53.561098], [9.932527, 53.56128]], [[9.932527, 53.56128], [9.932399, 53.561098], [9.932288, 53.560875], [9.932243, 53.56074]], [[9.932487, 53.559148], [9.932412, 53.559259], [9.932299, 53.559493], [9.932244, 53.559624]], [[9.932244, 53.559624], [9.932303, 53.559491], [9.932419, 53.559256], [9.932487, 53.559148]], [[9.932487, 53.559148], [9.932579, 53.559003], [9.932747, 53.558823]], [[9.932747, 53.558823], [9.932583, 53.559007], [9.932487, 53.559148]], [[9.932635, 53.561412], [9.93257, 53.56134], [9.932527, 53.56128]], [[9.932527, 53.56128], [9.932569, 53.56134], [9.932635, 53.561412]], [[9.932635, 53.561412], [9.932793, 53.561585], [9.932862, 53.561647]], [[9.932862, 53.561647], [9.932787, 53.561581], [9.932635, 53.561412]], [[9.933337, 53.558214], [9.932913, 53.558638], [9.932747, 53.558823]], [[9.932747, 53.558823], [9.932918, 53.558641], [9.933337, 53.558214]], [[9.933435, 53.562134], [9.933187, 53.561937], [9.932862, 53.561647]], [[9.932862, 53.561647], [9.93318, 53.561937], [9.933435, 53.562134]], [[9.933337, 53.558214], [9.933494, 53.558053], [9.933681, 53.557852]], [[9.933681, 53.557852], [9.933499, 53.558051], [9.933337, 53.558214]], [[9.933435, 53.562134], [9.933562, 53.562232], [9.933776, 53.562396]], [[9.933776, 53.562396], [9.933556, 53.56223], [9.933435, 53.562134]], [[9.933847, 53.55766], [9.933789, 53.557734], [9.933681, 53.557852]], [[9.933681, 53.557852], [9.933789, 53.557736], [9.933847, 53.55766]], [[9.934112, 53.562663], [9.934016, 53.562577], [9.933776, 53.562396]], [[9.933776, 53.562396], [9.934011, 53.562576], [9.934112, 53.562663]], [[9.933847, 53.55766], [9.933935, 53.557546], [9.934013, 53.55743]], [[9.934013, 53.55743], [9.933935, 53.557549], [9.933847, 53.55766]], [[9.934549, 53.556398], [9.934497, 53.556536], [9.934385, 53.556799], [9.934206, 53.557134], [9.934013, 53.55743]], [[9.934013, 53.55743], [9.934213, 53.557131], [9.934387, 53.556797], [9.934502, 53.556535], [9.934549, 53.556398]], [[9.934084, 53.568399], [9.934203, 53.568404], [9.93425, 53.56806], [9.934298, 53.567696]], [[9.934098, 53.568315], [9.934067, 53.568398], [9.934084, 53.568399]], [[9.934098, 53.568315], [9.934084, 53.568399]], [[9.934238, 53.567812], [9.934223, 53.567841], [9.934137, 53.568075], [9.934098, 53.568315]], [[9.934238, 53.567812], [9.934224, 53.567848], [9.934193, 53.567962], [9.934175, 53.568056], [9.934161, 53.568144], [9.934098, 53.568315]], [[9.934112, 53.562663], [9.93436, 53.562876], [9.934555, 53.563064]], [[9.934555, 53.563064], [9.934355, 53.56288], [9.934112, 53.562663]], [[9.934306, 53.567638], [9.934238, 53.567812]], [[9.934298, 53.567696], [9.934238, 53.567812]], [[9.934298, 53.567696], [9.934306, 53.567638]], [[9.934497, 53.567264], [9.934339, 53.567616], [9.934298, 53.567696]], [[9.934306, 53.567638], [9.934309, 53.567612], [9.934429, 53.566928], [9.934463, 53.566693], [9.934508, 53.566529], [9.934572, 53.56631], [9.934667, 53.566026], [9.93483, 53.565608], [9.934912, 53.5654], [9.934969, 53.56523], [9.935062, 53.564941], [9.935113, 53.564641], [9.935118, 53.564345], [9.935087, 53.564104], [9.935034, 53.563911], [9.934963, 53.563731], [9.934858, 53.563539], [9.934742, 53.563361], [9.934554, 53.563132], [9.934301, 53.562888], [9.933953, 53.562601], [9.933583, 53.56231], [9.933135, 53.561953], [9.932915, 53.561765], [9.932737, 53.561602], [9.932577, 53.561429], [9.932523, 53.561371], [9.93234, 53.561109], [9.932219, 53.560887], [9.932126, 53.560639], [9.932079, 53.560416], [9.932059, 53.560215], [9.932072, 53.559999], [9.932122, 53.559727], [9.932201, 53.559474], [9.932334, 53.559183], [9.932514, 53.558866], [9.933084, 53.557955], [9.933419, 53.557422], [9.933666, 53.556987], [9.934184, 53.555991], [9.934239, 53.555891], [9.934294, 53.555783], [9.934372, 53.555611], [9.934424, 53.555475], [9.934454, 53.555379], [9.934519, 53.555145], [9.934549, 53.554981], [9.934567, 53.554807], [9.934573, 53.55459], [9.934563, 53.554359]], [[9.934502, 53.567071], [9.934476, 53.567179], [9.934425, 53.567321], [9.934315, 53.567614], [9.934306, 53.567638]], [[9.934497, 53.567264], [9.934502, 53.567071]], [[9.999442, 53.556828], [9.998915, 53.556868], [9.998704, 53.556888], [9.998463, 53.556917], [9.998283, 53.556945], [9.998102, 53.556974], [9.997892, 53.557029], [9.997622, 53.557094], [9.997307, 53.557169], [9.997052, 53.557243], [9.996782, 53.557308], [9.995868, 53.557558], [9.995118, 53.557762], [9.994863, 53.557827], [9.994593, 53.557901], [9.994413, 53.557957], [9.994368, 53.557975], [9.994264, 53.558012], [9.994129, 53.558067], [9.99389, 53.558159], [9.9938, 53.558205], [9.993681, 53.558251], [9.993561, 53.558305], [9.993397, 53.558388], [9.992323, 53.558918], [9.992189, 53.558982], [9.991935, 53.559119], [9.991697, 53.559246], [9.991444, 53.559401], [9.991177, 53.55961], [9.991059, 53.559719], [9.990941, 53.559837], [9.990735, 53.560072], [9.990662, 53.560162], [9.990337, 53.560489], [9.990263, 53.560543], [9.990219, 53.560579], [9.99016, 53.560634], [9.989745, 53.560961], [9.989434, 53.561206], [9.989374, 53.561251], [9.989345, 53.561279], [9.989271, 53.561342], [9.989226, 53.561378], [9.989182, 53.561406], [9.989108, 53.561469], [9.988989, 53.561551], [9.98887, 53.561633], [9.988736, 53.561715], [9.988587, 53.561797], [9.988274, 53.561961], [9.987812, 53.562208], [9.987588, 53.562326], [9.986231, 53.563038], [9.985859, 53.563239], [9.985605, 53.563358], [9.985217, 53.56355], [9.984753, 53.563716], [9.984348, 53.563818], [9.984048, 53.563883], [9.983401, 53.563978], [9.982933, 53.564], [9.980247, 53.564013], [9.978179, 53.564012], [9.976685, 53.564006], [9.97504, 53.563993], [9.973696, 53.563959], [9.973575, 53.563951], [9.973258, 53.563944], [9.973227, 53.563945], [9.972427, 53.563906], [9.971732, 53.563876], [9.971067, 53.563854], [9.970312, 53.563852], [9.969664, 53.563875], [9.969558, 53.563876], [9.968985, 53.563907], [9.968895, 53.563908], [9.968729, 53.563918], [9.968593, 53.56391], [9.968487, 53.563911], [9.967868, 53.563898], [9.967022, 53.563869], [9.966992, 53.563861], [9.966418, 53.563838], [9.966146, 53.563831], [9.965889, 53.563816], [9.965723, 53.563808], [9.965663, 53.563799], [9.965224, 53.563767], [9.965133, 53.563759], [9.964906, 53.563734], [9.964181, 53.563677], [9.963228, 53.563621], [9.962821, 53.563607], [9.962413, 53.563583], [9.962004, 53.563541], [9.96161, 53.563455], [9.960926, 53.563245], [9.96047, 53.563095], [9.959952, 53.562911], [9.95945, 53.562708], [9.95849, 53.56233], [9.958185, 53.562188], [9.957988, 53.562118], [9.957546, 53.561951], [9.956968, 53.561749], [9.956694, 53.56167], [9.956391, 53.561592], [9.956088, 53.561531], [9.954483, 53.561301], [9.954422, 53.561293], [9.954165, 53.561259], [9.95359, 53.56121], [9.953077, 53.561205], [9.952896, 53.561215], [9.952565, 53.561254], [9.952204, 53.561302], [9.951948, 53.561349], [9.951708, 53.561395], [9.951528, 53.561424], [9.951062, 53.561526], [9.950942, 53.561554], [9.950056, 53.561759], [9.950011, 53.561768], [9.949951, 53.561787], [9.949591, 53.561871], [9.949155, 53.561964], [9.94908, 53.561982], [9.94899, 53.562001], [9.948795, 53.562048], [9.948765, 53.562048], [9.948269, 53.56216], [9.948134, 53.562197], [9.947803, 53.562262], [9.947458, 53.562328], [9.946796, 53.562441], [9.946345, 53.562516], [9.945999, 53.562564], [9.945894, 53.562583], [9.945443, 53.562649], [9.94436, 53.56282], [9.944239, 53.562829], [9.943908, 53.562886], [9.942961, 53.563028], [9.94263, 53.563076], [9.942314, 53.563123], [9.941953, 53.563162], [9.941667, 53.563191], [9.941486, 53.563202], [9.94132, 53.563212], [9.940973, 53.563233], [9.940626, 53.563253], [9.94034, 53.563282], [9.940069, 53.563312], [9.939753, 53.563359], [9.939498, 53.563406], [9.939033, 53.563517], [9.938883, 53.563564], [9.938688, 53.563628], [9.938538, 53.563674], [9.938209, 53.563802], [9.937745, 53.563995], [9.937446, 53.564132], [9.937133, 53.564278], [9.936565, 53.56457], [9.936, 53.564925], [9.935792, 53.565088], [9.935466, 53.56536], [9.935216, 53.565641], [9.934996, 53.56593], [9.934836, 53.566228], [9.934707, 53.566516], [9.934651, 53.566715], [9.934595, 53.566949], [9.934497, 53.567264]], [[9.934502, 53.567071], [9.934505, 53.56694], [9.93453, 53.566707], [9.934585, 53.566481], [9.934699, 53.566148], [9.934769, 53.565941], [9.934909, 53.565623]], [[9.934909, 53.565623], [9.934777, 53.565942], [9.934712, 53.566154], [9.934623, 53.566479], [9.934565, 53.566708], [9.934527, 53.566942], [9.934509, 53.567041], [9.934502, 53.567071]], [[9.934512, 53.552619], [9.93456, 53.553063], [9.934579, 53.553346], [9.934582, 53.553432], [9.934589, 53.553564], [9.934609, 53.553734], [9.934618, 53.553797], [9.934658, 53.553973], [9.934672, 53.554052], [9.934687, 53.554196], [9.934715, 53.554818], [9.934737, 53.555333], [9.934738, 53.555463], [9.934722, 53.555617]], [[9.934563, 53.554359], [9.934561, 53.554322], [9.93456, 53.554276], [9.934556, 53.554196], [9.934523, 53.553965], [9.934487, 53.553781], [9.934475, 53.553723], [9.934459, 53.553566], [9.934453, 53.553444], [9.93445, 53.553381], [9.934449, 53.553055], [9.934479, 53.552821], [9.934512, 53.552619]], [[9.934606, 53.552105], [9.934568, 53.552222], [9.934548, 53.552285], [9.934533, 53.55234], [9.934524, 53.552394], [9.934517, 53.552444], [9.934512, 53.552499], [9.934512, 53.552534], [9.93451, 53.552601], [9.934512, 53.552619]], [[9.934512, 53.552619], [9.934538, 53.552459], [9.934547, 53.55241], [9.934557, 53.552353], [9.934567, 53.552297], [9.934576, 53.552253], [9.934587, 53.552194], [9.934606, 53.552105]], [[9.934549, 53.556398], [9.934558, 53.556373], [9.934568, 53.556345]], [[9.934568, 53.556345], [9.93456, 53.55637], [9.934549, 53.556398]], [[9.934888, 53.563466], [9.934818, 53.563353], [9.934617, 53.563121], [9.934555, 53.563064]], [[9.934555, 53.563064], [9.93461, 53.563117], [9.934812, 53.563356], [9.934888, 53.563466]], [[9.934722, 53.555617], [9.934734, 53.555464], [9.934731, 53.55533], [9.93471, 53.555024], [9.934644, 53.554782], [9.934594, 53.554558], [9.934577, 53.554486], [9.934576, 53.55445], [9.934563, 53.554359]], [[9.934563, 53.554359], [9.934559, 53.554334], [9.934558, 53.554289], [9.934556, 53.554208], [9.934521, 53.553974], [9.934486, 53.553786], [9.93447, 53.553732], [9.934451, 53.553571], [9.934449, 53.553454], [9.934447, 53.5534], [9.934425, 53.553059], [9.934408, 53.55296], [9.934391, 53.552879], [9.934374, 53.552789], [9.934342, 53.5527], [9.934325, 53.552619], [9.934308, 53.552556], [9.934292, 53.552494], [9.93429, 53.552431], [9.934274, 53.552386], [9.934273, 53.552332], [9.934287, 53.55226], [9.9343, 53.552188], [9.934356, 53.551981], [9.934399, 53.551864], [9.934483, 53.551603], [9.934699, 53.551107], [9.934743, 53.551043], [9.9348, 53.550908], [9.934858, 53.550782], [9.934871, 53.55071], [9.934899, 53.55062], [9.934955, 53.550431], [9.934996, 53.55023]], [[9.934722, 53.555617], [9.934692, 53.555902], [9.934614, 53.55621], [9.934586, 53.556289], [9.934568, 53.556345]], [[9.934568, 53.556345], [9.934587, 53.556292], [9.934615, 53.556211], [9.934699, 53.555905], [9.934722, 53.555617]], [[9.934606, 53.552105], [9.93462, 53.552038], [9.934655, 53.551877], [9.934679, 53.551879]], [[9.934679, 53.551879], [9.934606, 53.552105]], [[9.934996, 53.55023], [9.935008, 53.550274], [9.935, 53.550299], [9.934993, 53.550325], [9.934765, 53.551362], [9.934708, 53.551614], [9.934678, 53.551752], [9.934651, 53.551876], [9.934679, 53.551879]], [[9.934888, 53.563466], [9.934932, 53.563531], [9.935037, 53.563719]], [[9.935037, 53.563719], [9.934928, 53.563532], [9.934888, 53.563466]], [[9.935036, 53.565302], [9.934994, 53.565417], [9.934909, 53.565623]], [[9.934909, 53.565623], [9.934999, 53.565418], [9.935036, 53.565302]], [[9.93509, 53.54979], [9.934963, 53.55011], [9.934996, 53.55023]], [[9.934996, 53.55023], [9.93501, 53.550161], [9.935079, 53.549873], [9.93509, 53.54979]], [[9.935036, 53.565302], [9.93507, 53.565193], [9.93514, 53.564959], [9.935175, 53.564805]], [[9.935175, 53.564805], [9.935147, 53.564956], [9.935075, 53.565193], [9.935036, 53.565302]], [[9.93515, 53.564035], [9.935117, 53.563899], [9.935037, 53.563719]], [[9.935037, 53.563719], [9.93511, 53.563898], [9.93515, 53.564035]], [[9.93509, 53.54979], [9.935105, 53.549675], [9.935146, 53.549495], [9.935173, 53.54936], [9.935231, 53.549252], [9.935304, 53.549143], [9.935377, 53.549017], [9.935394, 53.548995]], [[9.935394, 53.548995], [9.93538, 53.549026], [9.935331, 53.549141], [9.935289, 53.549245], [9.935092, 53.549785], [9.93509, 53.54979]], [[9.93515, 53.564035], [9.935171, 53.564107], [9.935187, 53.564204]], [[9.935187, 53.564204], [9.935167, 53.564105], [9.93515, 53.564035]], [[9.935187, 53.564204], [9.935211, 53.564354], [9.935207, 53.564466], [9.935203, 53.564651], [9.935175, 53.564805]], [[9.935175, 53.564805], [9.935209, 53.564653], [9.935217, 53.564356], [9.935187, 53.564204]], [[9.937394, 53.547258], [9.937231, 53.547324], [9.937017, 53.547423], [9.936776, 53.547552], [9.93667, 53.547615], [9.936516, 53.547716], [9.936273, 53.547891], [9.936061, 53.548071], [9.935897, 53.548233], [9.935755, 53.548395], [9.935652, 53.548529], [9.935584, 53.54863], [9.935519, 53.548736], [9.935448, 53.548871], [9.935394, 53.548995]], [[9.935394, 53.548995], [9.935479, 53.548881], [9.935582, 53.548755], [9.935656, 53.548655], [9.935744, 53.548556], [9.935861, 53.548411], [9.936141, 53.548076], [9.936229, 53.547986], [9.936303, 53.547913], [9.936451, 53.547786], [9.936585, 53.547686], [9.936778, 53.547577], [9.937032, 53.54744], [9.937394, 53.547258]], [[9.937394, 53.547258], [9.93745, 53.54723], [9.937539, 53.547194], [9.937584, 53.547175], [9.937659, 53.547157], [9.937779, 53.54712], [9.937944, 53.547074], [9.937944, 53.547074]], [[9.937944, 53.547074], [9.937798, 53.547116], [9.937673, 53.547156], [9.937609, 53.547177], [9.937555, 53.547196], [9.937466, 53.547229], [9.937394, 53.547258]], [[9.939148, 53.546852], [9.938991, 53.546869], [9.938761, 53.546901], [9.938612, 53.546925], [9.938358, 53.546974], [9.938226, 53.547003], [9.938101, 53.547032], [9.937951, 53.547072], [9.937944, 53.547074]], [[9.937944, 53.547074], [9.938094, 53.547037], [9.938214, 53.547009], [9.938349, 53.546981], [9.938605, 53.546934], [9.93874, 53.546906], [9.939148, 53.546852]], [[9.939148, 53.546852], [9.939176, 53.546848], [9.939201, 53.546846]], [[9.939201, 53.546846], [9.939148, 53.546852]], [[9.939433, 53.546826], [9.939282, 53.546837], [9.939201, 53.546846]], [[9.939201, 53.546846], [9.939433, 53.546826]], [[9.939433, 53.546826], [9.939643, 53.546809], [9.93979, 53.546808]], [[9.93979, 53.546808], [9.939657, 53.546811], [9.939433, 53.546826]], [[9.9402, 53.546804], [9.939965, 53.546803], [9.93979, 53.546808]], [[9.93979, 53.546808], [9.939945, 53.546806], [9.9402, 53.546804]], [[9.940447, 53.546812], [9.940287, 53.546805], [9.9402, 53.546804]], [[9.9402, 53.546804], [9.940276, 53.546804], [9.940447, 53.546812]], [[9.940731, 53.546831], [9.940604, 53.546819], [9.940447, 53.546812]], [[9.940447, 53.546812], [9.940594, 53.546819], [9.940731, 53.546831]], [[9.940731, 53.546831], [9.940881, 53.546844], [9.941123, 53.546878], [9.941396, 53.546921], [9.941567, 53.546953]], [[9.941567, 53.546953], [9.94139, 53.546923], [9.941112, 53.546878], [9.940902, 53.546847], [9.940731, 53.546831]], [[9.941813, 53.547], [9.941794, 53.546996], [9.9417, 53.546976], [9.941567, 53.546953]], [[9.941567, 53.546953], [9.941714, 53.546981], [9.941805, 53.546999], [9.941813, 53.547]], [[9.941813, 53.547], [9.941956, 53.547024], [9.942108, 53.547059], [9.942244, 53.547094], [9.942396, 53.547129], [9.942563, 53.547172], [9.942684, 53.547198], [9.942791, 53.547242], [9.944112, 53.547755]], [[9.944112, 53.547755], [9.944111, 53.547756], [9.942767, 53.547245], [9.942649, 53.547209], [9.942542, 53.547176], [9.942375, 53.547133], [9.942225, 53.547094], [9.942082, 53.547064], [9.94194, 53.547029], [9.941813, 53.547]], [[9.944112, 53.547755], [9.94413, 53.547762], [9.944115, 53.547753]], [[9.944115, 53.547753], [9.944112, 53.547755]], [[9.944115, 53.547753], [9.944221, 53.547797], [9.944754, 53.547991], [9.945027, 53.548096], [9.945301, 53.548175], [9.945726, 53.548306], [9.946151, 53.548429], [9.946425, 53.548507], [9.946773, 53.548586], [9.947107, 53.548646], [9.947834, 53.548775], [9.948318, 53.548852], [9.948772, 53.54892], [9.949772, 53.549083], [9.950817, 53.549254], [9.951271, 53.549332], [9.951937, 53.549443], [9.95218, 53.549477], [9.952679, 53.549527], [9.953268, 53.549576], [9.954145, 53.549632], [9.954643, 53.549655], [9.955232, 53.549659], [9.955473, 53.549657], [9.955835, 53.549655], [9.956212, 53.549652], [9.956363, 53.54965], [9.956393, 53.54965], [9.95793, 53.549557], [9.95903, 53.549476], [9.959421, 53.549446], [9.959677, 53.549417], [9.959888, 53.549397], [9.960324, 53.549349], [9.9607, 53.549301], [9.961091, 53.549235], [9.961752, 53.549113], [9.962352, 53.548964], [9.962907, 53.548816], [9.963222, 53.548733], [9.963447, 53.548659], [9.963806, 53.548539], [9.964105, 53.54842], [9.964419, 53.548292], [9.964882, 53.54809], [9.965614, 53.547761], [9.965763, 53.547697], [9.966092, 53.547541], [9.966569, 53.547322], [9.966794, 53.547221], [9.966988, 53.547148], [9.967586, 53.546927], [9.967871, 53.546835], [9.968425, 53.546669], [9.968876, 53.546566], [9.969266, 53.546473], [9.969416, 53.546445], [9.969686, 53.546398], [9.970257, 53.546295], [9.970588, 53.546247], [9.971024, 53.546172], [9.971431, 53.546141], [9.971687, 53.546121], [9.971898, 53.54612], [9.97232, 53.546125], [9.972411, 53.546124], [9.972819, 53.546139], [9.973151, 53.546163], [9.973438, 53.546197], [9.973983, 53.546264]], [[9.973983, 53.546264], [9.975089, 53.546444], [9.976058, 53.546625], [9.976498, 53.546711], [9.976983, 53.546824], [9.977393, 53.546946], [9.977743, 53.54706], [9.978124, 53.54721], [9.978489, 53.547378], [9.978825, 53.547537], [9.9791, 53.547696], [9.979177, 53.547749], [9.979468, 53.547918], [9.979912, 53.548193], [9.980447, 53.548512], [9.980691, 53.548645], [9.981012, 53.548804], [9.981271, 53.5489], [9.981575, 53.549006], [9.981833, 53.549075], [9.982076, 53.549136], [9.982455, 53.549214], [9.98253, 53.549222], [9.982909, 53.549273], [9.982939, 53.549273], [9.983271, 53.549297], [9.983649, 53.54933], [9.984239, 53.54937], [9.984919, 53.549436]], [[9.999898, 53.556789], [9.999561, 53.556746], [9.999318, 53.556694], [9.99906, 53.556642], [9.998787, 53.556564], [9.998528, 53.556476], [9.998163, 53.556335], [9.997964, 53.556247], [9.997766, 53.556141], [9.997537, 53.556017], [9.997322, 53.555866], [9.997214, 53.555786], [9.997137, 53.555733], [9.996937, 53.555555], [9.996845, 53.555484], [9.996783, 53.555403], [9.996628, 53.555234], [9.996488, 53.555046], [9.996393, 53.554867], [9.996188, 53.554483], [9.995967, 53.554098], [9.995764, 53.553803], [9.99564, 53.553643], [9.995516, 53.553518], [9.995361, 53.553357], [9.995162, 53.553197], [9.995008, 53.553073], [9.994839, 53.552948], [9.994609, 53.552807], [9.994548, 53.552753], [9.994348, 53.552629], [9.99418, 53.552532], [9.994104, 53.552487], [9.994058, 53.552461], [9.993997, 53.552434], [9.993753, 53.552328], [9.992869, 53.551958], [9.992047, 53.551633], [9.992031, 53.551624], [9.991986, 53.551606], [9.990737, 53.551105], [9.990189, 53.550893], [9.989503, 53.550612], [9.988498, 53.550216], [9.988148, 53.550093], [9.987768, 53.549979], [9.987419, 53.549892], [9.987101, 53.549823], [9.986692, 53.549763], [9.986299, 53.549713], [9.986238, 53.549713], [9.985966, 53.549679], [9.985906, 53.54968], [9.985013, 53.549597], [9.98453, 53.549556], [9.98453, 53.549565], [9.984167, 53.549515], [9.983607, 53.549456], [9.983244, 53.549414], [9.982911, 53.549363], [9.982866, 53.549363], [9.982411, 53.549277], [9.982047, 53.549199], [9.981774, 53.54913], [9.981546, 53.54906], [9.981181, 53.548937], [9.980937, 53.548831], [9.980617, 53.548681], [9.980357, 53.548539], [9.979837, 53.548229], [9.979408, 53.547963], [9.979041, 53.547733], [9.978766, 53.547582], [9.97846, 53.547423], [9.978095, 53.547264], [9.977714, 53.547105], [9.977349, 53.546992], [9.976939, 53.546869], [9.976454, 53.546765], [9.976029, 53.546679], [9.974575, 53.546421], [9.974469, 53.546404], [9.973983, 53.546264]], [[9.980241, 53.460618], [9.980241, 53.460627]], [[9.980241, 53.460618], [9.980437, 53.460607], [9.981833, 53.460425], [9.982133, 53.460386], [9.982268, 53.460367], [9.982418, 53.460348], [9.982942, 53.460227], [9.983511, 53.460087], [9.983676, 53.46005], [9.984618, 53.459773], [9.985724, 53.459404], [9.986275, 53.459139], [9.98721, 53.458583], [9.988234, 53.457955], [9.988398, 53.457873], [9.988591, 53.457763], [9.989142, 53.457471], [9.989216, 53.457426], [9.98932, 53.45738], [9.989499, 53.457297], [9.989871, 53.457142], [9.989961, 53.457105], [9.990081, 53.457068], [9.99017, 53.45704], [9.99026, 53.457013], [9.99038, 53.456994], [9.990725, 53.456955], [9.991101, 53.456907], [9.991311, 53.456887], [9.993458, 53.456636], [9.993608, 53.456634], [9.993714, 53.456633], [9.993849, 53.456641], [9.994151, 53.456666], [9.994347, 53.456691], [9.994514, 53.456717], [9.994665, 53.456733], [9.994831, 53.456768], [9.995104, 53.456837], [9.995286, 53.45689], [9.995407, 53.456925], [9.995589, 53.456986], [9.995816, 53.457065], [9.996044, 53.457144], [9.996317, 53.457241], [9.996698, 53.457417], [9.99714, 53.457629], [9.997997, 53.458233], [9.998661, 53.458928], [9.998911, 53.459331], [9.999132, 53.459751], [9.999303, 53.46063], [9.999309, 53.461529], [9.999134, 53.462411], [9.998883, 53.463276], [9.998338, 53.46443], [9.998108, 53.464908], [9.99798, 53.465206], [9.997432, 53.466271], [9.997261, 53.466677], [9.997063, 53.467199], [9.996994, 53.467488], [9.99694, 53.46774], [9.9969, 53.467947], [9.996894, 53.468333], [9.996937, 53.468917], [9.996973, 53.469159], [9.997055, 53.469455], [9.997185, 53.469822], [9.997358, 53.470162], [9.997501, 53.470476], [9.997659, 53.47078], [9.998146, 53.471647], [9.999693, 53.474653], [9.99974, 53.474752], [9.999977, 53.475226], [10.000435, 53.476103], [10.000608, 53.476452], [10.000926, 53.477123], [10.001274, 53.477866], [10.001771, 53.47912], [10.002233, 53.480203], [10.002651, 53.481287], [10.002779, 53.481636], [10.002812, 53.481753], [10.003265, 53.483061], [10.003689, 53.484441], [10.004083, 53.485804], [10.004434, 53.487256], [10.004839, 53.489104], [10.005184, 53.49097], [10.005358, 53.491948], [10.005584, 53.493231], [10.005826, 53.494532], [10.006068, 53.495824], [10.006166, 53.496173], [10.006248, 53.496424], [10.006265, 53.496505], [10.006331, 53.496747], [10.006604, 53.497464], [10.00678, 53.497911], [10.006944, 53.498476], [10.007057, 53.498781], [10.007042, 53.498781], [10.007337, 53.499785], [10.00737, 53.49991], [10.007459, 53.500484], [10.007545, 53.500915], [10.007645, 53.501319], [10.007661, 53.501372], [10.007741, 53.501578], [10.007886, 53.501954], [10.008175, 53.502707], [10.008451, 53.503531], [10.008565, 53.50389], [10.008783, 53.504849], [10.008897, 53.505828], [10.008906, 53.506187], [10.008909, 53.506313], [10.008876, 53.507481], [10.008908, 53.508838], [10.008937, 53.509395], [10.008916, 53.509799], [10.008881, 53.510222], [10.00886, 53.510599], [10.00886, 53.511255], [10.008888, 53.511794], [10.008978, 53.512404], [10.009173, 53.513005], [10.009303, 53.513381], [10.010036, 53.515055], [10.010609, 53.516335], [10.010929, 53.517096], [10.011213, 53.517624], [10.011229, 53.517651], [10.011245, 53.517696], [10.011623, 53.518393], [10.011813, 53.518769], [10.012019, 53.519181], [10.012431, 53.520031], [10.012636, 53.520415], [10.012887, 53.520818], [10.013028, 53.521032], [10.013294, 53.521425], [10.013512, 53.521729], [10.013574, 53.5218], [10.01359, 53.521818], [10.013761, 53.522041], [10.013901, 53.522229], [10.013995, 53.522372], [10.01412, 53.52255], [10.014262, 53.52281], [10.014483, 53.523221], [10.014703, 53.523624], [10.015063, 53.52416], [10.015078, 53.524178], [10.015312, 53.524481], [10.016291, 53.525713], [10.017328, 53.526809], [10.018489, 53.528039], [10.018814, 53.528396], [10.018922, 53.528512], [10.019077, 53.528681], [10.019247, 53.528868], [10.019464, 53.5291], [10.019588, 53.529234]], [[9.984919, 53.549436], [9.98507, 53.549453], [9.985963, 53.549554], [9.986008, 53.549562], [9.986281, 53.549596], [9.98672, 53.549673], [9.987114, 53.54976], [9.987463, 53.549838], [9.987797, 53.549934], [9.988162, 53.55003], [9.988573, 53.550188], [9.989395, 53.550523], [9.990218, 53.550839], [9.990811, 53.551041], [9.991464, 53.551251], [9.992104, 53.55148], [9.992165, 53.551506], [9.99218, 53.551515], [9.992987, 53.551841], [9.993886, 53.552193], [9.99419, 53.552316], [9.994221, 53.552334], [9.994282, 53.55236], [9.994358, 53.552404], [9.994557, 53.552519], [9.99471, 53.552608], [9.994771, 53.552643], [9.994833, 53.552679], [9.99491, 53.55275], [9.995063, 53.552857], [9.995094, 53.552883], [9.99514, 53.552928], [9.995217, 53.55299], [9.995263, 53.553035], [9.99531, 53.553079], [9.995356, 53.553133], [9.995511, 53.553302], [9.995651, 53.55349], [9.99576, 53.553624], [9.995869, 53.553776], [9.996042, 53.55408], [9.996263, 53.554473], [9.996468, 53.554849], [9.996578, 53.555028], [9.996718, 53.555206], [9.996873, 53.555375], [9.996935, 53.555465], [9.997012, 53.555536], [9.997197, 53.555705], [9.997366, 53.55583], [9.997596, 53.555972], [9.997826, 53.556113], [9.998009, 53.556202], [9.998192, 53.55629], [9.998557, 53.55644], [9.998816, 53.556518], [9.999089, 53.556597], [9.999347, 53.556658], [9.99959, 53.556701], [9.999968, 53.556751], [10.000098, 53.556763]], [[9.984919, 53.549436], [9.984919, 53.549445]], [[9.999442, 53.556828], [9.999834, 53.556797], [9.999898, 53.556789]], [[9.999977, 53.556798], [9.999442, 53.556828]], [[9.999977, 53.556798], [9.999954, 53.556796], [9.999898, 53.556789]], [[9.999898, 53.556789], [10.000098, 53.556763]], [[10.006555, 53.554522], [10.006244, 53.554785], [10.006096, 53.554903], [10.006022, 53.554957], [10.005815, 53.555112], [10.005562, 53.555285], [10.00531, 53.555449], [10.005072, 53.555603], [10.004804, 53.555749], [10.004774, 53.555759], [10.00461, 53.555859], [10.004431, 53.555941], [10.004267, 53.556023], [10.003968, 53.556161], [10.00364, 53.556298], [10.003385, 53.556399], [10.003146, 53.556482], [10.002921, 53.556556], [10.002651, 53.556621], [10.002426, 53.556677], [10.002156, 53.556724], [10.00187, 53.556771], [10.001539, 53.55681], [10.001177, 53.556831], [10.000816, 53.556843], [10.000559, 53.556845], [10.000302, 53.556829], [9.999977, 53.556798]], [[10.000222, 53.556775], [10.000015, 53.556796], [9.999977, 53.556798]], [[10.000098, 53.556763], [10.000222, 53.556775]], [[10.000098, 53.556763], [10.000586, 53.556701], [10.000631, 53.556701], [10.000812, 53.556681], [10.001113, 53.556643], [10.001218, 53.556624], [10.001443, 53.556595], [10.001954, 53.556501], [10.002119, 53.556464], [10.00224, 53.556445], [10.0023, 53.556426], [10.002915, 53.556286], [10.003215, 53.556212], [10.003665, 53.556082], [10.003785, 53.556046], [10.003979, 53.555981], [10.004054, 53.555953], [10.00434, 53.555832]], [[10.000222, 53.556775], [10.000316, 53.556784], [10.000573, 53.556791], [10.00083, 53.556798], [10.001191, 53.556786], [10.001523, 53.556765], [10.001824, 53.556727], [10.00214, 53.556679], [10.002395, 53.556623], [10.00262, 53.556576], [10.002875, 53.556502], [10.003115, 53.556428], [10.003339, 53.556346], [10.003578, 53.556254], [10.003891, 53.556099], [10.004038, 53.556009]], [[10.004038, 53.556009], [10.003921, 53.556053], [10.003816, 53.556081], [10.003741, 53.556109], [10.003501, 53.556183], [10.003231, 53.556257], [10.003051, 53.556294], [10.002856, 53.55635], [10.002661, 53.556387], [10.002301, 53.556471], [10.002015, 53.556528], [10.00152, 53.556622], [10.001294, 53.556659], [10.001189, 53.556669], [10.000828, 53.556717], [10.000647, 53.556737], [10.000301, 53.556767], [10.000222, 53.556775]], [[10.004038, 53.556009], [10.004144, 53.555944], [10.004293, 53.555862], [10.00434, 53.555832]], [[10.006555, 53.554522], [10.006347, 53.554667], [10.006214, 53.554767], [10.006036, 53.554885], [10.005753, 53.555077], [10.005486, 53.555249], [10.005218, 53.555422], [10.005085, 53.555504], [10.004757, 53.555687], [10.004474, 53.555824], [10.004264, 53.555916], [10.004115, 53.55598], [10.004038, 53.556009]], [[10.00434, 53.555832], [10.004546, 53.555698], [10.004828, 53.555507], [10.004843, 53.555488], [10.005051, 53.555352], [10.005289, 53.555206], [10.005691, 53.554978], [10.005929, 53.55485], [10.00633, 53.554577]], [[10.00434, 53.555832], [10.004398, 53.555807], [10.004621, 53.555697], [10.004904, 53.555542], [10.005157, 53.555387], [10.005425, 53.555214], [10.005841, 53.55495], [10.005959, 53.554859], [10.00633, 53.554577]], [[10.00633, 53.554577], [10.006538, 53.554432], [10.006686, 53.554314], [10.006967, 53.554069], [10.007084, 53.553897], [10.00717, 53.553744], [10.007257, 53.553572], [10.007329, 53.553428], [10.007343, 53.553401], [10.007358, 53.553392], [10.007358, 53.553374], [10.007431, 53.553265], [10.007575, 53.553003], [10.00764, 53.552818], [10.007645, 53.552818], [10.007663, 53.552782], [10.007769, 53.552546], [10.007922, 53.552111], [10.008021, 53.551857], [10.008079, 53.551708], [10.008118, 53.551633], [10.008192, 53.551508], [10.008255, 53.551416], [10.008344, 53.551294], [10.00836, 53.551274], [10.008475, 53.551141], [10.008611, 53.551022], [10.008756, 53.550906], [10.00895, 53.550757], [10.009119, 53.550659], [10.00938, 53.550522], [10.009959, 53.550276], [10.010217, 53.550183], [10.010421, 53.550117], [10.010627, 53.550055], [10.010777, 53.550012], [10.011199, 53.549919], [10.01138, 53.549887], [10.011571, 53.549857], [10.011982, 53.549804], [10.012372, 53.549758], [10.012544, 53.54974], [10.012671, 53.54973], [10.012757, 53.549723], [10.01302, 53.549714], [10.013181, 53.549714], [10.013459, 53.549716], [10.013829, 53.549735], [10.01392, 53.549742], [10.014109, 53.549756], [10.014452, 53.549791], [10.01481, 53.549838], [10.01517, 53.549903], [10.016091, 53.5501], [10.016199, 53.550125], [10.016996, 53.55031], [10.017466, 53.550402], [10.017754, 53.550443], [10.01804, 53.550471], [10.018456, 53.550482], [10.01882, 53.55047], [10.01912, 53.550443], [10.019157, 53.550438], [10.01943, 53.550398], [10.019767, 53.550326], [10.0201, 53.550239], [10.020486, 53.550098], [10.020825, 53.549938], [10.021099, 53.549775], [10.021424, 53.549523], [10.02155, 53.549394], [10.021648, 53.549287], [10.022302, 53.54846], [10.022338, 53.548414], [10.022507, 53.548197], [10.022762, 53.54788], [10.023129, 53.547407], [10.023182, 53.54734], [10.023464, 53.546977], [10.02374, 53.546623], [10.023765, 53.54659], [10.023777, 53.546594]], [[10.006851, 53.554268], [10.006718, 53.554376], [10.006555, 53.554522]], [[10.010435, 53.550185], [10.010121, 53.550295], [10.009822, 53.550415], [10.009479, 53.550579], [10.009479, 53.550588], [10.009465, 53.550597], [10.009182, 53.55078], [10.009004, 53.550907], [10.008856, 53.551043], [10.008783, 53.551115], [10.008694, 53.551206], [10.00868, 53.551224], [10.008445, 53.551523], [10.008301, 53.551802], [10.008229, 53.551956], [10.008158, 53.552127], [10.00813, 53.552217], [10.008116, 53.552271], [10.008046, 53.552487], [10.00799, 53.552659], [10.007925, 53.552754], [10.007832, 53.553001], [10.00776, 53.553146], [10.00776, 53.553164], [10.007731, 53.553191], [10.007673, 53.553308], [10.0076, 53.553426], [10.007469, 53.553597], [10.007396, 53.553697], [10.007264, 53.553851], [10.007131, 53.554005], [10.006851, 53.554268]], [[10.010435, 53.550185], [10.010062, 53.550332], [10.009883, 53.550414], [10.009734, 53.550496], [10.00957, 53.550588], [10.00954, 53.550597], [10.00917, 53.550887], [10.009067, 53.550996], [10.008934, 53.551123], [10.008919, 53.55115], [10.008801, 53.551268], [10.008802, 53.551277], [10.008684, 53.551395], [10.008597, 53.551539], [10.008539, 53.551657], [10.008453, 53.551828], [10.008411, 53.55199], [10.008355, 53.552143], [10.008327, 53.552242], [10.008313, 53.552296], [10.008258, 53.552504], [10.008201, 53.552666], [10.0081, 53.552859], [10.008043, 53.553017], [10.007956, 53.553162], [10.007942, 53.553198], [10.007855, 53.553334], [10.007781, 53.553415], [10.007678, 53.553533], [10.007428, 53.553777], [10.007132, 53.554031], [10.006851, 53.554268]], [[10.023777, 53.546594], [10.023748, 53.54663], [10.02347, 53.546983], [10.023192, 53.547354], [10.023133, 53.547417], [10.022767, 53.547887], [10.022518, 53.548204], [10.022343, 53.548421], [10.022313, 53.548466], [10.021655, 53.549299], [10.021552, 53.549407], [10.021434, 53.549534], [10.021108, 53.549789], [10.020825, 53.549944], [10.020497, 53.550108], [10.020108, 53.550246], [10.019779, 53.550339], [10.019433, 53.550405], [10.019163, 53.550452], [10.019133, 53.550452], [10.018831, 53.550482], [10.018455, 53.550494], [10.018047, 53.55048], [10.01776, 53.550455], [10.017472, 53.550413], [10.017002, 53.550318], [10.016198, 53.550136], [10.016092, 53.55011], [10.015182, 53.549911], [10.014818, 53.549851], [10.014455, 53.5498], [10.014122, 53.549767], [10.013925, 53.549751], [10.013835, 53.549743], [10.013472, 53.549728], [10.013185, 53.549721], [10.013019, 53.549723], [10.012763, 53.549734], [10.012673, 53.549744], [10.012553, 53.549754], [10.012372, 53.549764], [10.011981, 53.549812], [10.011515, 53.549897], [10.010885, 53.550046], [10.010435, 53.550185]], [[10.019588, 53.529234], [10.020932, 53.530588], [10.021411, 53.53106], [10.021582, 53.531248], [10.021922, 53.531604], [10.021937, 53.531613], [10.022433, 53.532157], [10.022619, 53.532362], [10.023332, 53.533138], [10.024075, 53.533949], [10.024091, 53.533976], [10.024106, 53.533985], [10.024153, 53.534038], [10.024261, 53.534163], [10.024556, 53.534502], [10.024696, 53.534662], [10.024943, 53.534921], [10.024898, 53.534939], [10.025007, 53.535082], [10.025055, 53.535171], [10.025118, 53.53527], [10.02518, 53.535368], [10.025259, 53.535502], [10.025323, 53.535645], [10.025371, 53.535753], [10.025418, 53.535833], [10.02545, 53.535923], [10.025578, 53.536218], [10.02615, 53.538064], [10.026543, 53.53931], [10.026852, 53.540251], [10.026935, 53.540565], [10.027003, 53.540887], [10.02704, 53.541148], [10.027046, 53.54139], [10.027036, 53.541633], [10.027025, 53.541795], [10.027026, 53.541813], [10.026944, 53.542173], [10.026759, 53.542642], [10.026585, 53.542931], [10.026425, 53.543175], [10.026045, 53.543681], [10.02603, 53.54369], [10.025723, 53.544097], [10.025196, 53.544767]], [[10.025196, 53.544767], [10.025677, 53.544071], [10.026539, 53.542895], [10.026684, 53.542642], [10.026798, 53.542381], [10.026883, 53.542164], [10.026951, 53.54184], [10.02695, 53.541813], [10.026965, 53.541813], [10.026976, 53.541633], [10.026985, 53.541391], [10.026979, 53.541148], [10.026943, 53.540888], [10.026875, 53.540574], [10.026792, 53.54026], [10.026482, 53.53931], [10.025518, 53.536219], [10.02539, 53.535932], [10.025374, 53.535888], [10.025358, 53.535843], [10.02531, 53.535753], [10.025263, 53.535664], [10.025199, 53.535512], [10.02512, 53.535378], [10.025073, 53.535297], [10.02501, 53.535181], [10.024947, 53.5351], [10.024793, 53.534958], [10.024838, 53.53494], [10.024744, 53.534806], [10.024651, 53.534681], [10.024511, 53.53452], [10.024217, 53.53419], [10.024093, 53.534057], [10.021877, 53.531622], [10.021352, 53.531079], [10.021119, 53.530829], [10.020718, 53.530437], [10.019588, 53.529234]], [[10.025196, 53.544767], [10.025079, 53.544911], [10.02483, 53.545228], [10.024728, 53.545373], [10.024567, 53.545572], [10.023777, 53.546594]]]}, "properties": {"linie": "S3", "farbe": "#622181"}}, {"type": "Feature", "geometry": {"type": "MultiLineString", "coordinates": [[[9.819353, 53.47476], [9.819247, 53.474752], [9.818433, 53.474703], [9.818252, 53.474696], [9.817724, 53.474663], [9.816895, 53.474624], [9.814136, 53.474463], [9.810758, 53.474271], [9.810457, 53.474255], [9.804411, 53.473918], [9.80022, 53.473695], [9.79823, 53.473582], [9.797205, 53.473526], [9.793315, 53.47331], [9.791234, 53.473189], [9.790842, 53.473164], [9.790315, 53.473132], [9.789576, 53.473092], [9.788687, 53.473044], [9.788189, 53.47302], [9.786878, 53.472948], [9.783923, 53.472787], [9.781631, 53.47265], [9.78053, 53.472585], [9.769375, 53.471966], [9.759304, 53.471401], [9.757903, 53.47132], [9.746808, 53.470716], [9.74429, 53.470579], [9.740145, 53.470353], [9.728206, 53.469663], [9.726292, 53.469549], [9.719524, 53.469168], [9.718981, 53.469135], [9.716675, 53.469014], [9.712892, 53.468812], [9.710752, 53.468699], [9.708115, 53.468616], [9.706895, 53.468578], [9.705088, 53.468625], [9.703403, 53.468707], [9.70217, 53.468813], [9.70205, 53.468822], [9.700862, 53.468946], [9.697947, 53.469305], [9.697466, 53.46937], [9.69688, 53.469437], [9.69488, 53.469664], [9.69437, 53.46973], [9.693182, 53.46988], [9.692536, 53.469956], [9.69168, 53.470096], [9.691169, 53.470162], [9.689501, 53.470369], [9.688058, 53.470539], [9.688062, 53.470547], [9.688058, 53.470557], [9.687532, 53.470623], [9.68122, 53.471396], [9.678123, 53.471782], [9.677642, 53.47183], [9.677191, 53.471859], [9.6768, 53.471897], [9.676619, 53.471916], [9.671599, 53.472511], [9.671103, 53.472576], [9.671028, 53.472586], [9.665121, 53.473329], [9.661197, 53.473791], [9.66016, 53.473913], [9.658808, 53.474145], [9.657742, 53.474367], [9.657277, 53.474495], [9.656542, 53.474679], [9.655883, 53.474889], [9.654939, 53.475191], [9.653995, 53.475547], [9.6519, 53.476394], [9.649893, 53.477186], [9.641809, 53.480411], [9.641015, 53.480721], [9.639922, 53.481158], [9.639353, 53.481377], [9.639353, 53.481386], [9.638724, 53.481641], [9.638649, 53.481668], [9.638574, 53.481695], [9.63856, 53.481704], [9.631627, 53.4845], [9.631567, 53.484527], [9.624228, 53.487432], [9.622326, 53.488206], [9.619136, 53.489471], [9.618956, 53.489553], [9.613308, 53.491774], [9.611555, 53.492466], [9.609997, 53.493094], [9.603735, 53.495588], [9.603375, 53.495725], [9.595568, 53.498855], [9.592886, 53.499937], [9.588944, 53.501493], [9.586996, 53.502249], [9.584613, 53.503213], [9.584433, 53.503294], [9.584193, 53.503394], [9.583219, 53.503795], [9.582904, 53.503931], [9.58226, 53.504231], [9.581647, 53.504548], [9.581423, 53.504675], [9.581213, 53.504802], [9.58081, 53.505082], [9.580078, 53.505562], [9.579526, 53.505987], [9.579422, 53.506059], [9.579095, 53.506402], [9.578693, 53.506746], [9.578305, 53.50708], [9.577843, 53.507478], [9.577829, 53.507496], [9.577561, 53.507731], [9.577293, 53.507975], [9.577025, 53.508236], [9.576385, 53.508842], [9.5764, 53.508841], [9.57637, 53.50886], [9.57448, 53.510675], [9.573886, 53.51128], [9.573811, 53.511352], [9.573559, 53.511623], [9.573306, 53.511893], [9.573113, 53.512101], [9.572816, 53.512453], [9.572356, 53.513012], [9.571987, 53.513535], [9.571898, 53.513688], [9.571618, 53.514184], [9.571281, 53.51485], [9.56908, 53.519362], [9.569036, 53.519461], [9.567554, 53.522478], [9.566042, 53.525586], [9.565632, 53.526522], [9.565415, 53.527152], [9.56533, 53.527611], [9.565233, 53.528213], [9.565165, 53.528797], [9.565093, 53.530154], [9.565064, 53.531395], [9.565002, 53.532365], [9.564933, 53.532869], [9.564792, 53.533597], [9.564676, 53.533993], [9.564458, 53.534614], [9.564136, 53.535334], [9.563666, 53.536253], [9.563151, 53.537199], [9.562311, 53.538695], [9.561058, 53.540929], [9.55976, 53.543172], [9.559109, 53.544137], [9.558783, 53.544569], [9.558115, 53.54539], [9.558086, 53.545435], [9.557818, 53.545742], [9.557431, 53.546121], [9.55679, 53.546735], [9.556403, 53.547096], [9.554584, 53.548767], [9.548933, 53.553969], [9.548366, 53.554438], [9.547484, 53.555107], [9.546542, 53.555768], [9.542934, 53.557941], [9.537496, 53.561137], [9.537032, 53.561399], [9.536537, 53.561644], [9.532922, 53.563368], [9.531916, 53.563839], [9.531541, 53.564003], [9.531406, 53.564066], [9.530731, 53.564375], [9.52959, 53.56491], [9.528525, 53.565436], [9.527535, 53.565925], [9.527055, 53.566179], [9.526545, 53.566424], [9.525766, 53.566886], [9.524628, 53.567591], [9.523804, 53.568098], [9.523056, 53.568614], [9.521484, 53.569726], [9.519974, 53.570846], [9.518433, 53.571985], [9.515965, 53.573829], [9.515292, 53.574353], [9.51426, 53.575157], [9.513197, 53.575898], [9.512583, 53.57635], [9.511431, 53.577218], [9.510728, 53.577751], [9.509591, 53.578573], [9.507719, 53.579821], [9.50634, 53.580735], [9.505127, 53.581521], [9.504228, 53.582118], [9.503614, 53.582534], [9.502161, 53.583511], [9.500243, 53.584768], [9.498656, 53.585906], [9.497488, 53.586765], [9.497174, 53.586982], [9.493685, 53.589539], [9.492711, 53.590235], [9.490705, 53.59169], [9.490405, 53.591862], [9.489626, 53.592395], [9.489086, 53.592784], [9.489056, 53.59282], [9.488757, 53.593063], [9.488398, 53.593317], [9.487753, 53.593715], [9.487257, 53.593968], [9.487077, 53.594059], [9.486461, 53.594349], [9.48598, 53.594539], [9.485153, 53.594839], [9.484279, 53.595058], [9.483375, 53.595224], [9.481098, 53.595565], [9.478972, 53.595889], [9.477947, 53.596045], [9.476454, 53.596276], [9.477129, 53.596169]], [[9.798372, 53.654931], [9.798626, 53.654749], [9.799074, 53.65445], [9.799656, 53.654006], [9.800178, 53.653616], [9.800193, 53.653607], [9.800207, 53.653589], [9.800252, 53.653561], [9.800729, 53.65319], [9.800849, 53.653108], [9.801028, 53.65299], [9.801431, 53.652709], [9.802461, 53.652019], [9.805193, 53.65015], [9.810449, 53.64661], [9.810524, 53.646565], [9.812152, 53.645511], [9.813243, 53.644848], [9.813527, 53.644675], [9.814228, 53.644203]], [[9.814228, 53.644203], [9.81402, 53.644349]], [[9.814228, 53.644203], [9.814244, 53.644203], [9.815109, 53.643604], [9.815944, 53.642988], [9.816585, 53.642516], [9.817555, 53.641854], [9.81866, 53.641127], [9.818989, 53.640927], [9.819916, 53.640382], [9.821607, 53.63949], [9.823703, 53.638424], [9.825948, 53.637267], [9.82746, 53.636493], [9.82975, 53.635336], [9.8299, 53.635263], [9.830678, 53.634863], [9.832085, 53.634125], [9.83234, 53.634006], [9.833312, 53.633505], [9.835542, 53.632349], [9.837322, 53.631411], [9.837382, 53.631383], [9.837756, 53.631183], [9.83804, 53.631037], [9.83861, 53.630764], [9.838594, 53.630755], [9.839163, 53.630463], [9.840824, 53.629607], [9.841991, 53.629006], [9.842873, 53.628542], [9.844011, 53.627967], [9.84434, 53.627794], [9.844744, 53.627594], [9.84657, 53.626691], [9.847019, 53.626473], [9.848186, 53.625889], [9.849563, 53.625188], [9.851119, 53.624395], [9.852031, 53.62393], [9.853542, 53.623156], [9.853901, 53.622982], [9.854874, 53.622472], [9.857357, 53.621197], [9.858733, 53.620486], [9.858987, 53.620358], [9.862665, 53.618427], [9.865567, 53.616941], [9.866674, 53.616412], [9.866913, 53.616303], [9.867318, 53.616111], [9.867437, 53.616056], [9.867826, 53.615865], [9.867872, 53.615864], [9.867856, 53.615855], [9.869247, 53.615144], [9.871025, 53.614152], [9.872445, 53.613414], [9.875495, 53.611846], [9.879503, 53.609858], [9.88061, 53.609302], [9.881179, 53.609055], [9.882003, 53.608707], [9.883997, 53.607965], [9.885046, 53.607553], [9.885943, 53.607133], [9.886525, 53.606796], [9.887002, 53.606487], [9.887539, 53.606133], [9.888298, 53.605615], [9.888745, 53.605315], [9.889267, 53.604961], [9.890746, 53.604186], [9.891791, 53.603594], [9.892329, 53.603312], [9.892359, 53.603293], [9.892852, 53.603047], [9.893076, 53.602929], [9.893465, 53.602728], [9.893555, 53.602709], [9.893539, 53.602692], [9.894003, 53.602454], [9.894077, 53.602409], [9.894586, 53.602154], [9.894839, 53.602017], [9.895437, 53.601707], [9.895572, 53.601634], [9.89587, 53.601479], [9.896513, 53.601133], [9.897081, 53.600841], [9.897185, 53.600786], [9.898171, 53.600285], [9.898784, 53.599984], [9.899577, 53.599627], [9.900206, 53.599344], [9.900281, 53.599307], [9.901088, 53.598933], [9.901836, 53.598568], [9.902538, 53.598185], [9.903404, 53.597712], [9.903508, 53.597648], [9.904269, 53.597229], [9.904912, 53.596909], [9.905645, 53.596598], [9.906005, 53.596443], [9.906214, 53.596342], [9.906423, 53.596233], [9.906438, 53.596233], [9.906677, 53.596114], [9.907394, 53.595741], [9.908738, 53.595038], [9.909082, 53.594856], [9.909635, 53.594564], [9.910008, 53.594382], [9.911517, 53.593616], [9.911741, 53.593506], [9.912593, 53.593059], [9.913443, 53.592585], [9.914145, 53.592203], [9.914668, 53.591929], [9.91531, 53.591583], [9.91631, 53.591054], [9.916996, 53.590662], [9.917115, 53.59059], [9.917324, 53.590462], [9.917443, 53.590389], [9.917727, 53.590226], [9.91807, 53.590016], [9.918204, 53.589943], [9.918472, 53.58978], [9.918487, 53.589779], [9.918474, 53.589779], [9.918964, 53.589488], [9.919278, 53.589324], [9.919561, 53.589169], [9.919666, 53.589114], [9.919905, 53.588996], [9.920622, 53.588631], [9.921025, 53.588421], [9.921802, 53.58802], [9.922548, 53.587628], [9.922891, 53.587436], [9.923413, 53.587127], [9.924039, 53.586745], [9.924813, 53.586244], [9.925661, 53.585645], [9.926314, 53.585145], [9.926952, 53.584619], [9.927278, 53.584329], [9.92753, 53.584112], [9.927871, 53.583804], [9.928329, 53.583342], [9.928963, 53.582672], [9.929478, 53.58203], [9.929859, 53.581533], [9.930123, 53.581162], [9.930443, 53.58063], [9.930501, 53.58053], [9.930676, 53.580224], [9.930734, 53.580124], [9.930835, 53.579926], [9.93088, 53.57989], [9.93085, 53.579881], [9.930951, 53.579691], [9.930994, 53.579601], [9.931052, 53.579475], [9.931138, 53.57925], [9.931309, 53.578808], [9.931423, 53.578493], [9.931451, 53.578376], [9.931549, 53.578051], [9.931689, 53.577538], [9.931841, 53.576917], [9.931921, 53.576449], [9.931986, 53.575963], [9.932025, 53.575666], [9.932113, 53.574875], [9.932201, 53.574066], [9.932243, 53.573922], [9.932327, 53.573589], [9.932456, 53.573282], [9.932557, 53.573066], [9.932861, 53.572506], [9.93318, 53.571911], [9.933413, 53.571486], [9.933702, 53.570945], [9.933829, 53.570504], [9.933868, 53.570225], [9.933921, 53.56991], [9.934007, 53.569002], [9.93407, 53.568444], [9.934084, 53.568399]], [[9.980241, 53.460618], [9.978888, 53.460719], [9.978618, 53.460748], [9.978468, 53.460776], [9.978378, 53.460795], [9.978198, 53.460823], [9.978049, 53.46086], [9.977899, 53.460906], [9.977765, 53.460952], [9.977302, 53.461145], [9.976825, 53.461346], [9.973146, 53.463084], [9.972967, 53.463157], [9.972818, 53.463212], [9.972594, 53.463295], [9.972489, 53.463323], [9.972354, 53.46336], [9.971545, 53.463537], [9.97147, 53.463556], [9.97138, 53.463574], [9.971245, 53.463584], [9.965992, 53.464319], [9.965676, 53.464357], [9.965601, 53.464376], [9.965541, 53.464385], [9.965482, 53.464404], [9.965437, 53.464413], [9.965392, 53.464432], [9.965332, 53.46445], [9.965197, 53.464487], [9.965093, 53.464533], [9.964914, 53.464606], [9.964616, 53.464734], [9.963217, 53.465465], [9.963096, 53.465439], [9.961695, 53.466079], [9.959208, 53.467294], [9.956766, 53.468518], [9.956587, 53.468609], [9.956409, 53.468718], [9.955057, 53.469556], [9.954255, 53.470038], [9.954166, 53.470093], [9.954091, 53.470138], [9.954047, 53.470166], [9.954002, 53.470184], [9.953942, 53.470211], [9.95348, 53.470422], [9.953346, 53.470477], [9.953137, 53.470559], [9.952853, 53.470669], [9.952659, 53.470743], [9.952375, 53.470835], [9.95218, 53.47089], [9.951941, 53.470955], [9.951536, 53.471048], [9.951132, 53.471132], [9.950547, 53.471227], [9.949329, 53.471335], [9.948412, 53.471397], [9.946275, 53.471495], [9.945703, 53.471499], [9.944755, 53.471525], [9.941471, 53.471497], [9.938835, 53.471445], [9.936275, 53.471474], [9.935281, 53.471482], [9.928927, 53.471532], [9.926849, 53.471548], [9.923431, 53.471575], [9.921534, 53.471589], [9.918914, 53.471609], [9.91807, 53.471607], [9.917077, 53.471614], [9.915541, 53.471626], [9.91393, 53.471639], [9.913644, 53.47165], [9.912334, 53.47166], [9.911386, 53.471694], [9.905758, 53.471916], [9.902071, 53.472052], [9.896112, 53.472286], [9.896082, 53.472286], [9.886752, 53.472652], [9.886075, 53.472684], [9.882599, 53.472809], [9.881771, 53.472833], [9.879092, 53.472907], [9.877482, 53.472972], [9.877075, 53.472984], [9.877076, 53.472993], [9.875013, 53.473053], [9.873314, 53.473156], [9.872667, 53.473187], [9.871659, 53.47324], [9.867793, 53.473465], [9.864317, 53.473607], [9.862977, 53.473653], [9.859787, 53.473775], [9.859501, 53.473786], [9.858688, 53.473819], [9.857951, 53.473842], [9.857394, 53.473864], [9.857229, 53.473883], [9.856672, 53.473905], [9.85616, 53.473909], [9.855798, 53.473911], [9.854413, 53.47393], [9.853856, 53.473934], [9.8536, 53.473945], [9.852276, 53.47399], [9.851884, 53.474002], [9.851889, 53.474004], [9.850455, 53.474057], [9.850394, 53.474058], [9.850259, 53.474068], [9.84907, 53.474112], [9.848649, 53.474133], [9.847054, 53.474189], [9.846948, 53.474199], [9.845744, 53.474235], [9.845157, 53.474248], [9.844766, 53.47426], [9.843968, 53.474274], [9.843305, 53.474279], [9.843079, 53.47428], [9.842598, 53.474293], [9.842131, 53.474305], [9.841649, 53.474317], [9.841634, 53.474318], [9.841559, 53.474318], [9.840987, 53.47434], [9.840174, 53.474373], [9.839858, 53.474384], [9.839678, 53.474394], [9.839527, 53.474395], [9.839001, 53.474417], [9.838609, 53.474438], [9.838203, 53.474459], [9.837873, 53.474497], [9.836761, 53.474639], [9.836536, 53.474668], [9.836385, 53.474687], [9.83616, 53.474706], [9.835784, 53.474736], [9.835363, 53.474775], [9.834595, 53.474807], [9.833753, 53.474849], [9.833391, 53.474852], [9.830396, 53.474944], [9.828921, 53.475], [9.828093, 53.475023], [9.827988, 53.475024], [9.827069, 53.475048], [9.825759, 53.475048], [9.82472, 53.475029], [9.823559, 53.474983], [9.823288, 53.474967], [9.822489, 53.474927], [9.821373, 53.474863], [9.820634, 53.474832], [9.819353, 53.47476]], [[9.819353, 53.47476], [9.819353, 53.474769]], [[9.932158, 53.559956], [9.932148, 53.560007], [9.932143, 53.560228], [9.932162, 53.560421], [9.932185, 53.560536]], [[9.932185, 53.560536], [9.932158, 53.560417], [9.932138, 53.560229], [9.932148, 53.560004], [9.932158, 53.559956]], [[9.932229, 53.55966], [9.932187, 53.559816], [9.932158, 53.559956]], [[9.932158, 53.559956], [9.932189, 53.559815], [9.932229, 53.55966]], [[9.932243, 53.56074], [9.932207, 53.560633], [9.932185, 53.560536]], [[9.932185, 53.560536], [9.932205, 53.560636], [9.932243, 53.56074]], [[9.932229, 53.55966], [9.932231, 53.559653], [9.932244, 53.559624]], [[9.932244, 53.559624], [9.93223, 53.559657], [9.932229, 53.55966]], [[9.932243, 53.56074], [9.932293, 53.560878], [9.932402, 53.561098], [9.932527, 53.56128]], [[9.932527, 53.56128], [9.932399, 53.561098], [9.932288, 53.560875], [9.932243, 53.56074]], [[9.932487, 53.559148], [9.932412, 53.559259], [9.932299, 53.559493], [9.932244, 53.559624]], [[9.932244, 53.559624], [9.932303, 53.559491], [9.932419, 53.559256], [9.932487, 53.559148]], [[9.932487, 53.559148], [9.932579, 53.559003], [9.932747, 53.558823]], [[9.932747, 53.558823], [9.932583, 53.559007], [9.932487, 53.559148]], [[9.932635, 53.561412], [9.93257, 53.56134], [9.932527, 53.56128]], [[9.932527, 53.56128], [9.932569, 53.56134], [9.932635, 53.561412]], [[9.932635, 53.561412], [9.932793, 53.561585], [9.932862, 53.561647]], [[9.932862, 53.561647], [9.932787, 53.561581], [9.932635, 53.561412]], [[9.933337, 53.558214], [9.932913, 53.558638], [9.932747, 53.558823]], [[9.932747, 53.558823], [9.932918, 53.558641], [9.933337, 53.558214]], [[9.933435, 53.562134], [9.933187, 53.561937], [9.932862, 53.561647]], [[9.932862, 53.561647], [9.93318, 53.561937], [9.933435, 53.562134]], [[9.933337, 53.558214], [9.933494, 53.558053], [9.933681, 53.557852]], [[9.933681, 53.557852], [9.933499, 53.558051], [9.933337, 53.558214]], [[9.933435, 53.562134], [9.933562, 53.562232], [9.933776, 53.562396]], [[9.933776, 53.562396], [9.933556, 53.56223], [9.933435, 53.562134]], [[9.933847, 53.55766], [9.933789, 53.557734], [9.933681, 53.557852]], [[9.933681, 53.557852], [9.933789, 53.557736], [9.933847, 53.55766]], [[9.934112, 53.562663], [9.934016, 53.562577], [9.933776, 53.562396]], [[9.933776, 53.562396], [9.934011, 53.562576], [9.934112, 53.562663]], [[9.933847, 53.55766], [9.933935, 53.557546], [9.934013, 53.55743]], [[9.934013, 53.55743], [9.933935, 53.557549], [9.933847, 53.55766]], [[9.934549, 53.556398], [9.934497, 53.556536], [9.934385, 53.556799], [9.934206, 53.557134], [9.934013, 53.55743]], [[9.934013, 53.55743], [9.934213, 53.557131], [9.934387, 53.556797], [9.934502, 53.556535], [9.934549, 53.556398]], [[9.934098, 53.568315], [9.934067, 53.568398], [9.934084, 53.568399]], [[9.934084, 53.568399], [9.934098, 53.568315]], [[9.934098, 53.568315], [9.934137, 53.568075], [9.934223, 53.567841], [9.934238, 53.567812]], [[9.934238, 53.567812], [9.934224, 53.567848], [9.934193, 53.567962], [9.934175, 53.568056], [9.934161, 53.568144], [9.934098, 53.568315]], [[9.934112, 53.562663], [9.93436, 53.562876], [9.934555, 53.563064]], [[9.934555, 53.563064], [9.934355, 53.56288], [9.934112, 53.562663]], [[9.934502, 53.567071], [9.934476, 53.567179], [9.934425, 53.567321], [9.934315, 53.567614], [9.934238, 53.567812]], [[9.934238, 53.567812], [9.934339, 53.567616], [9.934497, 53.567264]], [[9.934497, 53.567264], [9.934502, 53.567071]], [[9.934497, 53.567264], [9.934595, 53.566949], [9.934651, 53.566715], [9.934707, 53.566516], [9.934836, 53.566228], [9.934996, 53.56593], [9.935216, 53.565641], [9.935466, 53.56536], [9.935792, 53.565088], [9.936, 53.564925], [9.936565, 53.56457], [9.937133, 53.564278], [9.937446, 53.564132], [9.937745, 53.563995], [9.938209, 53.563802], [9.938538, 53.563674], [9.938688, 53.563628], [9.938883, 53.563564], [9.939033, 53.563517], [9.939498, 53.563406], [9.939753, 53.563359], [9.940069, 53.563312], [9.94034, 53.563282], [9.940626, 53.563253], [9.940973, 53.563233], [9.94132, 53.563212], [9.941486, 53.563202], [9.941667, 53.563191], [9.941953, 53.563162], [9.942314, 53.563123], [9.94263, 53.563076], [9.942961, 53.563028], [9.943908, 53.562886], [9.944239, 53.562829], [9.94436, 53.56282], [9.945443, 53.562649], [9.945894, 53.562583], [9.945999, 53.562564], [9.946345, 53.562516], [9.946796, 53.562441], [9.947458, 53.562328], [9.947803, 53.562262], [9.948134, 53.562197], [9.948269, 53.56216], [9.948765, 53.562048], [9.948795, 53.562048], [9.94899, 53.562001], [9.94908, 53.561982], [9.949155, 53.561964], [9.949591, 53.561871], [9.949951, 53.561787], [9.950011, 53.561768], [9.950056, 53.561759], [9.950942, 53.561554], [9.951062, 53.561526], [9.951528, 53.561424], [9.951708, 53.561395], [9.951948, 53.561349], [9.952204, 53.561302], [9.952565, 53.561254], [9.952896, 53.561215], [9.953077, 53.561205], [9.95359, 53.56121], [9.954165, 53.561259], [9.954422, 53.561293], [9.954483, 53.561301], [9.956088, 53.561531], [9.956391, 53.561592], [9.956694, 53.56167], [9.956968, 53.561749], [9.957546, 53.561951], [9.957988, 53.562118], [9.958185, 53.562188], [9.95849, 53.56233], [9.95945, 53.562708], [9.959952, 53.562911], [9.96047, 53.563095], [9.960926, 53.563245], [9.96161, 53.563455], [9.962004, 53.563541], [9.962413, 53.563583], [9.962821, 53.563607], [9.963228, 53.563621], [9.964181, 53.563677], [9.964906, 53.563734], [9.965133, 53.563759], [9.965224, 53.563767], [9.965663, 53.563799], [9.965723, 53.563808], [9.965889, 53.563816], [9.966146, 53.563831], [9.966418, 53.563838], [9.966992, 53.563861], [9.967022, 53.563869], [9.967868, 53.563898], [9.968487, 53.563911], [9.968593, 53.56391], [9.968729, 53.563918], [9.968895, 53.563908], [9.968985, 53.563907], [9.969558, 53.563876], [9.969664, 53.563875], [9.970312, 53.563852], [9.971067, 53.563854], [9.971732, 53.563876], [9.972427, 53.563906], [9.973227, 53.563945], [9.973258, 53.563944], [9.973575, 53.563951], [9.973696, 53.563959], [9.97504, 53.563993], [9.976685, 53.564006], [9.978179, 53.564012], [9.980247, 53.564013], [9.982933, 53.564], [9.983401, 53.563978], [9.984048, 53.563883], [9.984348, 53.563818], [9.984753, 53.563716], [9.985217, 53.56355], [9.985605, 53.563358], [9.985859, 53.563239], [9.986231, 53.563038], [9.987588, 53.562326], [9.987812, 53.562208], [9.988274, 53.561961], [9.988587, 53.561797], [9.988736, 53.561715], [9.98887, 53.561633], [9.988989, 53.561551], [9.989108, 53.561469], [9.989182, 53.561406], [9.989226, 53.561378], [9.989271, 53.561342], [9.989345, 53.561279], [9.989374, 53.561251], [9.989434, 53.561206], [9.989745, 53.560961], [9.99016, 53.560634], [9.990219, 53.560579], [9.990263, 53.560543], [9.990337, 53.560489], [9.990662, 53.560162], [9.990735, 53.560072], [9.990941, 53.559837], [9.991059, 53.559719], [9.991177, 53.55961], [9.991444, 53.559401], [9.991697, 53.559246], [9.991935, 53.559119], [9.992189, 53.558982], [9.992323, 53.558918], [9.993397, 53.558388], [9.993561, 53.558305], [9.993681, 53.558251], [9.9938, 53.558205], [9.99389, 53.558159], [9.994129, 53.558067], [9.994264, 53.558012], [9.994368, 53.557975], [9.994413, 53.557957], [9.994593, 53.557901], [9.994863, 53.557827], [9.995118, 53.557762], [9.995868, 53.557558], [9.996782, 53.557308], [9.997052, 53.557243], [9.997307, 53.557169], [9.997622, 53.557094], [9.997892, 53.557029], [9.998102, 53.556974], [9.998283, 53.556945], [9.998463, 53.556917], [9.998704, 53.556888], [9.998915, 53.556868], [9.999442, 53.556828]], [[9.934502, 53.567071], [9.934505, 53.56694], [9.93453, 53.566707], [9.934585, 53.566481], [9.934699, 53.566148], [9.934769, 53.565941], [9.934909, 53.565623]], [[9.934909, 53.565623], [9.934777, 53.565942], [9.934712, 53.566154], [9.934623, 53.566479], [9.934565, 53.566708], [9.934527, 53.566942], [9.934509, 53.567041], [9.934502, 53.567071]], [[9.934549, 53.556398], [9.934558, 53.556373], [9.934568, 53.556345]], [[9.934568, 53.556345], [9.93456, 53.55637], [9.934549, 53.556398]], [[9.934888, 53.563466], [9.934818, 53.563353], [9.934617, 53.563121], [9.934555, 53.563064]], [[9.934555, 53.563064], [9.93461, 53.563117], [9.934812, 53.563356], [9.934888, 53.563466]], [[9.934722, 53.555617], [9.934692, 53.555902], [9.934614, 53.55621], [9.934586, 53.556289], [9.934568, 53.556345]], [[9.934568, 53.556345], [9.934587, 53.556292], [9.934615, 53.556211], [9.934699, 53.555905], [9.934722, 53.555617]], [[9.934722, 53.555617], [9.934734, 53.555464], [9.934731, 53.55533], [9.93471, 53.555024], [9.934644, 53.554782], [9.934594, 53.554558], [9.934577, 53.554486], [9.934576, 53.55445], [9.934559, 53.554334], [9.934558, 53.554289], [9.934556, 53.554208], [9.934521, 53.553974], [9.934486, 53.553786], [9.93447, 53.553732], [9.934451, 53.553571], [9.934449, 53.553454], [9.934447, 53.5534], [9.934425, 53.553059], [9.934408, 53.55296], [9.934391, 53.552879], [9.934374, 53.552789], [9.934342, 53.5527], [9.934325, 53.552619], [9.934308, 53.552556], [9.934292, 53.552494], [9.93429, 53.552431], [9.934274, 53.552386], [9.934273, 53.552332], [9.934287, 53.55226], [9.9343, 53.552188], [9.934356, 53.551981], [9.934399, 53.551864], [9.934483, 53.551603], [9.934699, 53.551107], [9.934743, 53.551043], [9.9348, 53.550908], [9.934858, 53.550782], [9.934871, 53.55071], [9.934899, 53.55062], [9.934955, 53.550431], [9.934996, 53.55023]], [[9.934996, 53.55023], [9.935008, 53.550274], [9.935, 53.550299], [9.934993, 53.550325], [9.934765, 53.551362], [9.934708, 53.551614], [9.934678, 53.551752], [9.934651, 53.551876], [9.934679, 53.551879], [9.934568, 53.552222], [9.934548, 53.552285], [9.934533, 53.55234], [9.934524, 53.552394], [9.934517, 53.552444], [9.934512, 53.552499], [9.934512, 53.552534], [9.93451, 53.552601], [9.93456, 53.553063], [9.934579, 53.553346], [9.934582, 53.553432], [9.934589, 53.553564], [9.934609, 53.553734], [9.934618, 53.553797], [9.934658, 53.553973], [9.934672, 53.554052], [9.934687, 53.554196], [9.934715, 53.554818], [9.934737, 53.555333], [9.934738, 53.555463], [9.934722, 53.555617]], [[9.934888, 53.563466], [9.934932, 53.563531], [9.935037, 53.563719]], [[9.935037, 53.563719], [9.934928, 53.563532], [9.934888, 53.563466]], [[9.935036, 53.565302], [9.934994, 53.565417], [9.934909, 53.565623]], [[9.934909, 53.565623], [9.934999, 53.565418], [9.935036, 53.565302]], [[9.93509, 53.54979], [9.934963, 53.55011], [9.934996, 53.55023]], [[9.934996, 53.55023], [9.93501, 53.550161], [9.935079, 53.549873], [9.93509, 53.54979]], [[9.935036, 53.565302], [9.93507, 53.565193], [9.93514, 53.564959], [9.935175, 53.564805]], [[9.935175, 53.564805], [9.935147, 53.564956], [9.935075, 53.565193], [9.935036, 53.565302]], [[9.93515, 53.564035], [9.935117, 53.563899], [9.935037, 53.563719]], [[9.935037, 53.563719], [9.93511, 53.563898], [9.93515, 53.564035]], [[9.93509, 53.54979], [9.935105, 53.549675], [9.935146, 53.549495], [9.935173, 53.54936], [9.935231, 53.549252], [9.935304, 53.549143], [9.935377, 53.549017], [9.935394, 53.548995]], [[9.935394, 53.548995], [9.93538, 53.549026], [9.935331, 53.549141], [9.935289, 53.549245], [9.935092, 53.549785], [9.93509, 53.54979]], [[9.93515, 53.564035], [9.935171, 53.564107], [9.935187, 53.564204]], [[9.935187, 53.564204], [9.935167, 53.564105], [9.93515, 53.564035]], [[9.935187, 53.564204], [9.935211, 53.564354], [9.935207, 53.564466], [9.935203, 53.564651], [9.935175, 53.564805]], [[9.935175, 53.564805], [9.935209, 53.564653], [9.935217, 53.564356], [9.935187, 53.564204]], [[9.937394, 53.547258], [9.937231, 53.547324], [9.937017, 53.547423], [9.936776, 53.547552], [9.93667, 53.547615], [9.936516, 53.547716], [9.936273, 53.547891], [9.936061, 53.548071], [9.935897, 53.548233], [9.935755, 53.548395], [9.935652, 53.548529], [9.935584, 53.54863], [9.935519, 53.548736], [9.935448, 53.548871], [9.935394, 53.548995]], [[9.935394, 53.548995], [9.935479, 53.548881], [9.935582, 53.548755], [9.935656, 53.548655], [9.935744, 53.548556], [9.935861, 53.548411], [9.936141, 53.548076], [9.936229, 53.547986], [9.936303, 53.547913], [9.936451, 53.547786], [9.936585, 53.547686], [9.936778, 53.547577], [9.937032, 53.54744], [9.937394, 53.547258]], [[9.937394, 53.547258], [9.93745, 53.54723], [9.937539, 53.547194], [9.937584, 53.547175], [9.937659, 53.547157], [9.937779, 53.54712], [9.937944, 53.547074], [9.937944, 53.547074]], [[9.937944, 53.547074], [9.937798, 53.547116], [9.937673, 53.547156], [9.937609, 53.547177], [9.937555, 53.547196], [9.937466, 53.547229], [9.937394, 53.547258]], [[9.939148, 53.546852], [9.938991, 53.546869], [9.938761, 53.546901], [9.938612, 53.546925], [9.938358, 53.546974], [9.938226, 53.547003], [9.938101, 53.547032], [9.937951, 53.547072], [9.937944, 53.547074]], [[9.937944, 53.547074], [9.938094, 53.547037], [9.938214, 53.547009], [9.938349, 53.546981], [9.938605, 53.546934], [9.93874, 53.546906], [9.939148, 53.546852]], [[9.939148, 53.546852], [9.939176, 53.546848], [9.939201, 53.546846]], [[9.939201, 53.546846], [9.939148, 53.546852]], [[9.939433, 53.546826], [9.939282, 53.546837], [9.939201, 53.546846]], [[9.939201, 53.546846], [9.939433, 53.546826]], [[9.939433, 53.546826], [9.939643, 53.546809], [9.93979, 53.546808]], [[9.93979, 53.546808], [9.939657, 53.546811], [9.939433, 53.546826]], [[9.9402, 53.546804], [9.939965, 53.546803], [9.93979, 53.546808]], [[9.93979, 53.546808], [9.939945, 53.546806], [9.9402, 53.546804]], [[9.940447, 53.546812], [9.940287, 53.546805], [9.9402, 53.546804]], [[9.9402, 53.546804], [9.940276, 53.546804], [9.940447, 53.546812]], [[9.940731, 53.546831], [9.940604, 53.546819], [9.940447, 53.546812]], [[9.940447, 53.546812], [9.940594, 53.546819], [9.940731, 53.546831]], [[9.940731, 53.546831], [9.940881, 53.546844], [9.941123, 53.546878], [9.941396, 53.546921], [9.941567, 53.546953]], [[9.941567, 53.546953], [9.94139, 53.546923], [9.941112, 53.546878], [9.940902, 53.546847], [9.940731, 53.546831]], [[9.941813, 53.547], [9.941794, 53.546996], [9.9417, 53.546976], [9.941567, 53.546953]], [[9.941567, 53.546953], [9.941714, 53.546981], [9.941805, 53.546999], [9.941813, 53.547]], [[9.941813, 53.547], [9.941956, 53.547024], [9.942108, 53.547059], [9.942244, 53.547094], [9.942396, 53.547129], [9.942563, 53.547172], [9.942684, 53.547198], [9.942791, 53.547242], [9.944112, 53.547755]], [[9.944112, 53.547755], [9.944111, 53.547756], [9.942767, 53.547245], [9.942649, 53.547209], [9.942542, 53.547176], [9.942375, 53.547133], [9.942225, 53.547094], [9.942082, 53.547064], [9.94194, 53.547029], [9.941813, 53.547]], [[9.944112, 53.547755], [9.94413, 53.547762], [9.944115, 53.547753]], [[9.944115, 53.547753], [9.944112, 53.547755]], [[9.944115, 53.547753], [9.944221, 53.547797], [9.944754, 53.547991], [9.945027, 53.548096], [9.945301, 53.548175], [9.945726, 53.548306], [9.946151, 53.548429], [9.946425, 53.548507], [9.946773, 53.548586], [9.947107, 53.548646], [9.947834, 53.548775], [9.948318, 53.548852], [9.948772, 53.54892], [9.949772, 53.549083], [9.950817, 53.549254], [9.951271, 53.549332], [9.951937, 53.549443], [9.95218, 53.549477], [9.952679, 53.549527], [9.953268, 53.549576], [9.954145, 53.549632], [9.954643, 53.549655], [9.955232, 53.549659], [9.955473, 53.549657], [9.955835, 53.549655], [9.956212, 53.549652], [9.956363, 53.54965], [9.956393, 53.54965], [9.95793, 53.549557], [9.95903, 53.549476], [9.959421, 53.549446], [9.959677, 53.549417], [9.959888, 53.549397], [9.960324, 53.549349], [9.9607, 53.549301], [9.961091, 53.549235], [9.961752, 53.549113], [9.962352, 53.548964], [9.962907, 53.548816], [9.963222, 53.548733], [9.963447, 53.548659], [9.963806, 53.548539], [9.964105, 53.54842], [9.964419, 53.548292], [9.964882, 53.54809], [9.965614, 53.547761], [9.965763, 53.547697], [9.966092, 53.547541], [9.966569, 53.547322], [9.966794, 53.547221], [9.966988, 53.547148], [9.967586, 53.546927], [9.967871, 53.546835], [9.968425, 53.546669], [9.968876, 53.546566], [9.969266, 53.546473], [9.969416, 53.546445], [9.969686, 53.546398], [9.970257, 53.546295], [9.970588, 53.546247], [9.971024, 53.546172], [9.971431, 53.546141], [9.971687, 53.546121], [9.971898, 53.54612], [9.97232, 53.546125], [9.972411, 53.546124], [9.972819, 53.546139], [9.973151, 53.546163], [9.973438, 53.546197], [9.973983, 53.546264]], [[9.973983, 53.546264], [9.975089, 53.546444], [9.976058, 53.546625], [9.976498, 53.546711], [9.976983, 53.546824], [9.977393, 53.546946], [9.977743, 53.54706], [9.978124, 53.54721], [9.978489, 53.547378], [9.978825, 53.547537], [9.9791, 53.547696], [9.979177, 53.547749], [9.979468, 53.547918], [9.979912, 53.548193], [9.980447, 53.548512], [9.980691, 53.548645], [9.981012, 53.548804], [9.981271, 53.5489], [9.981575, 53.549006], [9.981833, 53.549075], [9.982076, 53.549136], [9.982455, 53.549214], [9.98253, 53.549222], [9.982909, 53.549273], [9.982939, 53.549273], [9.983271, 53.549297], [9.983649, 53.54933], [9.984239, 53.54937], [9.984919, 53.549436]], [[9.999898, 53.556789], [9.999561, 53.556746], [9.999318, 53.556694], [9.99906, 53.556642], [9.998787, 53.556564], [9.998528, 53.556476], [9.998163, 53.556335], [9.997964, 53.556247], [9.997766, 53.556141], [9.997537, 53.556017], [9.997322, 53.555866], [9.997214, 53.555786], [9.997137, 53.555733], [9.996937, 53.555555], [9.996845, 53.555484], [9.996783, 53.555403], [9.996628, 53.555234], [9.996488, 53.555046], [9.996393, 53.554867], [9.996188, 53.554483], [9.995967, 53.554098], [9.995764, 53.553803], [9.99564, 53.553643], [9.995516, 53.553518], [9.995361, 53.553357], [9.995162, 53.553197], [9.995008, 53.553073], [9.994839, 53.552948], [9.994609, 53.552807], [9.994548, 53.552753], [9.994348, 53.552629], [9.99418, 53.552532], [9.994104, 53.552487], [9.994058, 53.552461], [9.993997, 53.552434], [9.993753, 53.552328], [9.992869, 53.551958], [9.992047, 53.551633], [9.992031, 53.551624], [9.991986, 53.551606], [9.990737, 53.551105], [9.990189, 53.550893], [9.989503, 53.550612], [9.988498, 53.550216], [9.988148, 53.550093], [9.987768, 53.549979], [9.987419, 53.549892], [9.987101, 53.549823], [9.986692, 53.549763], [9.986299, 53.549713], [9.986238, 53.549713], [9.985966, 53.549679], [9.985906, 53.54968], [9.985013, 53.549597], [9.98453, 53.549556], [9.98453, 53.549565], [9.984167, 53.549515], [9.983607, 53.549456], [9.983244, 53.549414], [9.982911, 53.549363], [9.982866, 53.549363], [9.982411, 53.549277], [9.982047, 53.549199], [9.981774, 53.54913], [9.981546, 53.54906], [9.981181, 53.548937], [9.980937, 53.548831], [9.980617, 53.548681], [9.980357, 53.548539], [9.979837, 53.548229], [9.979408, 53.547963], [9.979041, 53.547733], [9.978766, 53.547582], [9.97846, 53.547423], [9.978095, 53.547264], [9.977714, 53.547105], [9.977349, 53.546992], [9.976939, 53.546869], [9.976454, 53.546765], [9.976029, 53.546679], [9.974575, 53.546421], [9.974469, 53.546404], [9.973983, 53.546264]], [[9.980241, 53.460618], [9.980241, 53.460627]], [[10.019588, 53.529234], [10.019464, 53.5291], [10.019247, 53.528868], [10.019077, 53.528681], [10.018922, 53.528512], [10.018814, 53.528396], [10.018489, 53.528039], [10.017328, 53.526809], [10.016291, 53.525713], [10.015312, 53.524481], [10.015078, 53.524178], [10.015063, 53.52416], [10.014703, 53.523624], [10.014483, 53.523221], [10.014262, 53.52281], [10.01412, 53.52255], [10.013995, 53.522372], [10.013901, 53.522229], [10.013761, 53.522041], [10.01359, 53.521818], [10.013574, 53.5218], [10.013512, 53.521729], [10.013294, 53.521425], [10.013028, 53.521032], [10.012887, 53.520818], [10.012636, 53.520415], [10.012431, 53.520031], [10.012019, 53.519181], [10.011813, 53.518769], [10.011623, 53.518393], [10.011245, 53.517696], [10.011229, 53.517651], [10.011213, 53.517624], [10.010929, 53.517096], [10.010609, 53.516335], [10.010036, 53.515055], [10.009303, 53.513381], [10.009173, 53.513005], [10.008978, 53.512404], [10.008888, 53.511794], [10.00886, 53.511255], [10.00886, 53.510599], [10.008881, 53.510222], [10.008916, 53.509799], [10.008937, 53.509395], [10.008908, 53.508838], [10.008876, 53.507481], [10.008909, 53.506313], [10.008906, 53.506187], [10.008897, 53.505828], [10.008783, 53.504849], [10.008565, 53.50389], [10.008451, 53.503531], [10.008175, 53.502707], [10.007886, 53.501954], [10.007741, 53.501578], [10.007661, 53.501372], [10.007645, 53.501319], [10.007545, 53.500915], [10.007459, 53.500484], [10.00737, 53.49991], [10.007337, 53.499785], [10.007042, 53.498781], [10.007057, 53.498781], [10.006944, 53.498476], [10.00678, 53.497911], [10.006604, 53.497464], [10.006331, 53.496747], [10.006265, 53.496505], [10.006248, 53.496424], [10.006166, 53.496173], [10.006068, 53.495824], [10.005826, 53.494532], [10.005584, 53.493231], [10.005358, 53.491948], [10.005184, 53.49097], [10.004839, 53.489104], [10.004434, 53.487256], [10.004083, 53.485804], [10.003689, 53.484441], [10.003265, 53.483061], [10.002812, 53.481753], [10.002779, 53.481636], [10.002651, 53.481287], [10.002233, 53.480203], [10.001771, 53.47912], [10.001274, 53.477866], [10.000926, 53.477123], [10.000608, 53.476452], [10.000435, 53.476103], [9.999977, 53.475226], [9.99974, 53.474752], [9.999693, 53.474653], [9.998146, 53.471647], [9.997659, 53.47078], [9.997501, 53.470476], [9.997358, 53.470162], [9.997185, 53.469822], [9.997055, 53.469455], [9.996973, 53.469159], [9.996937, 53.468917], [9.996894, 53.468333], [9.9969, 53.467947], [9.99694, 53.46774], [9.996994, 53.467488], [9.997063, 53.467199], [9.997261, 53.466677], [9.997432, 53.466271], [9.99798, 53.465206], [9.998108, 53.464908], [9.998338, 53.46443], [9.998883, 53.463276], [9.999134, 53.462411], [9.999309, 53.461529], [9.999303, 53.46063], [9.999132, 53.459751], [9.998911, 53.459331], [9.998661, 53.458928], [9.997997, 53.458233], [9.99714, 53.457629], [9.996698, 53.457417], [9.996317, 53.457241], [9.996044, 53.457144], [9.995816, 53.457065], [9.995589, 53.456986], [9.995407, 53.456925], [9.995286, 53.45689], [9.995104, 53.456837], [9.994831, 53.456768], [9.994665, 53.456733], [9.994514, 53.456717], [9.994347, 53.456691], [9.994151, 53.456666], [9.993849, 53.456641], [9.993714, 53.456633], [9.993608, 53.456634], [9.993458, 53.456636], [9.991311, 53.456887], [9.991101, 53.456907], [9.990725, 53.456955], [9.99038, 53.456994], [9.99026, 53.457013], [9.99017, 53.45704], [9.990081, 53.457068], [9.989961, 53.457105], [9.989871, 53.457142], [9.989499, 53.457297], [9.98932, 53.45738], [9.989216, 53.457426], [9.989142, 53.457471], [9.988591, 53.457763], [9.988398, 53.457873], [9.988234, 53.457955], [9.98721, 53.458583], [9.986275, 53.459139], [9.985724, 53.459404], [9.984618, 53.459773], [9.983676, 53.46005], [9.983511, 53.460087], [9.982942, 53.460227], [9.982418, 53.460348], [9.982268, 53.460367], [9.982133, 53.460386], [9.981833, 53.460425], [9.980437, 53.460607], [9.980241, 53.460618]], [[9.984919, 53.549436], [9.98507, 53.549453], [9.985963, 53.549554], [9.986008, 53.549562], [9.986281, 53.549596], [9.98672, 53.549673], [9.987114, 53.54976], [9.987463, 53.549838], [9.987797, 53.549934], [9.988162, 53.55003], [9.988573, 53.550188], [9.989395, 53.550523], [9.990218, 53.550839], [9.990811, 53.551041], [9.991464, 53.551251], [9.992104, 53.55148], [9.992165, 53.551506], [9.99218, 53.551515], [9.992987, 53.551841], [9.993886, 53.552193], [9.99419, 53.552316], [9.994221, 53.552334], [9.994282, 53.55236], [9.994358, 53.552404], [9.994557, 53.552519], [9.99471, 53.552608], [9.994771, 53.552643], [9.994833, 53.552679], [9.99491, 53.55275], [9.995063, 53.552857], [9.995094, 53.552883], [9.99514, 53.552928], [9.995217, 53.55299], [9.995263, 53.553035], [9.99531, 53.553079], [9.995356, 53.553133], [9.995511, 53.553302], [9.995651, 53.55349], [9.99576, 53.553624], [9.995869, 53.553776], [9.996042, 53.55408], [9.996263, 53.554473], [9.996468, 53.554849], [9.996578, 53.555028], [9.996718, 53.555206], [9.996873, 53.555375], [9.996935, 53.555465], [9.997012, 53.555536], [9.997197, 53.555705], [9.997366, 53.55583], [9.997596, 53.555972], [9.997826, 53.556113], [9.998009, 53.556202], [9.998192, 53.55629], [9.998557, 53.55644], [9.998816, 53.556518], [9.999089, 53.556597], [9.999347, 53.556658], [9.99959, 53.556701], [9.999968, 53.556751], [10.000098, 53.556763]], [[9.984919, 53.549436], [9.984919, 53.549445]], [[9.999442, 53.556828], [9.999834, 53.556797], [9.999898, 53.556789]], [[9.999977, 53.556798], [9.999442, 53.556828]], [[9.999977, 53.556798], [9.999954, 53.556796], [9.999898, 53.556789]], [[9.999898, 53.556789], [10.000098, 53.556763]], [[10.006555, 53.554522], [10.006244, 53.554785], [10.006096, 53.554903], [10.006022, 53.554957], [10.005815, 53.555112], [10.005562, 53.555285], [10.00531, 53.555449], [10.005072, 53.555603], [10.004804, 53.555749], [10.004774, 53.555759], [10.00461, 53.555859], [10.004431, 53.555941], [10.004267, 53.556023], [10.003968, 53.556161], [10.00364, 53.556298], [10.003385, 53.556399], [10.003146, 53.556482], [10.002921, 53.556556], [10.002651, 53.556621], [10.002426, 53.556677], [10.002156, 53.556724], [10.00187, 53.556771], [10.001539, 53.55681], [10.001177, 53.556831], [10.000816, 53.556843], [10.000559, 53.556845], [10.000302, 53.556829], [9.999977, 53.556798]], [[10.000222, 53.556775], [10.000015, 53.556796], [9.999977, 53.556798]], [[10.000098, 53.556763], [10.000222, 53.556775]], [[10.000098, 53.556763], [10.000586, 53.556701], [10.000631, 53.556701], [10.000812, 53.556681], [10.001113, 53.556643], [10.001218, 53.556624], [10.001443, 53.556595], [10.001954, 53.556501], [10.002119, 53.556464], [10.00224, 53.556445], [10.0023, 53.556426], [10.002915, 53.556286], [10.003215, 53.556212], [10.003665, 53.556082], [10.003785, 53.556046], [10.003979, 53.555981], [10.004054, 53.555953], [10.00434, 53.555832]], [[10.000222, 53.556775], [10.000316, 53.556784], [10.000573, 53.556791], [10.00083, 53.556798], [10.001191, 53.556786], [10.001523, 53.556765], [10.001824, 53.556727], [10.00214, 53.556679], [10.002395, 53.556623], [10.00262, 53.556576], [10.002875, 53.556502], [10.003115, 53.556428], [10.003339, 53.556346], [10.003578, 53.556254], [10.003891, 53.556099], [10.004038, 53.556009]], [[10.004038, 53.556009], [10.003921, 53.556053], [10.003816, 53.556081], [10.003741, 53.556109], [10.003501, 53.556183], [10.003231, 53.556257], [10.003051, 53.556294], [10.002856, 53.55635], [10.002661, 53.556387], [10.002301, 53.556471], [10.002015, 53.556528], [10.00152, 53.556622], [10.001294, 53.556659], [10.001189, 53.556669], [10.000828, 53.556717], [10.000647, 53.556737], [10.000301, 53.556767], [10.000222, 53.556775]], [[10.004038, 53.556009], [10.004144, 53.555944], [10.004293, 53.555862], [10.00434, 53.555832]], [[10.006555, 53.554522], [10.006347, 53.554667], [10.006214, 53.554767], [10.006036, 53.554885], [10.005753, 53.555077], [10.005486, 53.555249], [10.005218, 53.555422], [10.005085, 53.555504], [10.004757, 53.555687], [10.004474, 53.555824], [10.004264, 53.555916], [10.004115, 53.55598], [10.004038, 53.556009]], [[10.00434, 53.555832], [10.004546, 53.555698], [10.004828, 53.555507], [10.004843, 53.555488], [10.005051, 53.555352], [10.005289, 53.555206], [10.005691, 53.554978], [10.005929, 53.55485], [10.00633, 53.554577]], [[10.00434, 53.555832], [10.004398, 53.555807], [10.004621, 53.555697], [10.004904, 53.555542], [10.005157, 53.555387], [10.005425, 53.555214], [10.005841, 53.55495], [10.005959, 53.554859], [10.00633, 53.554577]], [[10.00633, 53.554577], [10.006538, 53.554432], [10.006686, 53.554314], [10.006967, 53.554069], [10.007084, 53.553897], [10.00717, 53.553744], [10.007257, 53.553572], [10.007329, 53.553428], [10.007343, 53.553401], [10.007358, 53.553392], [10.007358, 53.553374], [10.007431, 53.553265], [10.007575, 53.553003], [10.00764, 53.552818]], [[10.006851, 53.554268], [10.006718, 53.554376], [10.006555, 53.554522]], [[10.010435, 53.550185], [10.010121, 53.550295], [10.009822, 53.550415], [10.009479, 53.550579], [10.009479, 53.550588], [10.009465, 53.550597], [10.009182, 53.55078], [10.009004, 53.550907], [10.008856, 53.551043], [10.008783, 53.551115], [10.008694, 53.551206], [10.00868, 53.551224], [10.008445, 53.551523], [10.008301, 53.551802], [10.008229, 53.551956], [10.008158, 53.552127], [10.00813, 53.552217], [10.008116, 53.552271], [10.008046, 53.552487], [10.00799, 53.552659], [10.007925, 53.552754], [10.007832, 53.553001], [10.00776, 53.553146], [10.00776, 53.553164], [10.007731, 53.553191], [10.007673, 53.553308], [10.0076, 53.553426], [10.007469, 53.553597], [10.007396, 53.553697], [10.007264, 53.553851], [10.007131, 53.554005], [10.006851, 53.554268]], [[10.010435, 53.550185], [10.010062, 53.550332], [10.009883, 53.550414], [10.009734, 53.550496], [10.00957, 53.550588], [10.00954, 53.550597], [10.00917, 53.550887], [10.009067, 53.550996], [10.008934, 53.551123], [10.008919, 53.55115], [10.008801, 53.551268], [10.008802, 53.551277], [10.008684, 53.551395], [10.008597, 53.551539], [10.008539, 53.551657], [10.008453, 53.551828], [10.008411, 53.55199], [10.008355, 53.552143], [10.008327, 53.552242], [10.008313, 53.552296], [10.008258, 53.552504], [10.008201, 53.552666], [10.0081, 53.552859], [10.008043, 53.553017], [10.007956, 53.553162], [10.007942, 53.553198], [10.007855, 53.553334], [10.007781, 53.553415], [10.007678, 53.553533], [10.007428, 53.553777], [10.007132, 53.554031], [10.006851, 53.554268]], [[10.00764, 53.552818], [10.007645, 53.552818], [10.007651, 53.552807]], [[10.00764, 53.552818], [10.007651, 53.552807]], [[10.007651, 53.552807], [10.007663, 53.552782], [10.007769, 53.552546], [10.007922, 53.552111], [10.008021, 53.551857], [10.008079, 53.551708], [10.008118, 53.551633], [10.008192, 53.551508], [10.008255, 53.551416], [10.008344, 53.551294], [10.00836, 53.551274], [10.008475, 53.551141], [10.008611, 53.551022], [10.008756, 53.550906], [10.00895, 53.550757], [10.009119, 53.550659], [10.00938, 53.550522], [10.009959, 53.550276], [10.010217, 53.550183], [10.010421, 53.550117], [10.010627, 53.550055], [10.010777, 53.550012], [10.011199, 53.549919], [10.01138, 53.549887], [10.011571, 53.549857], [10.011982, 53.549804], [10.012372, 53.549758], [10.012544, 53.54974], [10.012671, 53.54973], [10.012757, 53.549723], [10.013018, 53.549714]], [[10.007651, 53.552807], [10.007661, 53.552796], [10.007776, 53.552553], [10.007932, 53.55212], [10.008031, 53.551868], [10.008088, 53.551714], [10.008131, 53.551642], [10.008204, 53.551516], [10.008262, 53.551425], [10.00835, 53.551308], [10.008364, 53.551281], [10.008482, 53.551154], [10.008615, 53.551036], [10.008763, 53.550918], [10.008955, 53.550763], [10.009119, 53.550672], [10.009388, 53.550535], [10.00997, 53.550288], [10.010494, 53.550103], [10.010869, 53.550001], [10.011214, 53.549936], [10.011575, 53.54987], [10.011981, 53.549812]], [[10.011981, 53.549812], [10.011515, 53.549897], [10.010885, 53.550046], [10.010435, 53.550185]], [[10.011981, 53.549812], [10.012372, 53.549764], [10.012553, 53.549754], [10.012673, 53.549744], [10.012763, 53.549734]], [[10.012763, 53.549734], [10.013018, 53.549714]], [[10.017844, 53.550462], [10.01776, 53.550455], [10.017472, 53.550413], [10.017002, 53.550318], [10.016198, 53.550136], [10.016092, 53.55011], [10.015182, 53.549911], [10.014818, 53.549851], [10.014455, 53.5498], [10.014122, 53.549767], [10.013925, 53.549751], [10.013835, 53.549743], [10.013472, 53.549728], [10.013185, 53.549721], [10.013019, 53.549723], [10.012763, 53.549734]], [[10.013018, 53.549714], [10.013019, 53.549714], [10.013155, 53.549704], [10.013577, 53.549691], [10.013849, 53.549698], [10.01406, 53.549714], [10.014468, 53.549728], [10.014922, 53.549787], [10.014983, 53.549796], [10.015195, 53.54983], [10.015816, 53.549942], [10.01615, 53.550011], [10.016742, 53.550158], [10.016878, 53.550202], [10.017182, 53.550289], [10.017304, 53.550315], [10.017784, 53.550446]], [[10.013018, 53.549714], [10.01302, 53.549714], [10.013181, 53.549714], [10.013459, 53.549716], [10.013829, 53.549735], [10.01392, 53.549742], [10.014109, 53.549756], [10.014452, 53.549791], [10.01481, 53.549838], [10.01517, 53.549903], [10.016091, 53.5501], [10.016199, 53.550125], [10.016996, 53.55031], [10.017466, 53.550402], [10.017754, 53.550443], [10.017784, 53.550446]], [[10.017784, 53.550446], [10.01804, 53.550471], [10.018456, 53.550482], [10.01882, 53.55047], [10.01912, 53.550443], [10.019157, 53.550438], [10.01943, 53.550398], [10.019767, 53.550326], [10.0201, 53.550239], [10.020486, 53.550098], [10.020825, 53.549938], [10.021099, 53.549775], [10.021424, 53.549523], [10.02155, 53.549394], [10.021648, 53.549287], [10.022302, 53.54846], [10.022338, 53.548414], [10.022507, 53.548197], [10.022762, 53.54788], [10.023129, 53.547407], [10.023182, 53.54734], [10.023464, 53.546977], [10.02374, 53.546623], [10.023765, 53.54659], [10.023777, 53.546594]], [[10.017784, 53.550446], [10.017844, 53.550462]], [[10.023777, 53.546594], [10.023748, 53.54663], [10.02347, 53.546983], [10.023192, 53.547354], [10.023133, 53.547417], [10.022767, 53.547887], [10.022518, 53.548204], [10.022343, 53.548421], [10.022313, 53.548466], [10.021655, 53.549299], [10.021552, 53.549407], [10.021434, 53.549534], [10.021108, 53.549789], [10.020825, 53.549944], [10.020497, 53.550108], [10.020108, 53.550246], [10.019779, 53.550339], [10.019433, 53.550405], [10.019163, 53.550452], [10.019133, 53.550452], [10.018831, 53.550482], [10.018455, 53.550494], [10.018047, 53.55048], [10.017844, 53.550462]], [[10.017844, 53.550462], [10.018488, 53.550638], [10.018579, 53.550655], [10.019035, 53.550795], [10.019369, 53.550891], [10.019719, 53.550978], [10.020098, 53.551073], [10.020159, 53.551091], [10.020174, 53.551091], [10.020386, 53.551143], [10.020493, 53.551169], [10.020736, 53.551247], [10.020979, 53.551317], [10.021573, 53.551537], [10.022746, 53.552012], [10.022777, 53.55203], [10.02299, 53.552127], [10.023356, 53.552294], [10.023707, 53.552444], [10.023906, 53.55255], [10.023982, 53.552586], [10.02412, 53.552665], [10.024273, 53.552763], [10.02438, 53.552825], [10.024472, 53.552896], [10.024627, 53.553047], [10.024642, 53.55302], [10.024657, 53.553038], [10.024765, 53.553118], [10.024873, 53.553234], [10.024997, 53.553359], [10.025106, 53.553492], [10.025215, 53.553653], [10.025324, 53.553805], [10.02534, 53.55385], [10.025341, 53.553859], [10.025452, 53.554073], [10.025532, 53.554279], [10.025616, 53.554629], [10.025632, 53.554683], [10.025648, 53.554719], [10.025715, 53.554979], [10.02578, 53.555167], [10.025844, 53.555337], [10.025972, 53.555623], [10.02616, 53.5559], [10.0263, 53.556079], [10.026378, 53.556177], [10.02644, 53.556248], [10.026579, 53.556391], [10.026872, 53.556658], [10.027133, 53.556836], [10.027363, 53.556977], [10.027897, 53.557224], [10.028812, 53.557603], [10.030274, 53.558183], [10.031051, 53.558482], [10.033291, 53.55937], [10.034343, 53.559783], [10.035821, 53.560355], [10.036293, 53.560548], [10.037026, 53.560892], [10.037072, 53.560919], [10.037666, 53.561156], [10.037834, 53.561227], [10.037911, 53.561271], [10.037926, 53.561262], [10.03919, 53.561754], [10.039738, 53.561947], [10.039982, 53.562026], [10.041214, 53.562437], [10.042233, 53.562743], [10.042567, 53.56283], [10.043007, 53.562934], [10.043432, 53.563029], [10.043948, 53.563132], [10.044721, 53.56326], [10.045569, 53.563379], [10.045584, 53.563379], [10.045948, 53.563429], [10.046568, 53.563487], [10.047067, 53.563536], [10.050967, 53.563781], [10.051466, 53.563821], [10.051708, 53.563846], [10.051905, 53.56388], [10.052284, 53.563949], [10.053332, 53.564191], [10.053939, 53.564339], [10.054638, 53.564503], [10.055336, 53.564668], [10.055366, 53.564676], [10.056565, 53.564935], [10.056808, 53.564987], [10.057294, 53.5651], [10.057613, 53.565178], [10.05778, 53.56523], [10.057963, 53.565282], [10.058313, 53.565396], [10.058678, 53.565537], [10.059045, 53.565704], [10.059381, 53.565872], [10.059718, 53.566085], [10.059826, 53.566165], [10.059996, 53.566307], [10.060165, 53.566449], [10.060212, 53.566503], [10.060305, 53.566601], [10.06054, 53.566931], [10.060651, 53.567164], [10.060749, 53.567441], [10.060785, 53.567675], [10.060789, 53.567863], [10.060764, 53.568061], [10.060765, 53.568097], [10.060752, 53.56816], [10.060737, 53.568205], [10.060724, 53.56825], [10.060668, 53.56843], [10.06061, 53.568539], [10.060349, 53.568963], [10.059929, 53.569659], [10.0599, 53.56974], [10.059885, 53.56974], [10.059755, 53.569966], [10.059556, 53.570471], [10.059499, 53.570579], [10.059284, 53.571039], [10.058967, 53.571662], [10.05891, 53.571798], [10.058034, 53.573584], [10.05789, 53.573873], [10.057776, 53.574117], [10.057633, 53.574451], [10.057576, 53.574604], [10.057535, 53.574757], [10.057496, 53.575018], [10.057457, 53.575279], [10.057394, 53.575747], [10.057341, 53.576062], [10.057342, 53.576088], [10.057342, 53.576115], [10.05733, 53.576232], [10.057307, 53.576502], [10.057322, 53.576502], [10.057296, 53.576691], [10.057279, 53.577212], [10.057258, 53.577563], [10.057176, 53.577914], [10.057176, 53.577923], [10.057162, 53.577977], [10.057094, 53.578238], [10.056936, 53.578581], [10.056705, 53.579014], [10.056371, 53.579539], [10.056284, 53.579674], [10.055991, 53.580063], [10.055089, 53.581401], [10.054957, 53.581573], [10.054943, 53.5816], [10.054708, 53.581862], [10.054531, 53.582053], [10.05431, 53.582279], [10.053497, 53.582978], [10.053201, 53.583188], [10.052755, 53.583488], [10.052354, 53.583752], [10.051744, 53.584144], [10.051358, 53.584381], [10.051016, 53.5846], [10.050808, 53.584736], [10.050005, 53.585246], [10.049916, 53.585301], [10.049574, 53.58552], [10.04883, 53.585976], [10.048771, 53.586021], [10.048414, 53.586258], [10.048102, 53.586449], [10.047908, 53.586559], [10.04764, 53.586687], [10.047505, 53.586742], [10.047326, 53.586806], [10.047146, 53.586871], [10.046951, 53.586927], [10.046756, 53.586982], [10.046591, 53.58702], [10.04614, 53.587104], [10.046035, 53.587123], [10.045839, 53.587161], [10.045058, 53.587303], [10.044456, 53.587407], [10.044321, 53.587435], [10.04387, 53.58751], [10.043479, 53.587586], [10.043103, 53.587652], [10.043073, 53.587661], [10.043028, 53.587662], [10.04193, 53.58786], [10.041855, 53.587879], [10.041539, 53.587935], [10.040818, 53.588076], [10.040247, 53.588207], [10.040038, 53.588281], [10.039738, 53.588373], [10.03917, 53.588612], [10.038812, 53.588804], [10.038441, 53.58904], [10.038145, 53.589295], [10.038012, 53.589413], [10.037894, 53.58953], [10.037718, 53.589748], [10.037427, 53.590217], [10.03737, 53.590353], [10.037242, 53.59065], [10.037072, 53.591128], [10.037017, 53.591353], [10.036962, 53.591587], [10.036936, 53.591749], [10.036925, 53.591929], [10.036927, 53.59201], [10.036913, 53.592046], [10.036916, 53.592163], [10.036874, 53.592891], [10.036862, 53.593053], [10.03685, 53.593169], [10.036824, 53.59334], [10.036782, 53.593485], [10.036755, 53.593611], [10.036727, 53.593692], [10.036163, 53.595323], [10.036078, 53.595548], [10.035811, 53.596377], [10.035571, 53.597062], [10.035515, 53.597251], [10.03546, 53.597459], [10.035419, 53.597657], [10.035404, 53.597657], [10.035335, 53.5979], [10.035236, 53.598197], [10.035013, 53.598945], [10.034818, 53.599603], [10.034623, 53.600278], [10.034469, 53.600783], [10.0339, 53.602836], [10.033427, 53.604503], [10.033245, 53.605106], [10.033246, 53.605142], [10.033037, 53.605854], [10.033009, 53.605971], [10.032995, 53.606016], [10.032871, 53.606502], [10.032719, 53.60707], [10.032523, 53.607718], [10.032483, 53.607934], [10.032484, 53.607961], [10.032375, 53.608474], [10.032167, 53.609213], [10.031928, 53.609961], [10.031662, 53.610835], [10.031663, 53.610871], [10.031649, 53.610907], [10.031341, 53.611916], [10.031117, 53.612636], [10.030834, 53.61343], [10.030676, 53.613754], [10.030388, 53.614341], [10.03033, 53.614449], [10.030273, 53.614576], [10.030173, 53.614801], [10.030062, 53.615206], [10.030014, 53.615737], [10.03005, 53.615979], [10.030201, 53.616607], [10.030314, 53.616902], [10.030443, 53.617216], [10.03046, 53.617288], [10.03073, 53.617851], [10.031079, 53.618522], [10.031111, 53.618567], [10.031111, 53.618594], [10.0314, 53.619265], [10.031423, 53.619588], [10.031439, 53.619633], [10.031457, 53.61975], [10.031556, 53.620117], [10.031606, 53.620297], [10.031674, 53.620602]], [[10.019588, 53.529234], [10.020932, 53.530588], [10.021411, 53.53106], [10.021582, 53.531248], [10.021922, 53.531604], [10.021937, 53.531613], [10.022433, 53.532157], [10.022619, 53.532362], [10.023332, 53.533138], [10.024075, 53.533949], [10.024091, 53.533976], [10.024106, 53.533985], [10.024153, 53.534038], [10.024261, 53.534163], [10.024556, 53.534502], [10.024696, 53.534662], [10.024943, 53.534921], [10.024898, 53.534939], [10.025007, 53.535082], [10.025055, 53.535171], [10.025118, 53.53527], [10.02518, 53.535368], [10.025259, 53.535502], [10.025323, 53.535645], [10.025371, 53.535753], [10.025418, 53.535833], [10.02545, 53.535923], [10.025578, 53.536218], [10.02615, 53.538064], [10.026543, 53.53931], [10.026852, 53.540251], [10.026935, 53.540565], [10.027003, 53.540887], [10.02704, 53.541148], [10.027046, 53.54139], [10.027036, 53.541633], [10.027025, 53.541795], [10.027026, 53.541813], [10.026944, 53.542173], [10.026759, 53.542642], [10.026585, 53.542931], [10.026425, 53.543175], [10.026045, 53.543681], [10.02603, 53.54369], [10.025723, 53.544097], [10.025196, 53.544767]], [[10.025196, 53.544767], [10.025677, 53.544071], [10.026539, 53.542895], [10.026684, 53.542642], [10.026798, 53.542381], [10.026883, 53.542164], [10.026951, 53.54184], [10.02695, 53.541813], [10.026965, 53.541813], [10.026976, 53.541633], [10.026985, 53.541391], [10.026979, 53.541148], [10.026943, 53.540888], [10.026875, 53.540574], [10.026792, 53.54026], [10.026482, 53.53931], [10.025518, 53.536219], [10.02539, 53.535932], [10.025374, 53.535888], [10.025358, 53.535843], [10.02531, 53.535753], [10.025263, 53.535664], [10.025199, 53.535512], [10.02512, 53.535378], [10.025073, 53.535297], [10.02501, 53.535181], [10.024947, 53.5351], [10.024793, 53.534958], [10.024838, 53.53494], [10.024744, 53.534806], [10.024651, 53.534681], [10.024511, 53.53452], [10.024217, 53.53419], [10.024093, 53.534057], [10.021877, 53.531622], [10.021352, 53.531079], [10.021119, 53.530829], [10.020718, 53.530437], [10.019588, 53.529234]], [[10.023777, 53.546594], [10.024567, 53.545572], [10.024728, 53.545373], [10.02483, 53.545228], [10.025079, 53.544911], [10.025196, 53.544767]]]}, "properties": {"linie": "S5", "farbe": "#008DA8"}}, {"type": "Feature", "geometry": {"type": "MultiLineString", "coordinates": [[[9.933148, 53.558402], [9.933023, 53.558605], [9.932862, 53.558822], [9.93273, 53.55902], [9.93263, 53.559237], [9.932528, 53.559426], [9.932457, 53.559615], [9.932387, 53.559894], [9.932379, 53.560191], [9.932399, 53.560407], [9.932464, 53.560649], [9.932561, 53.560908], [9.932717, 53.561159], [9.932904, 53.561409], [9.933119, 53.561614], [9.933365, 53.561819], [9.933702, 53.562041], [9.934069, 53.562244], [9.934481, 53.562421], [9.934937, 53.56257], [9.935271, 53.562666], [9.935605, 53.562754], [9.935923, 53.562814], [9.936256, 53.562874], [9.936589, 53.562917], [9.937134, 53.562966], [9.937754, 53.563015], [9.939038, 53.563095], [9.939597, 53.563127], [9.940186, 53.563149], [9.94073, 53.563145], [9.941318, 53.563122], [9.941664, 53.563092], [9.94183, 53.563082], [9.942026, 53.563063], [9.942929, 53.562975], [9.944301, 53.562874], [9.944857, 53.562807], [9.945414, 53.562712], [9.946016, 53.562627], [9.946482, 53.562551], [9.946843, 53.562485], [9.947158, 53.56242], [9.947864, 53.562253], [9.948134, 53.562197], [9.948269, 53.56216], [9.948765, 53.562048], [9.948795, 53.562048], [9.94899, 53.562001], [9.94908, 53.561982], [9.949155, 53.561964], [9.949591, 53.561871], [9.949951, 53.561787], [9.950011, 53.561768], [9.950056, 53.561759], [9.950942, 53.561554], [9.951062, 53.561526], [9.951528, 53.561424], [9.951708, 53.561395], [9.951948, 53.561349], [9.952204, 53.561302], [9.952565, 53.561254], [9.952896, 53.561215], [9.953077, 53.561205], [9.95359, 53.56121], [9.954165, 53.561259], [9.954422, 53.561293], [9.954483, 53.561301], [9.956088, 53.561531], [9.956391, 53.561592], [9.956694, 53.56167], [9.956968, 53.561749], [9.957546, 53.561951], [9.957988, 53.562118], [9.958185, 53.562188], [9.95849, 53.56233], [9.95945, 53.562708], [9.959952, 53.562911], [9.96047, 53.563095], [9.960926, 53.563245], [9.96161, 53.563455], [9.962004, 53.563541], [9.962413, 53.563583], [9.962821, 53.563607], [9.963228, 53.563621], [9.964181, 53.563677], [9.964906, 53.563734], [9.965133, 53.563759], [9.965224, 53.563767], [9.965663, 53.563799], [9.965723, 53.563808], [9.965889, 53.563816], [9.966146, 53.563831], [9.966418, 53.563838], [9.966992, 53.563861], [9.967022, 53.563869], [9.967868, 53.563898], [9.968487, 53.563911], [9.968593, 53.56391], [9.968729, 53.563918], [9.968895, 53.563908], [9.968985, 53.563907], [9.969558, 53.563876], [9.969664, 53.563875], [9.970312, 53.563852], [9.971067, 53.563854], [9.971732, 53.563876], [9.972427, 53.563906], [9.973227, 53.563945], [9.973258, 53.563944], [9.973575, 53.563951], [9.973696, 53.563959], [9.97504, 53.563993], [9.976685, 53.564006], [9.978179, 53.564012], [9.980247, 53.564013], [9.982933, 53.564], [9.983401, 53.563978], [9.984048, 53.563883], [9.984348, 53.563818], [9.984753, 53.563716], [9.985217, 53.56355], [9.985605, 53.563358], [9.985859, 53.563239], [9.986231, 53.563038], [9.987588, 53.562326], [9.987812, 53.562208], [9.988274, 53.561961], [9.988587, 53.561797], [9.988736, 53.561715], [9.98887, 53.561633], [9.988989, 53.561551], [9.989108, 53.561469], [9.989182, 53.561406], [9.989226, 53.561378], [9.989271, 53.561342], [9.989345, 53.561279], [9.989374, 53.561251], [9.989434, 53.561206], [9.989745, 53.560961], [9.99016, 53.560634], [9.990219, 53.560579], [9.990263, 53.560543], [9.990337, 53.560489], [9.990662, 53.560162], [9.990735, 53.560072], [9.990941, 53.559837], [9.991059, 53.559719], [9.991177, 53.55961], [9.991444, 53.559401], [9.991697, 53.559246], [9.991935, 53.559119], [9.992189, 53.558982], [9.992323, 53.558918], [9.993397, 53.558388], [9.993561, 53.558305], [9.993681, 53.558251], [9.9938, 53.558205], [9.99389, 53.558159], [9.994129, 53.558067], [9.994264, 53.558012], [9.994368, 53.557975], [9.994413, 53.557957], [9.994593, 53.557901], [9.994863, 53.557827], [9.995118, 53.557762], [9.995868, 53.557558], [9.996782, 53.557308], [9.997052, 53.557243], [9.997307, 53.557169], [9.997622, 53.557094], [9.997892, 53.557029], [9.998102, 53.556974], [9.998283, 53.556945], [9.998463, 53.556917], [9.998704, 53.556888], [9.998915, 53.556868], [9.999442, 53.556828], [9.999834, 53.556797], [9.999898, 53.556789]], [[9.933148, 53.558402], [9.932913, 53.558638], [9.932583, 53.559007], [9.932412, 53.559259], [9.932299, 53.559493], [9.93223, 53.559657], [9.932187, 53.559816], [9.932148, 53.560007], [9.932143, 53.560228], [9.932162, 53.560421], [9.932205, 53.560636], [9.932293, 53.560878], [9.932402, 53.561098], [9.932569, 53.56134], [9.932793, 53.561585], [9.93318, 53.561937], [9.933562, 53.562232], [9.934011, 53.562576], [9.93436, 53.562876], [9.93461, 53.563117], [9.934812, 53.563356], [9.934932, 53.563531], [9.935037, 53.563719], [9.93511, 53.563898], [9.935171, 53.564107], [9.935211, 53.564354], [9.935207, 53.564466], [9.935203, 53.564651], [9.935147, 53.564956], [9.935075, 53.565193], [9.934994, 53.565417], [9.934777, 53.565942], [9.934712, 53.566154], [9.934623, 53.566479], [9.934565, 53.566708], [9.934527, 53.566942], [9.934509, 53.567041], [9.934476, 53.567179], [9.934425, 53.567321], [9.934315, 53.567614], [9.934224, 53.567848], [9.934193, 53.567962], [9.934175, 53.568056], [9.934161, 53.568144], [9.934067, 53.568398], [9.934084, 53.568399]], [[9.934678, 53.551752], [9.934655, 53.551855], [9.934625, 53.551853], [9.934625, 53.551871], [9.934512, 53.552213], [9.934483, 53.552285], [9.93447, 53.552348], [9.934456, 53.55242], [9.934443, 53.552501], [9.934444, 53.552555], [9.934445, 53.5526], [9.934455, 53.553058], [9.934447, 53.5534], [9.934449, 53.553454], [9.934451, 53.553571], [9.93447, 53.553732], [9.934486, 53.553786], [9.934521, 53.553974], [9.934556, 53.554208], [9.934558, 53.554289], [9.934559, 53.554334], [9.934576, 53.55445], [9.934577, 53.554486], [9.934594, 53.554558], [9.934644, 53.554782], [9.934649, 53.555007], [9.934674, 53.555465], [9.934663, 53.555636], [9.934651, 53.555788], [9.934596, 53.55604], [9.934511, 53.556266], [9.934337, 53.556591], [9.934294, 53.556681], [9.934149, 53.556969], [9.934003, 53.557186], [9.933799, 53.557511], [9.933431, 53.557945], [9.933148, 53.558402]], [[9.934678, 53.551752], [9.934651, 53.551876], [9.934679, 53.551879], [9.934568, 53.552222], [9.934548, 53.552285], [9.934533, 53.55234], [9.934524, 53.552394], [9.934517, 53.552444], [9.934512, 53.552499], [9.934512, 53.552534], [9.93451, 53.552601], [9.93456, 53.553063], [9.934579, 53.553346], [9.934582, 53.553432], [9.934589, 53.553564], [9.934609, 53.553734], [9.934618, 53.553797], [9.934658, 53.553973], [9.934672, 53.554052], [9.934687, 53.554196], [9.934715, 53.554818], [9.934737, 53.555333], [9.934738, 53.555463], [9.934692, 53.555902], [9.934614, 53.55621], [9.934586, 53.556289], [9.93456, 53.55637], [9.934497, 53.556536], [9.934385, 53.556799], [9.934206, 53.557134], [9.933935, 53.557549], [9.933789, 53.557734], [9.933499, 53.558051], [9.933148, 53.558402]], [[9.999898, 53.556789], [9.999561, 53.556746], [9.999318, 53.556694], [9.99906, 53.556642], [9.998787, 53.556564], [9.998528, 53.556476], [9.998163, 53.556335], [9.997964, 53.556247], [9.997766, 53.556141], [9.997537, 53.556017], [9.997322, 53.555866], [9.997214, 53.555786], [9.997137, 53.555733], [9.996937, 53.555555], [9.996845, 53.555484], [9.996783, 53.555403], [9.996628, 53.555234], [9.996488, 53.555046], [9.996393, 53.554867], [9.996188, 53.554483], [9.995967, 53.554098], [9.995764, 53.553803], [9.99564, 53.553643], [9.995516, 53.553518], [9.995361, 53.553357], [9.995162, 53.553197], [9.995008, 53.553073], [9.994839, 53.552948], [9.994609, 53.552807], [9.994548, 53.552753], [9.994348, 53.552629], [9.99418, 53.552532], [9.994104, 53.552487], [9.994058, 53.552461], [9.993997, 53.552434], [9.993753, 53.552328], [9.992869, 53.551958], [9.992047, 53.551633], [9.992031, 53.551624], [9.991986, 53.551606], [9.990737, 53.551105], [9.990189, 53.550893], [9.989503, 53.550612], [9.988498, 53.550216], [9.988148, 53.550093], [9.987768, 53.549979], [9.987419, 53.549892], [9.987101, 53.549823], [9.986692, 53.549763], [9.986299, 53.549713], [9.986238, 53.549713], [9.985966, 53.549679], [9.985906, 53.54968], [9.985013, 53.549597], [9.98453, 53.549556], [9.98453, 53.549565], [9.984167, 53.549515], [9.983607, 53.549456], [9.983244, 53.549414], [9.982911, 53.549363], [9.982866, 53.549363], [9.982411, 53.549277], [9.982047, 53.549199], [9.981774, 53.54913], [9.981546, 53.54906], [9.981181, 53.548937], [9.980937, 53.548831], [9.980617, 53.548681], [9.980357, 53.548539], [9.979837, 53.548229], [9.979408, 53.547963], [9.979041, 53.547733], [9.978766, 53.547582], [9.97846, 53.547423], [9.978095, 53.547264], [9.977714, 53.547105], [9.977349, 53.546992], [9.976939, 53.546869], [9.976454, 53.546765], [9.976029, 53.546679], [9.974575, 53.546421], [9.974469, 53.546404], [9.973983, 53.546264], [9.973438, 53.546197], [9.973151, 53.546163], [9.972819, 53.546139], [9.972411, 53.546124], [9.97232, 53.546125], [9.971898, 53.54612], [9.971687, 53.546121], [9.971431, 53.546141], [9.971024, 53.546172], [9.970588, 53.546247], [9.970257, 53.546295], [9.969686, 53.546398], [9.969416, 53.546445], [9.969266, 53.546473], [9.968876, 53.546566], [9.968425, 53.546669], [9.967871, 53.546835], [9.967586, 53.546927], [9.966988, 53.547148], [9.966794, 53.547221], [9.966569, 53.547322], [9.966092, 53.547541], [9.965763, 53.547697], [9.965614, 53.547761], [9.964882, 53.54809], [9.964419, 53.548292], [9.964105, 53.54842], [9.963806, 53.548539], [9.963447, 53.548659], [9.963222, 53.548733], [9.962907, 53.548816], [9.962352, 53.548964], [9.961752, 53.549113], [9.961091, 53.549235], [9.9607, 53.549301], [9.960324, 53.549349], [9.959888, 53.549397], [9.959677, 53.549417], [9.959421, 53.549446], [9.95903, 53.549476], [9.95793, 53.549557], [9.956393, 53.54965], [9.956363, 53.54965], [9.956212, 53.549652], [9.955835, 53.549655], [9.955473, 53.549657], [9.955232, 53.549659], [9.954643, 53.549655], [9.954145, 53.549632], [9.953268, 53.549576], [9.952679, 53.549527], [9.95218, 53.549477], [9.951937, 53.549443], [9.951271, 53.549332], [9.950817, 53.549254], [9.949772, 53.549083], [9.948772, 53.54892], [9.948318, 53.548852], [9.947834, 53.548775], [9.947107, 53.548646], [9.946773, 53.548586], [9.946425, 53.548507], [9.946151, 53.548429], [9.945726, 53.548306], [9.945301, 53.548175], [9.945027, 53.548096], [9.944754, 53.547991], [9.944221, 53.547797], [9.944115, 53.547753], [9.944111, 53.547756], [9.942767, 53.547245], [9.942649, 53.547209], [9.942542, 53.547176], [9.942375, 53.547133], [9.942225, 53.547094], [9.942082, 53.547064], [9.94194, 53.547029], [9.941794, 53.546996], [9.9417, 53.546976], [9.94139, 53.546923], [9.941112, 53.546878], [9.940902, 53.546847], [9.940604, 53.546819], [9.940287, 53.546805], [9.939965, 53.546803], [9.939657, 53.546811], [9.939282, 53.546837], [9.938991, 53.546869], [9.938761, 53.546901], [9.938612, 53.546925], [9.938358, 53.546974], [9.938226, 53.547003], [9.938101, 53.547032], [9.937951, 53.547072], [9.937798, 53.547116], [9.937673, 53.547156], [9.937609, 53.547177], [9.937555, 53.547196], [9.937466, 53.547229], [9.937231, 53.547324], [9.937017, 53.547423], [9.936776, 53.547552], [9.93667, 53.547615], [9.936516, 53.547716], [9.936273, 53.547891], [9.936061, 53.548071], [9.935897, 53.548233], [9.935755, 53.548395], [9.935652, 53.548529], [9.935584, 53.54863], [9.935519, 53.548736], [9.935448, 53.548871], [9.93538, 53.549026], [9.935331, 53.549141], [9.935289, 53.549245], [9.935092, 53.549785], [9.934963, 53.55011], [9.935008, 53.550274], [9.935, 53.550299], [9.934993, 53.550325], [9.934765, 53.551362], [9.934708, 53.551614], [9.934678, 53.551752]], [[10.022947, 53.552208], [10.022703, 53.55212], [10.022398, 53.551988], [10.021498, 53.551573], [10.021193, 53.55145], [10.020859, 53.551336], [10.020433, 53.551214], [10.020342, 53.551188], [10.020145, 53.551136], [10.020114, 53.551127], [10.020054, 53.55111], [10.019705, 53.551023], [10.018308, 53.550693], [10.017337, 53.55045], [10.017216, 53.550424], [10.017094, 53.550398], [10.016791, 53.55032], [10.016639, 53.550285], [10.016047, 53.550155], [10.015168, 53.549965], [10.014789, 53.549896], [10.014426, 53.549846], [10.014123, 53.549812], [10.013821, 53.549788], [10.013338, 53.549774], [10.013232, 53.549775], [10.013006, 53.549777], [10.012734, 53.549779], [10.012704, 53.549779], [10.012538, 53.54979], [10.012403, 53.5498], [10.012373, 53.549809], [10.012027, 53.549848], [10.011531, 53.549942], [10.011231, 53.549998], [10.010676, 53.550156], [10.010332, 53.550285], [10.010048, 53.550404], [10.009899, 53.550477], [10.009661, 53.550596], [10.009631, 53.550614], [10.009616, 53.550623], [10.009096, 53.55096], [10.008934, 53.551123], [10.008904, 53.55115], [10.008786, 53.551268], [10.008787, 53.551277], [10.008669, 53.551395], [10.008582, 53.551539], [10.008524, 53.551657], [10.008453, 53.551828], [10.008396, 53.551981], [10.008339, 53.552143], [10.008312, 53.552242], [10.008298, 53.552296], [10.008242, 53.552504], [10.008186, 53.552666], [10.0081, 53.552859], [10.008043, 53.553017], [10.007956, 53.553162], [10.007942, 53.553198], [10.007855, 53.553334], [10.007781, 53.553415], [10.007678, 53.553533], [10.007428, 53.553777], [10.007132, 53.554031], [10.006851, 53.554268], [10.006718, 53.554376], [10.006555, 53.554522], [10.006244, 53.554785], [10.006096, 53.554903], [10.006022, 53.554957], [10.005815, 53.555112], [10.005562, 53.555285], [10.00531, 53.555449], [10.005072, 53.555603], [10.004804, 53.555749], [10.004774, 53.555759], [10.00461, 53.555859], [10.004431, 53.555941], [10.004267, 53.556023], [10.003968, 53.556161], [10.00364, 53.556298], [10.003385, 53.556399], [10.003146, 53.556482], [10.002921, 53.556556], [10.002651, 53.556621], [10.002426, 53.556677], [10.002156, 53.556724], [10.00187, 53.556771], [10.001539, 53.55681], [10.001177, 53.556831], [10.000816, 53.556843], [10.000559, 53.556845], [10.000302, 53.556829], [9.999954, 53.556796], [9.999898, 53.556789]], [[9.999898, 53.556789], [10.000586, 53.556701], [10.000631, 53.556701], [10.000812, 53.556681], [10.001113, 53.556643], [10.001218, 53.556624], [10.001443, 53.556595], [10.001954, 53.556501], [10.002119, 53.556464], [10.00224, 53.556445], [10.0023, 53.556426], [10.002915, 53.556286], [10.003215, 53.556212], [10.003665, 53.556082], [10.003785, 53.556046], [10.003979, 53.555981], [10.004054, 53.555953], [10.004398, 53.555807], [10.004621, 53.555697], [10.004904, 53.555542], [10.005157, 53.555387], [10.005425, 53.555214], [10.005841, 53.55495], [10.005959, 53.554859], [10.00633, 53.554577], [10.006538, 53.554432], [10.006686, 53.554314], [10.006967, 53.554069], [10.007084, 53.553897], [10.00717, 53.553744], [10.007257, 53.553572], [10.007329, 53.553428], [10.007343, 53.553401], [10.007358, 53.553392], [10.007358, 53.553374], [10.007431, 53.553265], [10.007575, 53.553003], [10.00764, 53.552818], [10.007661, 53.552796], [10.007776, 53.552553], [10.007932, 53.55212], [10.008031, 53.551868], [10.008088, 53.551714], [10.008131, 53.551642], [10.008204, 53.551516], [10.008262, 53.551425], [10.00835, 53.551308], [10.008364, 53.551281], [10.008482, 53.551154], [10.008615, 53.551036], [10.008763, 53.550918], [10.008955, 53.550763], [10.009119, 53.550672], [10.009388, 53.550535], [10.00997, 53.550288], [10.010494, 53.550103], [10.010869, 53.550001], [10.011214, 53.549936], [10.011575, 53.54987], [10.011981, 53.549812], [10.012372, 53.549764], [10.012553, 53.549754], [10.012673, 53.549744], [10.012763, 53.549734], [10.013019, 53.549714], [10.013155, 53.549704], [10.013577, 53.549691], [10.013849, 53.549698], [10.01406, 53.549714], [10.014468, 53.549728], [10.014922, 53.549787], [10.014983, 53.549796], [10.015195, 53.54983], [10.015816, 53.549942], [10.01615, 53.550011], [10.016742, 53.550158], [10.016878, 53.550202], [10.017182, 53.550289], [10.017304, 53.550315], [10.018488, 53.550638], [10.018579, 53.550655], [10.019035, 53.550795], [10.019369, 53.550891], [10.019719, 53.550978], [10.020098, 53.551073], [10.020159, 53.551091], [10.020174, 53.551091], [10.020387, 53.551161], [10.020478, 53.551187], [10.020782, 53.551292], [10.021209, 53.55145], [10.021513, 53.551573], [10.022414, 53.551988], [10.022718, 53.55212], [10.022947, 53.552208]], [[10.022947, 53.552208], [10.023053, 53.552243], [10.02319, 53.552287]], [[10.02319, 53.552287], [10.023038, 53.552243], [10.022947, 53.552208]], [[10.02319, 53.552287], [10.023464, 53.552365], [10.023692, 53.552426], [10.023995, 53.552496], [10.024586, 53.552589], [10.024858, 53.552623]], [[10.024858, 53.552623], [10.024858, 53.552632], [10.024571, 53.552589], [10.02398, 53.552496], [10.023677, 53.552426], [10.023449, 53.552365], [10.02319, 53.552287]], [[10.31461, 53.530046], [10.314489, 53.530029], [10.313944, 53.52999], [10.313748, 53.529974], [10.313581, 53.529958], [10.313248, 53.529917], [10.312961, 53.529884], [10.312431, 53.529809], [10.312385, 53.529809], [10.311719, 53.529727], [10.310963, 53.529645], [10.310645, 53.529622], [10.310373, 53.529598], [10.310222, 53.529582], [10.310176, 53.529573], [10.309223, 53.529467], [10.308814, 53.529417], [10.30836, 53.529368], [10.307225, 53.529228], [10.307149, 53.52922], [10.3058, 53.52901], [10.303951, 53.528707], [10.302646, 53.528451], [10.302555, 53.528434], [10.301219, 53.528143], [10.300946, 53.528084], [10.2992, 53.527689], [10.298972, 53.527638], [10.298592, 53.527543], [10.298045, 53.527405], [10.297984, 53.527397], [10.296571, 53.527053], [10.294095, 53.526451], [10.293655, 53.526348], [10.293502, 53.526304], [10.29253, 53.526072], [10.29054, 53.525572], [10.28861, 53.525099], [10.287896, 53.524927], [10.287698, 53.524875], [10.287562, 53.524841], [10.286984, 53.524694], [10.286087, 53.524434], [10.285539, 53.524261], [10.284898, 53.524025], [10.284334, 53.523815], [10.283678, 53.52358], [10.282945, 53.523282], [10.281539, 53.52265], [10.280697, 53.522219], [10.279839, 53.521788], [10.279517, 53.521612], [10.279073, 53.521374], [10.278996, 53.52133], [10.278536, 53.521065], [10.278198, 53.520844], [10.278028, 53.520729], [10.277889, 53.520623], [10.277781, 53.520543], [10.277334, 53.520197], [10.277287, 53.520153], [10.277117, 53.520002], [10.27659, 53.519531], [10.27614, 53.519114], [10.275504, 53.518518], [10.273185, 53.516108], [10.273046, 53.515984], [10.272828, 53.51577], [10.272472, 53.515451], [10.271453, 53.514662], [10.271422, 53.514635], [10.271083, 53.51436], [10.270759, 53.514139], [10.270283, 53.513821], [10.270021, 53.513653], [10.269591, 53.513397], [10.268917, 53.513026], [10.268212, 53.512657], [10.267141, 53.512129], [10.266881, 53.511997], [10.26633, 53.511724], [10.265735, 53.511479], [10.264974, 53.511226], [10.264471, 53.511052], [10.264273, 53.510991], [10.26336, 53.510704], [10.262068, 53.510331], [10.26178, 53.510262], [10.260367, 53.509918], [10.259761, 53.50979], [10.259291, 53.509696], [10.259109, 53.509662], [10.258184, 53.509474], [10.257017, 53.509261], [10.256335, 53.509143], [10.255365, 53.508964], [10.2545, 53.508767], [10.253573, 53.508534], [10.253026, 53.508378], [10.252357, 53.508187], [10.251748, 53.507987], [10.251109, 53.507778], [10.250332, 53.507498], [10.249463, 53.507166], [10.248701, 53.506877], [10.248136, 53.506614], [10.247447, 53.506262], [10.24662, 53.50583], [10.246161, 53.505574], [10.245654, 53.505265], [10.245071, 53.504912], [10.244487, 53.50454], [10.243888, 53.504124], [10.243209, 53.503592], [10.242606, 53.503068], [10.241987, 53.502526], [10.241492, 53.502082], [10.240765, 53.501452], [10.240487, 53.50123], [10.240087, 53.500938], [10.239748, 53.500699], [10.239702, 53.500672], [10.239487, 53.500513], [10.239087, 53.500265], [10.238673, 53.500009], [10.238197, 53.499717], [10.237616, 53.499418], [10.236714, 53.498978], [10.235813, 53.498574], [10.235127, 53.498285], [10.234609, 53.498101], [10.234426, 53.498031], [10.233665, 53.49776], [10.232844, 53.497508], [10.232175, 53.497327], [10.231325, 53.497102], [10.230566, 53.496921], [10.229823, 53.496776], [10.229157, 53.496648], [10.228491, 53.496547], [10.227447, 53.496396], [10.225557, 53.496182], [10.225194, 53.49614], [10.225028, 53.496124], [10.224514, 53.496066], [10.223531, 53.495969], [10.222639, 53.495861], [10.221686, 53.495718], [10.220565, 53.495523], [10.219534, 53.4953], [10.218442, 53.495041], [10.218016, 53.494929], [10.216208, 53.49439], [10.21525, 53.494076], [10.214975, 53.49398], [10.214214, 53.49371], [10.213453, 53.493421], [10.21295, 53.493219], [10.212675, 53.493105], [10.211607, 53.492631], [10.209743, 53.491724], [10.208902, 53.49131], [10.208566, 53.491134], [10.208016, 53.49087], [10.207802, 53.490755], [10.207527, 53.490632], [10.206839, 53.49028], [10.206534, 53.490139], [10.205968, 53.489857], [10.205769, 53.489752], [10.204929, 53.489329], [10.204486, 53.489127], [10.204058, 53.488924], [10.203982, 53.488889], [10.203662, 53.488748], [10.203341, 53.488617], [10.202382, 53.488267], [10.2022, 53.488206], [10.201607, 53.488005], [10.20106, 53.487849], [10.200543, 53.487702], [10.200028, 53.487581], [10.199224, 53.4874], [10.198709, 53.487307], [10.198194, 53.487213], [10.197181, 53.487061], [10.196621, 53.486995], [10.196213, 53.486945], [10.196032, 53.486929], [10.195065, 53.486849], [10.194115, 53.486804], [10.193602, 53.486792], [10.192984, 53.48678], [10.192247, 53.486805], [10.191494, 53.48684], [10.190938, 53.486881], [10.190352, 53.486923], [10.189496, 53.487012], [10.188639, 53.487102], [10.187708, 53.48721], [10.185876, 53.487417], [10.18541, 53.487466], [10.184389, 53.487593], [10.182483, 53.487855], [10.181973, 53.487932], [10.181403, 53.488009], [10.181117, 53.48803], [10.180291, 53.488119], [10.179434, 53.488199], [10.17739, 53.488381], [10.169218, 53.489252], [10.166905, 53.4895], [10.163239, 53.489895], [10.161453, 53.490128], [10.160251, 53.490274], [10.159005, 53.490421], [10.158825, 53.490441], [10.158464, 53.490489], [10.157968, 53.49053], [10.157081, 53.490611], [10.155745, 53.490758], [10.154123, 53.490972], [10.150175, 53.491531], [10.148856, 53.491768], [10.147507, 53.492051], [10.145635, 53.492473], [10.143749, 53.49294], [10.141895, 53.49347], [10.140984, 53.493767], [10.139671, 53.494228], [10.138403, 53.494735], [10.13669, 53.495461], [10.135573, 53.495975], [10.134205, 53.496644], [10.13251, 53.497513], [10.132138, 53.497697], [10.131439, 53.498045], [10.131455, 53.498062], [10.131172, 53.498182], [10.129387, 53.499088], [10.128926, 53.499308], [10.128317, 53.49962], [10.124303, 53.501697], [10.119663, 53.504059], [10.116717, 53.505542], [10.114233, 53.506806], [10.113177, 53.507346], [10.112315, 53.507785], [10.111839, 53.508023], [10.106112, 53.510943], [10.102214, 53.512955], [10.098301, 53.514941], [10.09665, 53.515819], [10.09665, 53.51581], [10.096353, 53.515966], [10.095892, 53.516212], [10.095847, 53.516231], [10.094984, 53.51667], [10.09327, 53.517458], [10.08992, 53.519106], [10.087568, 53.520287], [10.080632, 53.5238], [10.079456, 53.524395], [10.075198, 53.526554], [10.074379, 53.526966], [10.073709, 53.527304], [10.072696, 53.527799], [10.072264, 53.528], [10.071816, 53.528202], [10.070684, 53.528742], [10.069239, 53.529447], [10.069194, 53.529474], [10.068673, 53.529739], [10.067215, 53.530507], [10.066589, 53.530836], [10.065561, 53.531331], [10.065219, 53.531513], [10.065204, 53.531505], [10.063847, 53.532146], [10.063773, 53.532182], [10.063355, 53.532375], [10.062879, 53.532622], [10.061195, 53.533454], [10.060628, 53.533693], [10.06006, 53.533887], [10.059296, 53.534109], [10.058458, 53.534341], [10.058128, 53.534443], [10.055672, 53.53513], [10.053231, 53.535825], [10.051478, 53.536317], [10.050684, 53.536539], [10.049426, 53.536892], [10.048273, 53.537225], [10.04742, 53.537493], [10.046028, 53.537928], [10.045159, 53.538187], [10.044395, 53.538409], [10.04441, 53.5384], [10.04429, 53.538437], [10.043137, 53.538762], [10.043107, 53.538771], [10.042807, 53.538864], [10.042418, 53.538975], [10.042403, 53.538975], [10.042148, 53.539049], [10.04134, 53.539281], [10.04101, 53.539391], [10.040621, 53.539521], [10.040323, 53.53964], [10.040024, 53.53976], [10.039636, 53.539934], [10.039353, 53.54008], [10.03913, 53.540199], [10.038743, 53.540427], [10.038372, 53.540681], [10.037928, 53.541027], [10.037529, 53.541372], [10.037426, 53.54148], [10.037309, 53.541607], [10.037088, 53.541852], [10.036942, 53.542024], [10.036883, 53.542096], [10.036386, 53.542747], [10.035362, 53.544041], [10.035143, 53.544348], [10.034646, 53.544991], [10.033856, 53.546004], [10.033534, 53.546411], [10.033241, 53.5468], [10.032832, 53.547343], [10.032101, 53.548275], [10.032086, 53.548293], [10.031867, 53.548582], [10.031676, 53.548817], [10.031414, 53.549197], [10.03099, 53.54974], [10.030902, 53.549875], [10.0308, 53.550029], [10.030786, 53.550056], [10.030403, 53.550455], [10.030359, 53.5505], [10.03017, 53.55078], [10.030024, 53.550979], [10.029862, 53.551151], [10.029774, 53.551233], [10.029611, 53.55136], [10.029433, 53.551487], [10.028809, 53.551915], [10.02863, 53.551997], [10.028451, 53.552071], [10.028212, 53.552163], [10.028167, 53.552181], [10.027868, 53.552283], [10.027718, 53.552338], [10.027583, 53.552375], [10.027464, 53.552412], [10.027208, 53.552468], [10.027043, 53.552505], [10.026893, 53.552534], [10.026683, 53.552571], [10.026472, 53.5526], [10.026277, 53.55262], [10.026096, 53.55263], [10.025915, 53.552641], [10.025689, 53.552652], [10.025583, 53.552653], [10.025176, 53.552647], [10.0251, 53.552639], [10.024858, 53.552623]]]}, "properties": {"linie": "S7", "farbe": "#1A2E6E"}}, {"type": "Feature", "geometry": {"type": "MultiLineString", "coordinates": [[[9.986179, 53.68314], [9.986228, 53.683405], [9.986187, 53.68379], [9.986129, 53.684479], [9.986045, 53.685448], [9.986004, 53.685447], [9.986032, 53.685602], [9.985873, 53.686756], [9.985673, 53.688894], [9.985648, 53.689244], [9.985609, 53.689692], [9.985584, 53.690154], [9.985592, 53.690406], [9.985622, 53.690589], [9.985668, 53.690828], [9.985769, 53.691202], [9.985846, 53.691401], [9.98592, 53.691573], [9.986068, 53.691895], [9.986173, 53.692085], [9.98629, 53.692281], [9.986429, 53.692482], [9.986577, 53.692693], [9.986611, 53.692734], [9.986673, 53.692811], [9.986759, 53.692917], [9.98696, 53.693153], [9.987199, 53.693389], [9.987451, 53.693632], [9.987569, 53.693737], [9.988934, 53.694972], [9.989618, 53.695595], [9.989734, 53.6957], [9.989771, 53.695686], [9.990108, 53.696038], [9.990281, 53.696196], [9.990818, 53.696709], [9.991443, 53.697403], [9.991918, 53.698074], [9.992297, 53.698748], [9.992324, 53.698815], [9.99252, 53.699307], [9.992585, 53.699513], [9.992752, 53.700145], [9.992868, 53.701017], [9.992799, 53.702433], [9.992792, 53.702714], [9.992788, 53.702877], [9.992784, 53.703383], [9.992798, 53.703685], [9.992753, 53.704495], [9.992724, 53.704856], [9.992682, 53.705405]], [[9.992481, 53.705393], [9.99257, 53.704456], [9.992608, 53.704035], [9.992696, 53.702888], [9.992714, 53.702714], [9.992721, 53.702642], [9.992733, 53.70243], [9.992804, 53.701146], [9.992798, 53.700891], [9.992683, 53.700148], [9.992464, 53.699315], [9.9923, 53.698907], [9.992267, 53.698824], [9.99224, 53.698758], [9.99186, 53.698088], [9.991384, 53.697422], [9.99077, 53.696727], [9.990227, 53.696217], [9.989999, 53.696002], [9.989696, 53.695719], [9.989666, 53.695732], [9.989579, 53.69561], [9.988866, 53.694962], [9.98863, 53.694755], [9.987945, 53.694144], [9.987518, 53.693746], [9.9874, 53.693642], [9.987153, 53.693405], [9.986906, 53.693153], [9.986711, 53.692931], [9.986625, 53.692821], [9.986522, 53.692693], [9.986377, 53.692494], [9.986236, 53.692281], [9.986121, 53.69209], [9.986013, 53.691895], [9.985863, 53.691577], [9.985791, 53.691401], [9.985715, 53.691203], [9.985607, 53.690835], [9.985561, 53.690592], [9.985537, 53.690403], [9.985528, 53.690151], [9.985548, 53.689691], [9.985593, 53.689242], [9.985617, 53.688891], [9.985817, 53.686753], [9.985851, 53.685597], [9.985863, 53.685446], [9.985913, 53.685448], [9.985946, 53.684477], [9.986005, 53.683785], [9.986081, 53.683402], [9.986179, 53.68314]], [[9.995177, 53.677642], [9.994717, 53.677619], [9.994707, 53.677624], [9.994705, 53.67762], [9.994323, 53.677678], [9.99408, 53.677712], [9.993202, 53.677923], [9.992045, 53.678213], [9.991899, 53.678249], [9.991017, 53.678467], [9.990641, 53.67856], [9.989989, 53.678762], [9.989358, 53.679035], [9.988994, 53.67924], [9.988692, 53.679454], [9.988421, 53.679688], [9.98808, 53.680038], [9.98798, 53.680148], [9.98791, 53.680224], [9.987454, 53.680672], [9.987021, 53.681116], [9.986667, 53.681524], [9.986465, 53.681818], [9.986342, 53.682068], [9.986242, 53.682338], [9.986193, 53.682693], [9.986173, 53.68281], [9.986168, 53.682838], [9.986179, 53.68314]], [[9.986179, 53.68314], [9.98624, 53.682853], [9.986243, 53.682814], [9.986305, 53.682345], [9.986405, 53.682076], [9.98653, 53.681826], [9.986719, 53.681534], [9.98706, 53.681133], [9.98751, 53.680683], [9.987949, 53.680237], [9.988134, 53.680056], [9.988491, 53.6797], [9.988736, 53.679475], [9.989039, 53.679262], [9.989107, 53.679223], [9.989387, 53.679063], [9.990013, 53.678788], [9.990785, 53.678564], [9.99212, 53.67823], [9.993239, 53.677946], [9.993481, 53.677902], [9.993485, 53.67791], [9.993884, 53.67783], [9.99397, 53.677815], [9.994129, 53.677786], [9.994347, 53.677755], [9.994923, 53.6777], [9.995177, 53.677642]], [[9.9923, 53.707939], [9.992252, 53.707883], [9.992288, 53.707425], [9.992454, 53.705678]], [[9.992661, 53.705684], [9.992545, 53.707221], [9.992529, 53.707432], [9.992487, 53.707891], [9.992483, 53.707938], [9.992451, 53.707938]], [[9.992454, 53.705678], [9.992481, 53.705393]], [[9.992571, 53.705538], [9.99253, 53.705587], [9.992454, 53.705678]], [[9.992571, 53.705538], [9.992539, 53.705487], [9.992481, 53.705393]], [[9.992661, 53.705684], [9.992601, 53.705588], [9.992571, 53.705538]], [[9.992682, 53.705405], [9.992608, 53.705495], [9.992571, 53.705538]], [[9.992682, 53.705405], [9.992661, 53.705684]], [[9.994773, 53.599005], [9.994765, 53.599135], [9.994747, 53.59941], [9.994751, 53.599446], [9.99475, 53.599469], [9.994733, 53.59973], [9.994723, 53.599841], [9.994716, 53.599908], [9.994689, 53.599907], [9.994705, 53.600023], [9.994684, 53.600224], [9.994678, 53.600427], [9.994692, 53.600625], [9.994756, 53.600846], [9.994906, 53.601123], [9.995118, 53.601357], [9.995205, 53.601444], [9.99531, 53.601539], [9.99543, 53.601633], [9.995578, 53.601728], [9.995739, 53.601827], [9.995952, 53.60194], [9.996122, 53.602019], [9.99629, 53.602084], [9.996467, 53.602145], [9.996665, 53.60221], [9.997033, 53.602313], [9.997883, 53.60255], [9.998732, 53.602788], [9.999361, 53.602958], [10.0, 53.603142], [10.000115, 53.603177], [10.000487, 53.603289], [10.000886, 53.603411], [10.00145, 53.603594], [10.001775, 53.603729], [10.002126, 53.60387], [10.002636, 53.604038], [10.002871, 53.604115], [10.003153, 53.604204], [10.003333, 53.604253], [10.003611, 53.604331], [10.004199, 53.60448], [10.005381, 53.604778], [10.005859, 53.604896], [10.006563, 53.60507], [10.006896, 53.605153], [10.007974, 53.60541], [10.00956, 53.605819], [10.010394, 53.606023], [10.011469, 53.606305], [10.011596, 53.60637], [10.011614, 53.606346], [10.011734, 53.60638], [10.011785, 53.606396], [10.01208, 53.606493], [10.012612, 53.60666], [10.014016, 53.607047], [10.017004, 53.60789], [10.017087, 53.607914], [10.017442, 53.608013], [10.019664, 53.608639], [10.019975, 53.608742], [10.020199, 53.608849], [10.020575, 53.609039], [10.020778, 53.609125], [10.020946, 53.609181], [10.02114, 53.60924], [10.021849, 53.609469], [10.021862, 53.609451], [10.021913, 53.609466], [10.022577, 53.609648], [10.02283, 53.609715], [10.023206, 53.609823], [10.023931, 53.610055], [10.024443, 53.610209], [10.0246, 53.610262], [10.025142, 53.610455], [10.025497, 53.6106], [10.025777, 53.610727], [10.025992, 53.610842], [10.026331, 53.61103], [10.026657, 53.61123], [10.026897, 53.611397], [10.027175, 53.611615], [10.027358, 53.61178], [10.027554, 53.611975], [10.027828, 53.612299], [10.027875, 53.612366], [10.028116, 53.612742], [10.028423, 53.613517], [10.029685, 53.617152], [10.029843, 53.617597], [10.030017, 53.618043], [10.03009, 53.618166], [10.030161, 53.618283], [10.030248, 53.618393], [10.030348, 53.618514], [10.030383, 53.618556], [10.030562, 53.618758], [10.030754, 53.619009], [10.031026, 53.61951], [10.031096, 53.619633], [10.031149, 53.619724], [10.031319, 53.620035], [10.031434, 53.62028], [10.03147, 53.620383], [10.031496, 53.620471], [10.031528, 53.620763], [10.031565, 53.620759], [10.031571, 53.620782], [10.031606, 53.620956], [10.031652, 53.621221], [10.031654, 53.621236], [10.031685, 53.621417], [10.031709, 53.621711], [10.031718, 53.622009], [10.031752, 53.622317], [10.031893, 53.622759], [10.032069, 53.623267], [10.032193, 53.623499], [10.032345, 53.623771], [10.032531, 53.624059], [10.03281, 53.624609], [10.033061, 53.625259], [10.033282, 53.625803], [10.033528, 53.626393], [10.033641, 53.626716], [10.033661, 53.626828], [10.033675, 53.626943], [10.033684, 53.627063], [10.033679, 53.627203], [10.033665, 53.627312], [10.033655, 53.627393], [10.033588, 53.627623], [10.033497, 53.627813], [10.033404, 53.627982], [10.033395, 53.627993], [10.033351, 53.627982], [10.033277, 53.628162], [10.03292, 53.62852], [10.032317, 53.628968], [10.032092, 53.62912], [10.031815, 53.629358], [10.031523, 53.629611], [10.031274, 53.629823], [10.030084, 53.630851], [10.030067, 53.630865], [10.029911, 53.630996], [10.02973, 53.631143], [10.029525, 53.631294], [10.029336, 53.631418], [10.029139, 53.631528], [10.028653, 53.631755], [10.028291, 53.631902], [10.026669, 53.63255], [10.026659, 53.632541], [10.026539, 53.632603], [10.026418, 53.632651], [10.025964, 53.632844], [10.025439, 53.633049], [10.024241, 53.633527], [10.023586, 53.633791], [10.02304, 53.634007], [10.021117, 53.63477], [10.02063, 53.634964], [10.019456, 53.635447], [10.018851, 53.635693], [10.018545, 53.635824], [10.01826, 53.635959], [10.018053, 53.636076], [10.017993, 53.636114], [10.017852, 53.636202], [10.01767, 53.636332], [10.017518, 53.636456], [10.017328, 53.636633], [10.017172, 53.636804], [10.017031, 53.636986], [10.016922, 53.637167], [10.016863, 53.63729], [10.016807, 53.637415], [10.016738, 53.637659], [10.016698, 53.637925], [10.016695, 53.638058], [10.016698, 53.638186], [10.016721, 53.638507], [10.016735, 53.638696], [10.016758, 53.639231], [10.016762, 53.639661], [10.016785, 53.63966], [10.016793, 53.639783], [10.016798, 53.639898], [10.016814, 53.64021], [10.01682, 53.640316], [10.016852, 53.640799], [10.016912, 53.641687], [10.016952, 53.642494], [10.016971, 53.642864], [10.016957, 53.643303], [10.017025, 53.64426], [10.017084, 53.645301], [10.017098, 53.645552], [10.017216, 53.647616], [10.017253, 53.648028], [10.017256, 53.648061], [10.017279, 53.648606], [10.017315, 53.649008], [10.017263, 53.649003], [10.017324, 53.649275], [10.017333, 53.649491], [10.017331, 53.649625], [10.017269, 53.650163], [10.017253, 53.650286], [10.017221, 53.650483], [10.017197, 53.650699], [10.016927, 53.65251], [10.016924, 53.65253], [10.016673, 53.654216], [10.016659, 53.654314], [10.016373, 53.656553], [10.016318, 53.656987], [10.016328, 53.657086], [10.016351, 53.657362], [10.016401, 53.657725], [10.016506, 53.658249], [10.016616, 53.658663], [10.016668, 53.658813], [10.016899, 53.659467], [10.017218, 53.660113], [10.017507, 53.660673], [10.017554, 53.66076], [10.017622, 53.660989], [10.017659, 53.660982], [10.017757, 53.661186], [10.017808, 53.661294], [10.01796, 53.661603], [10.018414, 53.662538], [10.018626, 53.662967], [10.019192, 53.664113], [10.019247, 53.664225], [10.019723, 53.665184], [10.019809, 53.665386], [10.020087, 53.666329], [10.02014, 53.666791], [10.020141, 53.666916], [10.020143, 53.667398], [10.020036, 53.66814], [10.019921, 53.668525], [10.019629, 53.669215], [10.019558, 53.669378], [10.01937, 53.669839], [10.019082, 53.670494], [10.018128, 53.67266], [10.017718, 53.673525], [10.0175, 53.673849], [10.017331, 53.674057], [10.017187, 53.674214], [10.016843, 53.674552], [10.01668, 53.674691], [10.01649, 53.674844], [10.016298, 53.674977], [10.016101, 53.675106], [10.015951, 53.675195], [10.015938, 53.675187], [10.015943, 53.6752], [10.015675, 53.675348], [10.014878, 53.675749], [10.013104, 53.67663], [10.012716, 53.676814], [10.012415, 53.676945], [10.01217, 53.677041], [10.01184, 53.677156], [10.011613, 53.677227], [10.011107, 53.677366], [10.008559, 53.678054], [10.008017, 53.678175], [10.007521, 53.678281], [10.007109, 53.678357], [10.006552, 53.678423], [10.005968, 53.678455], [10.005363, 53.67845], [10.00432, 53.678368], [10.003261, 53.67828], [10.003231, 53.678278], [10.001807, 53.67816], [10.00145, 53.678122], [10.001447, 53.678131], [10.001275, 53.678118], [10.000377, 53.678038], [9.999928, 53.677999], [9.995987, 53.677683], [9.995177, 53.677642]], [[9.994773, 53.599005], [9.994741, 53.598666], [9.994777, 53.598292], [9.994785, 53.598272]], [[10.077326, 53.593028], [10.075817, 53.592731], [10.075549, 53.592681], [10.075192, 53.592609], [10.075157, 53.592602], [10.074849, 53.592528], [10.074844, 53.592536], [10.074487, 53.592462], [10.074147, 53.592392], [10.073039, 53.59216], [10.0727, 53.592094], [10.07245, 53.592055], [10.072022, 53.59201], [10.070956, 53.591928], [10.070593, 53.591894], [10.070161, 53.591822], [10.069754, 53.591728], [10.069452, 53.591641], [10.0692, 53.591559], [10.068946, 53.591463], [10.068609, 53.59131], [10.068312, 53.591181], [10.067808, 53.590947], [10.067241, 53.590683], [10.066398, 53.590294], [10.065942, 53.59006], [10.065617, 53.589925], [10.065228, 53.589734], [10.064976, 53.589591], [10.064733, 53.589423], [10.064577, 53.589291], [10.064481, 53.589204], [10.064385, 53.589105], [10.064284, 53.588989], [10.0642, 53.588879], [10.064159, 53.588802], [10.06411, 53.588722], [10.064011, 53.588535], [10.063965, 53.58841], [10.063924, 53.588276], [10.063884, 53.588049], [10.063877, 53.587883], [10.06389, 53.587714], [10.063916, 53.587582], [10.063978, 53.587411], [10.06404, 53.587244], [10.064106, 53.587121], [10.064182, 53.586983], [10.06428, 53.586848], [10.06449, 53.586601], [10.064509, 53.586607], [10.06491, 53.586188], [10.065446, 53.58563], [10.065839, 53.585206], [10.066013, 53.585011], [10.066207, 53.584791], [10.066324, 53.584613], [10.066868, 53.583723], [10.067226, 53.583085], [10.067574, 53.582404], [10.067827, 53.581952], [10.067943, 53.581743], [10.067992, 53.581754], [10.06796, 53.581714], [10.068266, 53.581167], [10.068346, 53.581025], [10.068387, 53.580973], [10.068425, 53.58093], [10.06887, 53.580452], [10.0691, 53.580118], [10.0693, 53.579798], [10.069458, 53.57948], [10.069549, 53.579303], [10.069658, 53.578993], [10.069723, 53.578805], [10.069787, 53.578541], [10.069876, 53.578096], [10.069895, 53.577953], [10.069921, 53.577519], [10.069916, 53.576863], [10.069921, 53.576264], [10.069902, 53.575229], [10.069904, 53.574827], [10.069908, 53.574756], [10.069931, 53.574591], [10.069944, 53.574494], [10.07008, 53.573975], [10.070131, 53.573712], [10.070147, 53.573553], [10.070145, 53.573468], [10.070134, 53.573392], [10.070096, 53.573224], [10.070044, 53.573096], [10.069981, 53.572985], [10.069894, 53.572865], [10.069781, 53.572743], [10.06957, 53.572573], [10.069373, 53.57244], [10.069235, 53.572348], [10.069164, 53.572309], [10.06909, 53.572272], [10.069002, 53.572233], [10.068921, 53.572202], [10.068826, 53.57217], [10.068714, 53.572138], [10.068584, 53.572102], [10.068274, 53.572032], [10.067669, 53.571904], [10.067574, 53.571886], [10.066819, 53.571736], [10.066816, 53.57174], [10.066785, 53.571734], [10.06583, 53.57155], [10.064669, 53.571341], [10.06397, 53.571204], [10.061653, 53.570748], [10.058558, 53.570104], [10.057631, 53.569869], [10.057622, 53.569845], [10.057609, 53.569863], [10.05683, 53.569664], [10.054946, 53.569168], [10.05417, 53.568975], [10.053758, 53.568875], [10.053546, 53.568824], [10.053385, 53.568789], [10.053214, 53.568758], [10.053045, 53.56873], [10.052852, 53.568702], [10.052186, 53.56862], [10.051292, 53.568513], [10.050898, 53.568471], [10.050774, 53.568454], [10.050655, 53.568436], [10.050174, 53.568359], [10.049653, 53.568268], [10.047782, 53.567944], [10.047638, 53.567918], [10.047495, 53.56789], [10.046667, 53.5677], [10.04655, 53.567665], [10.046545, 53.567672], [10.045652, 53.567467], [10.045438, 53.567423], [10.045366, 53.567411], [10.045304, 53.567403], [10.043425, 53.567185], [10.042115, 53.567026], [10.041521, 53.566953], [10.040996, 53.56688], [10.040718, 53.566832], [10.040622, 53.566813], [10.040233, 53.566732], [10.039938, 53.566656], [10.039647, 53.566573], [10.039438, 53.566503], [10.039236, 53.56643], [10.039134, 53.566389], [10.039012, 53.566339], [10.036654, 53.565258], [10.036322, 53.565112], [10.035582, 53.564778], [10.035578, 53.56478], [10.035393, 53.564698], [10.034892, 53.564475], [10.034757, 53.564415], [10.034595, 53.56434], [10.034542, 53.564313], [10.034499, 53.564289], [10.034463, 53.56427], [10.034425, 53.564247], [10.034321, 53.564182], [10.034226, 53.564112], [10.034055, 53.563966], [10.033715, 53.563667], [10.033427, 53.563371], [10.032279, 53.562161], [10.031837, 53.561788], [10.031565, 53.561585], [10.031374, 53.561457], [10.031003, 53.561217], [10.030459, 53.560905], [10.0303, 53.560814], [10.029937, 53.560627], [10.029506, 53.56043], [10.028874, 53.560173], [10.028192, 53.559912], [10.027365, 53.559547], [10.027361, 53.55955], [10.02729, 53.559519], [10.026387, 53.559151], [10.026286, 53.559109], [10.026138, 53.559063], [10.025274, 53.558829], [10.024569, 53.558656], [10.02396, 53.558494], [10.023721, 53.558424], [10.023243, 53.558296], [10.022743, 53.558153], [10.02244, 53.558059], [10.02225, 53.557997], [10.022058, 53.557931], [10.021746, 53.557809], [10.021372, 53.557655], [10.020693, 53.557361], [10.020313, 53.557207], [10.020042, 53.557108], [10.019919, 53.557059], [10.019299, 53.55678], [10.018979, 53.556618], [10.018962, 53.556632], [10.018281, 53.556334], [10.01801, 53.556211], [10.017932, 53.556173], [10.017776, 53.556091], [10.01774, 53.55607], [10.017709, 53.556049], [10.017644, 53.556001], [10.017582, 53.55595], [10.017444, 53.55583], [10.01731, 53.555697], [10.017242, 53.555613], [10.017147, 53.555488], [10.017066, 53.555317], [10.017007, 53.555139], [10.016959, 53.554892], [10.016886, 53.554497], [10.016833, 53.554142], [10.016801, 53.553993], [10.016728, 53.553689], [10.016669, 53.553534], [10.016565, 53.553376], [10.016498, 53.55328], [10.016391, 53.553162], [10.01623, 53.553017], [10.016097, 53.552928], [10.015932, 53.552829], [10.015841, 53.552775], [10.015593, 53.552674], [10.015266, 53.552559], [10.015118, 53.552521], [10.014984, 53.552495], [10.014796, 53.552465], [10.014618, 53.552443], [10.014464, 53.552432], [10.013738, 53.552385], [10.012815, 53.552322], [10.012633, 53.55231], [10.012533, 53.552304], [10.012219, 53.552281], [10.011957, 53.552254], [10.011774, 53.552233], [10.011538, 53.552198], [10.011299, 53.552164], [10.010949, 53.552113], [10.010657, 53.552094], [10.010334, 53.552073], [10.010249, 53.552069], [10.00977, 53.552023], [10.009767, 53.552034], [10.009633, 53.552025], [10.008868, 53.551971], [10.008648, 53.551951], [10.008556, 53.55194], [10.008383, 53.551911], [10.008154, 53.551866], [10.00798, 53.551821], [10.007833, 53.551779], [10.007588, 53.551691], [10.007417, 53.551614], [10.007108, 53.551448], [10.006965, 53.551361], [10.006813, 53.551236], [10.006681, 53.551113], [10.006571, 53.550994], [10.00648, 53.550849], [10.006423, 53.550745], [10.00637, 53.55059], [10.006341, 53.550472], [10.006302, 53.550341], [10.006267, 53.550111], [10.006238, 53.549902], [10.006233, 53.549863], [10.006178, 53.549448], [10.006189, 53.549259], [10.006154, 53.54926], [10.006128, 53.549046], [10.006092, 53.548917], [10.005952, 53.54863], [10.005929, 53.548582], [10.005869, 53.548486], [10.005738, 53.548319], [10.005575, 53.548174], [10.00545, 53.548077], [10.005253, 53.547951], [10.005036, 53.547831], [10.004811, 53.547738], [10.004655, 53.547684], [10.004377, 53.54761], [10.004142, 53.547557], [10.004004, 53.547531], [10.003799, 53.547504], [10.00361, 53.547489], [10.003314, 53.547481], [10.003108, 53.547486], [10.002843, 53.547511], [10.002359, 53.547562], [10.001799, 53.547621], [10.001354, 53.547664], [10.00106, 53.547695], [10.000917, 53.547707], [10.000752, 53.54772], [10.000603, 53.547729], [10.000462, 53.547735], [10.000458, 53.547735], [10.000457, 53.547722], [10.000307, 53.54774], [9.999825, 53.547748], [9.999399, 53.547747], [9.998907, 53.547737], [9.998742, 53.54774], [9.998648, 53.547745], [9.998589, 53.547749], [9.998455, 53.547761], [9.998362, 53.547774], [9.998248, 53.547793], [9.998139, 53.547817], [9.998028, 53.547846], [9.997931, 53.547872], [9.997724, 53.547939], [9.997543, 53.548013], [9.997383, 53.548097], [9.997245, 53.548181], [9.997122, 53.548276], [9.997015, 53.548361], [9.996926, 53.548463], [9.996828, 53.548594], [9.996757, 53.548725], [9.996656, 53.548971], [9.996518, 53.549462], [9.996473, 53.549627], [9.996422, 53.549765], [9.996336, 53.549951], [9.996237, 53.55013], [9.996182, 53.550221], [9.996131, 53.550297], [9.996071, 53.550381], [9.996005, 53.55047], [9.995939, 53.550549], [9.995885, 53.550603], [9.995758, 53.550715], [9.995096, 53.55125], [9.994855, 53.551453], [9.994626, 53.55166], [9.994461, 53.551849], [9.993845, 53.552352], [9.993744, 53.552426], [9.993721, 53.552441], [9.993695, 53.552428], [9.993477, 53.552615], [9.993325, 53.552713], [9.992703, 53.55309], [9.992464, 53.553248], [9.992289, 53.55337], [9.992079, 53.553554], [9.991692, 53.553885], [9.991372, 53.554168], [9.991281, 53.55425], [9.991219, 53.554317], [9.991131, 53.554413], [9.991049, 53.554514], [9.990985, 53.55461], [9.990934, 53.554697], [9.990883, 53.554793], [9.990865, 53.554834], [9.990846, 53.554883], [9.990817, 53.554986], [9.990735, 53.555252], [9.990572, 53.55577], [9.990453, 53.556181], [9.990331, 53.556621], [9.990299, 53.556754], [9.990265, 53.556885], [9.990177, 53.557148], [9.989946, 53.557798], [9.989896, 53.557917], [9.989832, 53.55805], [9.989551, 53.558483], [9.989419, 53.558701], [9.989386, 53.558694], [9.989388, 53.558754], [9.989181, 53.559095], [9.988989, 53.559375], [9.988936, 53.559468], [9.988786, 53.559731], [9.988664, 53.559977], [9.988595, 53.560151], [9.988553, 53.560298], [9.988532, 53.560453], [9.988519, 53.560694], [9.988526, 53.560853], [9.988539, 53.560969], [9.988562, 53.561092], [9.988583, 53.561187], [9.988621, 53.561295], [9.988925, 53.561951], [9.989357, 53.56286], [9.989415, 53.563039], [9.989454, 53.563228], [9.989481, 53.5635], [9.989488, 53.563642], [9.98947, 53.563885], [9.989403, 53.56417], [9.988864, 53.566098], [9.988811, 53.566288], [9.988771, 53.566498], [9.988743, 53.566681], [9.988726, 53.566873], [9.988723, 53.567042], [9.988731, 53.567216], [9.988752, 53.567634], [9.988759, 53.567821], [9.988805, 53.56898], [9.98883, 53.569532], [9.988859, 53.570092], [9.98892, 53.571199], [9.988932, 53.571288], [9.98895, 53.571373], [9.989049, 53.571755], [9.989074, 53.571858], [9.989082, 53.571981], [9.989093, 53.572158], [9.989086, 53.572809], [9.989122, 53.572808], [9.989142, 53.573227], [9.98914, 53.573248], [9.989148, 53.573446], [9.98913, 53.573601], [9.9891, 53.573767], [9.989072, 53.573866], [9.989042, 53.573963], [9.988962, 53.574148], [9.98886, 53.574427], [9.988818, 53.574562], [9.988802, 53.574658], [9.988786, 53.57476], [9.988787, 53.574864], [9.988883, 53.576447], [9.988935, 53.577181], [9.988972, 53.577925], [9.988956, 53.578221], [9.988901, 53.578834], [9.988706, 53.580839], [9.988661, 53.581083], [9.988634, 53.58119], [9.988613, 53.581258], [9.988585, 53.581329], [9.98857, 53.581361], [9.988543, 53.581404], [9.988372, 53.581616], [9.988255, 53.58173], [9.988154, 53.581811], [9.988133, 53.581802], [9.988123, 53.581838], [9.987859, 53.582021], [9.987569, 53.58219], [9.987532, 53.582207], [9.987454, 53.582238], [9.987082, 53.582375], [9.986947, 53.582422], [9.986496, 53.582578], [9.986062, 53.582732], [9.985948, 53.582778], [9.985846, 53.582823], [9.985739, 53.582877], [9.985664, 53.58292], [9.985632, 53.582943], [9.985605, 53.582964], [9.985559, 53.583004], [9.985518, 53.583048], [9.985492, 53.58308], [9.985465, 53.583123], [9.985448, 53.583152], [9.985396, 53.583257], [9.985382, 53.583291], [9.985369, 53.583329], [9.98536, 53.58337], [9.985357, 53.583416], [9.985358, 53.583454], [9.985362, 53.583501], [9.985378, 53.583569], [9.985396, 53.583622], [9.985429, 53.583689], [9.985464, 53.583739], [9.985508, 53.58379], [9.985723, 53.583999], [9.985928, 53.584203], [9.986123, 53.584396], [9.986484, 53.584756], [9.987026, 53.585296], [9.987236, 53.585526], [9.987829, 53.58612], [9.988001, 53.586287], [9.988137, 53.58642], [9.988368, 53.586668], [9.988519, 53.586822], [9.988673, 53.586969], [9.988948, 53.587225], [9.989114, 53.587384], [9.989265, 53.587542], [9.989304, 53.587578], [9.989429, 53.587709], [9.989904, 53.588193], [9.990067, 53.58833], [9.99019, 53.588418], [9.99031, 53.588493], [9.990765, 53.588737], [9.99095, 53.588836], [9.99097, 53.588823], [9.991173, 53.588956], [9.991258, 53.589003], [9.99138, 53.589071], [9.991907, 53.589351], [9.992105, 53.589455], [9.992457, 53.589644], [9.992816, 53.589833], [9.992939, 53.589899], [9.993124, 53.589993], [9.993457, 53.590185], [9.993963, 53.590489], [9.994209, 53.590657], [9.994436, 53.590829], [9.994653, 53.591015], [9.994919, 53.591258], [9.995038, 53.591374], [9.995254, 53.591618], [9.995378, 53.591769], [9.995411, 53.591812], [9.995489, 53.591922], [9.995638, 53.592143], [9.995836, 53.592497], [9.995927, 53.592703], [9.99599, 53.592875], [9.996072, 53.59316], [9.996117, 53.593362], [9.996138, 53.593533], [9.996191, 53.59388], [9.996219, 53.59407], [9.996227, 53.59422], [9.996222, 53.594329], [9.99621, 53.594419], [9.996194, 53.594501], [9.996156, 53.594623], [9.996135, 53.594621], [9.996118, 53.594749], [9.996069, 53.59489], [9.996055, 53.594921], [9.995742, 53.595591], [9.995713, 53.595654], [9.995638, 53.595833], [9.995537, 53.59613], [9.995296, 53.596866], [9.995187, 53.597206], [9.995078, 53.597498], [9.994974, 53.597804], [9.994891, 53.598051], [9.994831, 53.598328], [9.994801, 53.598586], [9.994773, 53.599005]], [[9.995177, 53.677642], [9.99557, 53.677553], [9.995949, 53.677536], [9.996481, 53.677554], [9.998302, 53.677727], [10.000491, 53.677901], [10.001321, 53.677969], [10.001493, 53.678013], [10.001499, 53.677984], [10.001818, 53.678011], [10.003192, 53.678119], [10.003224, 53.678122], [10.003862, 53.678161], [10.004274, 53.678163], [10.004615, 53.678148], [10.004912, 53.678126], [10.006424, 53.677957], [10.008439, 53.677738], [10.009338, 53.677636], [10.010263, 53.677508], [10.010914, 53.677375], [10.011073, 53.677337], [10.011227, 53.677299], [10.011577, 53.677198], [10.011803, 53.677125], [10.01239, 53.676912], [10.012695, 53.676787], [10.014609, 53.675844], [10.015662, 53.675217], [10.015824, 53.675119], [10.015862, 53.675143], [10.016119, 53.674945], [10.01625, 53.674863], [10.016586, 53.674648], [10.016775, 53.674492], [10.01712, 53.674185], [10.017263, 53.674039], [10.017435, 53.673839], [10.01767, 53.673509], [10.018067, 53.672653], [10.019321, 53.66983], [10.019512, 53.669371], [10.019583, 53.669208], [10.019636, 53.669102], [10.019853, 53.668513], [10.01992, 53.668307], [10.019978, 53.668131], [10.020086, 53.667392], [10.020076, 53.666786], [10.020028, 53.666326], [10.019956, 53.665984], [10.019746, 53.66539], [10.019656, 53.665193], [10.019197, 53.664234], [10.019141, 53.664117], [10.018575, 53.662976], [10.018362, 53.662545], [10.017857, 53.661616], [10.017687, 53.66132], [10.01755, 53.661004], [10.017515, 53.661011], [10.017415, 53.66083], [10.017289, 53.660521], [10.017161, 53.660223], [10.017007, 53.659882], [10.016892, 53.659627], [10.016841, 53.659481], [10.016811, 53.659389], [10.01676, 53.659237], [10.016626, 53.658853], [10.01656, 53.658664], [10.016479, 53.658382], [10.016445, 53.658263], [10.016356, 53.657723], [10.016319, 53.657507], [10.016286, 53.657156], [10.016277, 53.65707], [10.016273, 53.656986], [10.016606, 53.654315], [10.016621, 53.654215], [10.016706, 53.653651], [10.016792, 53.65309], [10.016989, 53.651752], [10.01706, 53.651233], [10.017109, 53.650694], [10.017121, 53.650373], [10.01714, 53.650203], [10.017154, 53.649978], [10.017163, 53.649789], [10.017179, 53.649618], [10.017175, 53.649004], [10.017156, 53.649278], [10.017128, 53.648842], [10.01712, 53.648612], [10.017131, 53.648214], [10.017164, 53.647669], [10.017164, 53.64762], [10.017099, 53.646559], [10.017033, 53.6453], [10.016978, 53.64426], [10.016879, 53.643585], [10.016834, 53.643303], [10.016738, 53.64169], [10.016695, 53.640807], [10.016674, 53.640393], [10.016654, 53.640214], [10.016635, 53.639902], [10.016621, 53.639782], [10.016657, 53.639662], [10.016612, 53.639663], [10.016583, 53.639231], [10.016589, 53.638705], [10.016604, 53.638505], [10.016628, 53.638189], [10.016636, 53.638059], [10.016645, 53.637924], [10.016689, 53.637653], [10.016761, 53.637406], [10.016816, 53.637283], [10.016873, 53.637159], [10.016985, 53.636976], [10.017127, 53.63679], [10.017289, 53.636618], [10.017374, 53.636536], [10.01748, 53.636436], [10.017629, 53.636314], [10.017811, 53.636185], [10.018015, 53.636058], [10.018226, 53.635939], [10.018515, 53.635801], [10.018821, 53.635671], [10.019425, 53.635428], [10.020596, 53.634944], [10.020872, 53.634834], [10.023003, 53.633982], [10.023546, 53.633766], [10.024204, 53.633507], [10.02541, 53.633024], [10.025907, 53.632783], [10.026447, 53.632524], [10.026557, 53.632475], [10.026583, 53.632497], [10.02663, 53.632443], [10.026943, 53.632316], [10.027462, 53.632124], [10.027883, 53.631993], [10.028174, 53.631902], [10.028266, 53.631871], [10.028625, 53.63173], [10.029105, 53.631507], [10.029157, 53.63148], [10.029305, 53.631396], [10.029483, 53.631279], [10.029691, 53.631127], [10.029871, 53.630979], [10.03004, 53.630833], [10.031086, 53.629924], [10.031223, 53.629814], [10.031472, 53.6296], [10.031895, 53.629226], [10.032222, 53.628952], [10.032786, 53.628461], [10.033012, 53.628243], [10.033141, 53.62809], [10.033225, 53.627967], [10.033273, 53.62798], [10.033226, 53.627967], [10.033273, 53.627898], [10.033372, 53.627742], [10.033452, 53.627561], [10.033478, 53.627496], [10.033513, 53.627381], [10.033531, 53.627306], [10.033554, 53.627162], [10.033568, 53.627029], [10.033572, 53.626913], [10.033568, 53.626826], [10.033558, 53.626731], [10.033527, 53.62658], [10.03346, 53.626367], [10.033237, 53.625815], [10.033011, 53.625267], [10.032681, 53.624435], [10.032494, 53.624079], [10.032156, 53.623529], [10.032001, 53.623292], [10.03188, 53.623085], [10.031765, 53.622888], [10.031536, 53.622428], [10.031442, 53.621977], [10.031382, 53.621468], [10.031269, 53.620984], [10.031237, 53.620884], [10.031242, 53.620789], [10.03121, 53.620792], [10.03113, 53.620512], [10.031121, 53.620488], [10.031104, 53.620313], [10.031082, 53.620114], [10.03106, 53.619771], [10.031024, 53.619642], [10.030974, 53.619519], [10.030701, 53.619017], [10.0305, 53.618744], [10.030164, 53.618357], [10.030083, 53.61825], [10.030001, 53.618116], [10.029958, 53.618032], [10.029826, 53.617701], [10.029568, 53.616967], [10.029157, 53.615816], [10.028663, 53.614381], [10.028372, 53.613518], [10.028163, 53.612973], [10.028059, 53.612755], [10.027913, 53.612511], [10.027775, 53.612313], [10.027645, 53.612153], [10.02752, 53.612012], [10.027373, 53.611864], [10.027269, 53.611765], [10.027193, 53.611692], [10.027126, 53.611635], [10.027047, 53.611567], [10.026972, 53.61151], [10.026866, 53.611426], [10.026806, 53.611384], [10.026698, 53.61131], [10.02658, 53.611229], [10.026443, 53.611143], [10.026314, 53.611065], [10.026149, 53.610969], [10.025974, 53.610878], [10.025808, 53.610797], [10.025683, 53.610735], [10.025528, 53.610666], [10.025379, 53.610604], [10.025196, 53.610534], [10.02507, 53.610486], [10.024876, 53.610418], [10.024694, 53.610357], [10.024537, 53.610308], [10.024395, 53.610269], [10.023873, 53.610119], [10.022749, 53.609799], [10.022482, 53.609728], [10.021818, 53.609553], [10.021807, 53.609521], [10.021789, 53.609545], [10.021022, 53.609343], [10.0209, 53.609311], [10.020883, 53.609306], [10.020497, 53.609199], [10.020091, 53.609083], [10.019892, 53.609011], [10.019525, 53.608862], [10.019069, 53.608669], [10.018311, 53.608371], [10.017793, 53.608167], [10.017071, 53.607938], [10.016001, 53.607634], [10.01545, 53.60748], [10.013721, 53.607002], [10.012594, 53.6067], [10.012075, 53.606574], [10.01167, 53.606471], [10.011521, 53.606415], [10.011511, 53.606429], [10.011386, 53.606396], [10.010344, 53.606106], [10.009847, 53.605964], [10.009521, 53.605871], [10.007948, 53.605446], [10.006877, 53.60518], [10.006544, 53.605098], [10.005365, 53.604803], [10.00418, 53.604506], [10.004044, 53.604471], [10.003592, 53.604355], [10.003073, 53.604207], [10.00285, 53.604135], [10.00263, 53.604063], [10.002097, 53.603889], [10.001754, 53.603756], [10.001613, 53.603699], [10.001433, 53.603627], [10.000869, 53.603434], [10.000473, 53.603312], [9.999982, 53.603175], [9.999344, 53.602992], [9.999074, 53.602918], [9.998714, 53.602821], [9.997857, 53.602573], [9.997044, 53.60234], [9.996873, 53.602292], [9.996667, 53.60223], [9.996636, 53.60222], [9.996448, 53.602161], [9.996271, 53.602099], [9.996103, 53.602035], [9.995933, 53.601955], [9.99572, 53.601843], [9.995636, 53.601797], [9.995495, 53.601706], [9.995336, 53.601591], [9.995194, 53.601473], [9.995086, 53.601375], [9.994838, 53.601126], [9.994667, 53.600839], [9.994587, 53.600639], [9.994542, 53.600456], [9.994519, 53.600277], [9.994542, 53.600018], [9.994552, 53.599897], [9.994583, 53.599899], [9.994569, 53.59972], [9.994582, 53.599474], [9.994584, 53.599448], [9.994588, 53.599405], [9.994614, 53.599133], [9.994658, 53.598771], [9.994777, 53.598291], [9.994785, 53.598272]], [[9.994785, 53.598272], [9.994866, 53.597972], [9.995049, 53.597484], [9.99511, 53.597274], [9.995265, 53.596823], [9.995345, 53.596574], [9.995492, 53.596121], [9.99567, 53.595582], [9.995903, 53.594902], [9.995965, 53.594727]], [[9.995965, 53.594727], [9.996006, 53.594608], [9.996007, 53.594608]], [[9.995965, 53.594727], [9.996007, 53.594608]], [[9.996007, 53.594608], [9.996045, 53.594613]], [[9.996007, 53.594608], [9.996007, 53.594608], [9.996045, 53.594613]], [[9.996045, 53.594613], [9.996046, 53.594497], [9.996063, 53.594437], [9.996079, 53.594378], [9.996112, 53.594181], [9.996132, 53.594065], [9.996128, 53.593879], [9.996089, 53.593555], [9.996065, 53.593365], [9.996025, 53.593173], [9.995944, 53.592897], [9.995882, 53.59272], [9.99581, 53.592556], [9.995786, 53.592506], [9.995594, 53.592151], [9.995456, 53.591939], [9.995372, 53.59183], [9.995209, 53.591629], [9.994994, 53.591392], [9.994874, 53.591277], [9.994604, 53.591034], [9.994307, 53.59079], [9.99401, 53.590578], [9.993677, 53.590371], [9.993415, 53.59021], [9.993084, 53.590017], [9.991916, 53.589392], [9.991386, 53.589111], [9.991223, 53.58902], [9.990925, 53.588857], [9.990896, 53.588878], [9.990738, 53.588755], [9.990146, 53.588431], [9.989959, 53.588291], [9.989865, 53.588208], [9.989825, 53.588174], [9.989459, 53.587848], [9.989298, 53.587704], [9.989202, 53.587624], [9.988865, 53.587332], [9.988559, 53.587055], [9.988397, 53.586908], [9.988323, 53.586837], [9.988253, 53.586757], [9.987871, 53.58633], [9.987709, 53.586163], [9.98718, 53.585537], [9.98695, 53.585297], [9.986498, 53.584821], [9.98643, 53.584752], [9.985889, 53.584212], [9.985686, 53.584011], [9.985446, 53.583801], [9.985414, 53.583763], [9.985391, 53.583736], [9.98538, 53.583719], [9.985343, 53.583658], [9.985325, 53.583618], [9.985305, 53.58356], [9.985294, 53.583496], [9.985288, 53.58345], [9.985288, 53.583417], [9.985293, 53.583351], [9.985298, 53.583307], [9.985307, 53.58327], [9.985317, 53.583239], [9.985336, 53.583197], [9.985367, 53.583134], [9.985391, 53.583097], [9.985419, 53.58306], [9.98545, 53.583024], [9.985486, 53.582987], [9.985531, 53.582947], [9.98557, 53.582914], [9.985605, 53.582889], [9.985657, 53.582856], [9.98571, 53.582826], [9.985788, 53.582788], [9.985914, 53.582733], [9.986445, 53.582526], [9.986996, 53.582299], [9.987293, 53.582177], [9.987417, 53.582124], [9.987445, 53.58211], [9.987558, 53.582045], [9.987725, 53.581949], [9.987979, 53.581772], [9.988011, 53.581745], [9.988057, 53.581767], [9.988103, 53.581672], [9.988213, 53.581565], [9.988379, 53.581358], [9.988465, 53.581248], [9.988515, 53.581177], [9.988546, 53.581124], [9.988575, 53.581058], [9.988623, 53.580914], [9.988641, 53.58083], [9.988664, 53.580697], [9.988848, 53.578833], [9.988902, 53.578224], [9.988908, 53.577929], [9.988865, 53.577181], [9.988829, 53.576449], [9.988735, 53.574863], [9.988734, 53.574758], [9.988748, 53.574658], [9.988765, 53.574557], [9.988802, 53.574406], [9.988886, 53.574139], [9.988936, 53.573976], [9.988962, 53.573798], [9.988964, 53.573526], [9.988956, 53.573413], [9.988947, 53.57323], [9.988965, 53.57281], [9.988927, 53.57281], [9.988904, 53.572288], [9.988895, 53.572038], [9.988844, 53.571201], [9.988741, 53.568977], [9.988689, 53.567824], [9.988682, 53.567636], [9.988653, 53.567218], [9.988649, 53.56688], [9.98867, 53.566659], [9.988691, 53.566499], [9.988737, 53.566281], [9.988793, 53.566072], [9.989326, 53.564166], [9.989391, 53.563883], [9.989409, 53.563634], [9.989404, 53.563513], [9.989373, 53.563238], [9.989331, 53.563034], [9.989274, 53.562873], [9.989217, 53.562726], [9.988842, 53.561972], [9.988514, 53.561286], [9.988482, 53.56121], [9.988449, 53.561109], [9.988418, 53.560989], [9.988397, 53.560876], [9.988381, 53.560696], [9.98839, 53.560455], [9.988399, 53.560303], [9.988431, 53.56017], [9.988484, 53.559984], [9.98862, 53.559705], [9.988782, 53.55944], [9.988839, 53.559339], [9.98901, 53.559063], [9.989218, 53.558732], [9.989266, 53.558655], [9.989309, 53.558666], [9.989399, 53.55845], [9.989705, 53.558018], [9.989794, 53.557906], [9.989878, 53.557769], [9.98999, 53.557478], [9.990089, 53.557193], [9.99019, 53.556878], [9.990251, 53.556635], [9.990454, 53.555965], [9.990537, 53.555689], [9.990675, 53.555232], [9.99075, 53.554973], [9.99078, 53.554871], [9.9908, 53.55482], [9.99082, 53.554777], [9.990869, 53.554681], [9.990925, 53.554586], [9.990987, 53.554491], [9.991072, 53.554387], [9.991153, 53.554297], [9.99123, 53.554228], [9.991726, 53.553778], [9.992078, 53.553488], [9.992391, 53.553239], [9.992835, 53.552935], [9.993308, 53.552541], [9.993547, 53.552355], [9.993588, 53.552375], [9.993723, 53.55222], [9.994125, 53.551904], [9.994331, 53.551734], [9.994469, 53.55162], [9.995031, 53.551209], [9.995371, 53.550952], [9.995701, 53.550691], [9.995805, 53.550585], [9.995863, 53.550521], [9.995932, 53.550438], [9.996017, 53.550321], [9.996085, 53.550215], [9.996151, 53.550112], [9.996245, 53.549932], [9.996334, 53.549742], [9.996379, 53.549609], [9.99643, 53.549444], [9.996563, 53.548978], [9.996666, 53.548714], [9.996737, 53.548581], [9.996828, 53.548443], [9.996919, 53.548339], [9.997037, 53.548242], [9.99716, 53.548145], [9.99731, 53.548055], [9.997482, 53.547969], [9.997676, 53.547888], [9.997874, 53.54782], [9.997976, 53.547791], [9.998099, 53.547759], [9.998205, 53.547738], [9.998341, 53.547716], [9.998447, 53.547702], [9.998589, 53.547688], [9.998681, 53.547683], [9.998911, 53.547672], [9.999355, 53.547661], [9.999861, 53.547644], [10.000451, 53.547614], [10.000455, 53.547643], [10.000883, 53.547593], [10.001567, 53.547561], [10.001732, 53.547554], [10.002033, 53.547536], [10.002364, 53.547504], [10.00286, 53.547454], [10.003086, 53.547432], [10.003262, 53.547421], [10.003468, 53.547425], [10.003703, 53.547437], [10.003904, 53.547458], [10.004147, 53.547496], [10.004384, 53.547545], [10.004717, 53.547643], [10.004863, 53.54769], [10.005115, 53.547797], [10.005334, 53.547916], [10.005533, 53.548047], [10.005696, 53.548164], [10.005851, 53.548299], [10.005992, 53.548444], [10.006073, 53.548553], [10.006218, 53.548831], [10.006268, 53.548951], [10.006297, 53.549028], [10.006326, 53.549213], [10.006309, 53.549258], [10.006331, 53.549256], [10.00636, 53.549486], [10.006396, 53.54986], [10.006421, 53.5501], [10.006455, 53.550293], [10.006484, 53.550429], [10.006524, 53.550543], [10.006569, 53.550677], [10.006628, 53.55078], [10.006723, 53.550931], [10.006836, 53.551068], [10.006931, 53.55116], [10.007053, 53.551255], [10.007236, 53.551376], [10.007467, 53.551505], [10.007666, 53.551598], [10.007879, 53.551672], [10.007987, 53.551703], [10.008125, 53.551742], [10.008279, 53.551779], [10.008406, 53.551805], [10.008552, 53.551826], [10.008668, 53.551836], [10.008899, 53.551851], [10.009659, 53.551903], [10.009799, 53.551951], [10.009805, 53.551912], [10.010131, 53.551935], [10.010232, 53.551946], [10.010319, 53.551956], [10.010411, 53.551966], [10.010532, 53.551981], [10.010734, 53.552011], [10.010907, 53.552044], [10.011032, 53.55208], [10.011389, 53.55213], [10.011715, 53.552173], [10.011977, 53.552209], [10.012702, 53.552279], [10.012836, 53.552291], [10.01334, 53.552324], [10.013739, 53.552345], [10.014642, 53.552411], [10.01484, 53.552434], [10.015018, 53.552462], [10.0152, 53.552502], [10.015455, 53.552577], [10.015655, 53.552655], [10.01584, 53.552734], [10.01609, 53.552864], [10.01626, 53.552977], [10.016421, 53.553103], [10.016545, 53.553224], [10.016618, 53.553321], [10.016683, 53.553412], [10.016749, 53.553526], [10.016793, 53.553654], [10.016816, 53.553733], [10.016842, 53.553851], [10.016896, 53.554142], [10.016972, 53.554527], [10.017037, 53.554876], [10.017086, 53.55511], [10.017169, 53.555307], [10.017272, 53.555469], [10.017292, 53.555495], [10.01741, 53.555638], [10.01754, 53.555757], [10.017732, 53.555904], [10.017831, 53.555972], [10.017935, 53.556037], [10.017985, 53.556067], [10.018037, 53.556094], [10.01815, 53.556146], [10.019038, 53.556581], [10.019064, 53.556559], [10.019388, 53.556705], [10.019873, 53.556924], [10.021418, 53.557605], [10.021855, 53.557782], [10.022102, 53.557883], [10.022459, 53.558006], [10.022818, 53.558116], [10.023278, 53.558246], [10.023764, 53.558374], [10.024017, 53.558444], [10.024639, 53.558614], [10.025365, 53.558817], [10.02565, 53.558877], [10.025861, 53.558937], [10.026136, 53.559009], [10.026284, 53.559043], [10.0264, 53.559083], [10.026553, 53.55912], [10.026778, 53.559202], [10.027441, 53.559465], [10.027439, 53.559511], [10.027475, 53.559479], [10.028288, 53.559831], [10.028334, 53.559851], [10.028961, 53.560119], [10.029521, 53.560369], [10.029995, 53.560588], [10.03044, 53.560815], [10.0307, 53.560968], [10.031078, 53.561179], [10.03144, 53.561407], [10.031634, 53.561546], [10.031918, 53.561768], [10.032288, 53.562067], [10.032454, 53.562215], [10.032604, 53.562366], [10.032704, 53.562469], [10.033239, 53.563036], [10.033498, 53.563346], [10.033793, 53.563639], [10.034133, 53.56393], [10.034327, 53.564073], [10.034369, 53.564101], [10.034418, 53.56413], [10.034526, 53.564187], [10.034595, 53.564222], [10.034682, 53.564262], [10.034857, 53.564339], [10.034984, 53.564399], [10.035478, 53.564631], [10.035656, 53.564732], [10.035669, 53.564721], [10.036389, 53.56506], [10.036403, 53.565067], [10.036695, 53.565204], [10.03709, 53.565381], [10.037619, 53.565617], [10.038826, 53.566163], [10.039056, 53.566267], [10.03916, 53.566313], [10.039431, 53.566416], [10.039717, 53.566524], [10.04, 53.566612], [10.040315, 53.56669], [10.040543, 53.56674], [10.040814, 53.566795], [10.041045, 53.566836], [10.041353, 53.566877], [10.042126, 53.56697], [10.043468, 53.567132], [10.04534, 53.567319], [10.045405, 53.567326], [10.045486, 53.567338], [10.045687, 53.56738], [10.046595, 53.56762], [10.046612, 53.567591], [10.046722, 53.567617], [10.047513, 53.567799], [10.047549, 53.567808], [10.047675, 53.567834], [10.04782, 53.567862], [10.049497, 53.568184], [10.049805, 53.568241], [10.05028, 53.568324], [10.050583, 53.56837], [10.050743, 53.568395], [10.050943, 53.568424], [10.051319, 53.568466], [10.05216, 53.568568], [10.052861, 53.568659], [10.053169, 53.568704], [10.0533, 53.568726], [10.053416, 53.568749], [10.053574, 53.568782], [10.054207, 53.568936], [10.056505, 53.569491], [10.056889, 53.569579], [10.057653, 53.569814], [10.057675, 53.569781], [10.057682, 53.569783], [10.058657, 53.570028], [10.059375, 53.570197], [10.060679, 53.570474], [10.061269, 53.570593], [10.061681, 53.57068], [10.064002, 53.571134], [10.064409, 53.571215], [10.065877, 53.57146], [10.066828, 53.571645], [10.066878, 53.571682], [10.066891, 53.571657], [10.067626, 53.571804], [10.067668, 53.571813], [10.06773, 53.571826], [10.068376, 53.571958], [10.068731, 53.572042], [10.06883, 53.572069], [10.068925, 53.5721], [10.069018, 53.572134], [10.069108, 53.57217], [10.06919, 53.572207], [10.069214, 53.572219], [10.069215, 53.572219], [10.069277, 53.57225], [10.069354, 53.572293], [10.069429, 53.572338], [10.0695, 53.572387], [10.069579, 53.57244], [10.069739, 53.572559], [10.069821, 53.572625], [10.069919, 53.572711], [10.070062, 53.57287], [10.070157, 53.573014], [10.070212, 53.573106], [10.070252, 53.573201], [10.070286, 53.573298], [10.070308, 53.573402], [10.070312, 53.573469], [10.070311, 53.573545], [10.070304, 53.573656], [10.07028, 53.573761], [10.070206, 53.573999], [10.070132, 53.574234], [10.070049, 53.57459], [10.070018, 53.574758], [10.069962, 53.575232], [10.069972, 53.576259], [10.069986, 53.576773], [10.069984, 53.576895], [10.069991, 53.577826], [10.069965, 53.578046], [10.069945, 53.57821], [10.069882, 53.578546], [10.069818, 53.578791], [10.069641, 53.579287], [10.069605, 53.579371], [10.069548, 53.579483], [10.069377, 53.579813], [10.069296, 53.579958], [10.069224, 53.580059], [10.068948, 53.580476], [10.068808, 53.580672], [10.068579, 53.580966], [10.068516, 53.581059], [10.068132, 53.581747], [10.068105, 53.581793], [10.068084, 53.581789], [10.068008, 53.581967], [10.067781, 53.582368], [10.067745, 53.582437], [10.067475, 53.582842], [10.067305, 53.583097], [10.06673, 53.584085], [10.066417, 53.58461], [10.066254, 53.584802], [10.066065, 53.585022], [10.06588, 53.585219], [10.065371, 53.585759], [10.064956, 53.586195], [10.064612, 53.586636], [10.064562, 53.586618], [10.064482, 53.586705], [10.064329, 53.586863], [10.064238, 53.586987], [10.064156, 53.587119], [10.064085, 53.587251], [10.064022, 53.587418], [10.063969, 53.587581], [10.063944, 53.587716], [10.063927, 53.587882], [10.063935, 53.588051], [10.06397, 53.588274], [10.064008, 53.588405], [10.064052, 53.588527], [10.064151, 53.588715], [10.06424, 53.588866], [10.064326, 53.588978], [10.064423, 53.589091], [10.064525, 53.589193], [10.064623, 53.589275], [10.064776, 53.589399], [10.065016, 53.589568], [10.065138, 53.589635], [10.065386, 53.589769], [10.065636, 53.589888], [10.066334, 53.590219], [10.067363, 53.590696], [10.06785, 53.590923], [10.068225, 53.591097], [10.06861, 53.591255], [10.068967, 53.591376], [10.069264, 53.59146], [10.069605, 53.591531], [10.070018, 53.591596], [10.070132, 53.591609], [10.070433, 53.591643], [10.071042, 53.591691], [10.071721, 53.591754], [10.072376, 53.591832], [10.0727, 53.59188], [10.073162, 53.591964], [10.073564, 53.592044], [10.074267, 53.592195], [10.074604, 53.592267]], [[10.074604, 53.592267], [10.074966, 53.592375], [10.074981, 53.592347], [10.075297, 53.592415], [10.07537, 53.592431], [10.075667, 53.5925], [10.075859, 53.592548], [10.076363, 53.592667], [10.077141, 53.592835]], [[10.074604, 53.592267], [10.074922, 53.59242], [10.075235, 53.592494], [10.075296, 53.592509], [10.075625, 53.592581], [10.075803, 53.592617], [10.076068, 53.592668], [10.076459, 53.592726], [10.076798, 53.592774], [10.077141, 53.592835]], [[10.077326, 53.593028], [10.07681, 53.592916], [10.076461, 53.592824], [10.07604, 53.592712], [10.075697, 53.592631], [10.075605, 53.592611], [10.075262, 53.59254], [10.075208, 53.592529], [10.07489, 53.592461], [10.074878, 53.592483]], [[10.077141, 53.592835], [10.079017, 53.593235], [10.079412, 53.59332], [10.080026, 53.593469], [10.080386, 53.593555], [10.080923, 53.593672], [10.081171, 53.593725], [10.081766, 53.59385], [10.084322, 53.594392], [10.085629, 53.594672], [10.085877, 53.594724], [10.091817, 53.595981], [10.092066, 53.596032], [10.101305, 53.597989], [10.101636, 53.59806], [10.101929, 53.598126], [10.102199, 53.598228], [10.102217, 53.598201], [10.102909, 53.598381], [10.10393, 53.598652], [10.104683, 53.598852], [10.105083, 53.598967], [10.105448, 53.599082], [10.10731, 53.599741], [10.107624, 53.599859], [10.107964, 53.599997], [10.108354, 53.600179], [10.109319, 53.600682], [10.109615, 53.600849], [10.109871, 53.601008], [10.110125, 53.601181], [10.115546, 53.604993], [10.115989, 53.605339]], [[10.116537, 53.606023], [10.116219, 53.605702], [10.115692, 53.605235], [10.115121, 53.604756], [10.114688, 53.604433], [10.11009, 53.601197], [10.109832, 53.601025], [10.109577, 53.600869], [10.109287, 53.600707], [10.108913, 53.600528], [10.108593, 53.600392], [10.108184, 53.600238], [10.107644, 53.600058], [10.10733, 53.599949], [10.104331, 53.598936], [10.103478, 53.598669], [10.103208, 53.59858], [10.102841, 53.598478], [10.102155, 53.598282], [10.102148, 53.598291], [10.101973, 53.598244], [10.101588, 53.598144], [10.101265, 53.598058], [10.100479, 53.597854], [10.09997, 53.597738], [10.092049, 53.596059], [10.091801, 53.596007], [10.085864, 53.594747], [10.085615, 53.594695], [10.083305, 53.594205], [10.082751, 53.594088], [10.081156, 53.59375], [10.080908, 53.593697], [10.080365, 53.593588], [10.079987, 53.593521], [10.079339, 53.593417], [10.07891, 53.593343], [10.077326, 53.593028]], [[10.115989, 53.605339], [10.116146, 53.605461], [10.116307, 53.605601], [10.116732, 53.605989], [10.117148, 53.606384], [10.117405, 53.606631], [10.117428, 53.606652], [10.117468, 53.606689], [10.117676, 53.606887], [10.117809, 53.607078], [10.117856, 53.607059], [10.11791, 53.60711], [10.117981, 53.607185], [10.118572, 53.607799], [10.118658, 53.607889], [10.119037, 53.60834], [10.119256, 53.608634], [10.119256, 53.608633], [10.119294, 53.608684], [10.119525, 53.608951], [10.119898, 53.609347], [10.122599, 53.612218], [10.122868, 53.612485], [10.123149, 53.612743], [10.123765, 53.613271], [10.124082, 53.613541], [10.127379, 53.616348]], [[10.115989, 53.605339], [10.116292, 53.605607], [10.117075, 53.606417], [10.117237, 53.606627], [10.1173, 53.606709], [10.117416, 53.606849]], [[10.117416, 53.606849], [10.117076, 53.606491], [10.116849, 53.606304], [10.116742, 53.606216], [10.116537, 53.606023]], [[10.118812, 53.608468], [10.118659, 53.608298], [10.118525, 53.608176], [10.118398, 53.608077], [10.11826, 53.607955], [10.118222, 53.607917], [10.117726, 53.607391], [10.117576, 53.607219], [10.117571, 53.607146], [10.117527, 53.607158], [10.117385, 53.606982], [10.117193, 53.606742], [10.117088, 53.606611], [10.116537, 53.606023]], [[10.118812, 53.608468], [10.118656, 53.608216], [10.118567, 53.608089], [10.118416, 53.60791], [10.1184, 53.607893], [10.118372, 53.607867], [10.117725, 53.60717], [10.11767, 53.607112], [10.117632, 53.607126], [10.117508, 53.606942], [10.117416, 53.606849]], [[10.119609, 53.609752], [10.119517, 53.609586], [10.119233, 53.608981], [10.119139, 53.608812], [10.118982, 53.608647], [10.118812, 53.608468]], [[10.119626, 53.609775], [10.119609, 53.609752]], [[10.119609, 53.609752], [10.119626, 53.609775], [10.119626, 53.609775]], [[10.119722, 53.609903], [10.119626, 53.609775]], [[10.119626, 53.609775], [10.119626, 53.609774], [10.119722, 53.609903]], [[10.124011, 53.613874], [10.123948, 53.613821], [10.123633, 53.613551], [10.123575, 53.6135], [10.123519, 53.613448], [10.12343, 53.613342], [10.123324, 53.613197], [10.123218, 53.613031], [10.123126, 53.612932], [10.122193, 53.612082], [10.122077, 53.61199], [10.121944, 53.611914], [10.12182, 53.611828], [10.12165, 53.61168], [10.121544, 53.611563], [10.121433, 53.611481], [10.121096, 53.611233], [10.120948, 53.611124], [10.120734, 53.610966], [10.120602, 53.610852], [10.119838, 53.610039], [10.119722, 53.609903]], [[10.124011, 53.613874], [10.124142, 53.613965], [10.124247, 53.614029], [10.124501, 53.614184], [10.124957, 53.614459], [10.125111, 53.614567], [10.125143, 53.614593], [10.12538, 53.614799], [10.125574, 53.614913], [10.12569, 53.615005], [10.126729, 53.615882], [10.126972, 53.616075], [10.127234, 53.616252], [10.127379, 53.616348]], [[10.156195, 53.638916], [10.156167, 53.638928], [10.155857, 53.638681], [10.155567, 53.638449], [10.154985, 53.637976], [10.154703, 53.63775], [10.154513, 53.637608], [10.154329, 53.637471], [10.150985, 53.635136], [10.146131, 53.631746], [10.141935, 53.628815], [10.141506, 53.628487], [10.141286, 53.628301], [10.14104, 53.628094], [10.140473, 53.627612], [10.139832, 53.627065], [10.139745, 53.626991], [10.13977, 53.62698], [10.139756, 53.626985], [10.138798, 53.626166], [10.138133, 53.625594], [10.136286, 53.624034], [10.134404, 53.622422], [10.13369, 53.621817], [10.132347, 53.620654], [10.130385, 53.618972], [10.129794, 53.618467], [10.128939, 53.617733], [10.12878, 53.617563], [10.128752, 53.617574], [10.128404, 53.617278], [10.128149, 53.617069], [10.127896, 53.616872], [10.12751, 53.616587], [10.126334, 53.615784], [10.126022, 53.615573], [10.125847, 53.615442], [10.125609, 53.615234], [10.124165, 53.614006], [10.124011, 53.613874]], [[10.127379, 53.616348], [10.127748, 53.616663], [10.127988, 53.616836], [10.128372, 53.617106], [10.128623, 53.617292], [10.128853, 53.61753], [10.128888, 53.617514], [10.129091, 53.617683], [10.129938, 53.618409], [10.131051, 53.619444], [10.132411, 53.620614], [10.132838, 53.620974], [10.133777, 53.62177], [10.134627, 53.622505], [10.136417, 53.624035], [10.138206, 53.625566], [10.138466, 53.625813], [10.13891, 53.626133], [10.139424, 53.626534], [10.13986, 53.626952], [10.13989, 53.626938], [10.139988, 53.62702], [10.140512, 53.62748], [10.140607, 53.627564], [10.140639, 53.627593], [10.141103, 53.628069], [10.14135, 53.628286], [10.141555, 53.628466], [10.141975, 53.628797], [10.146165, 53.631725], [10.15102, 53.635117], [10.154557, 53.637588], [10.155061, 53.637934], [10.155709, 53.638384], [10.156006, 53.63863], [10.156269, 53.638871]], [[10.137204, 53.694279], [10.137184, 53.694547], [10.137175, 53.694547]], [[10.137204, 53.694279], [10.137189, 53.69456], [10.137054, 53.694549], [10.136998, 53.694533], [10.137021, 53.694269], [10.137077, 53.69352], [10.137103, 53.693225], [10.13713, 53.692922], [10.13721, 53.692212], [10.137219, 53.692145], [10.13724, 53.691993], [10.137429, 53.690343], [10.137451, 53.690143], [10.137496, 53.689712], [10.137541, 53.689364], [10.137578, 53.689142], [10.137617, 53.688983], [10.137666, 53.688822], [10.137717, 53.688677], [10.137769, 53.688531], [10.137841, 53.688374], [10.137942, 53.688173], [10.137999, 53.688076], [10.138113, 53.687887], [10.138223, 53.687729], [10.138317, 53.687597], [10.138454, 53.687431], [10.138647, 53.687209], [10.14005, 53.685753], [10.140309, 53.685493], [10.141916, 53.683819], [10.145714, 53.679859], [10.145715, 53.67986], [10.146536, 53.679004], [10.146972, 53.678536], [10.147102, 53.678399], [10.147497, 53.677983], [10.147534, 53.677996], [10.1475, 53.677981], [10.147702, 53.677768], [10.148734, 53.676721], [10.149971, 53.67543], [10.150138, 53.675251], [10.150139, 53.675251], [10.15024, 53.675146], [10.153073, 53.672103], [10.153146, 53.672026], [10.15333, 53.671795], [10.153492, 53.671565], [10.153661, 53.671277], [10.153777, 53.671024], [10.153855, 53.670819], [10.153939, 53.670537], [10.154575, 53.667699], [10.154921, 53.666374], [10.155125, 53.665521], [10.155193, 53.66528], [10.155286, 53.665058], [10.155469, 53.664713]], [[10.164124, 53.653238], [10.164111, 53.653311], [10.164067, 53.653471], [10.164009, 53.653657], [10.163961, 53.653794], [10.163835, 53.654018], [10.163676, 53.654234], [10.163472, 53.654459], [10.163182, 53.654793], [10.162879, 53.655121], [10.162689, 53.655327], [10.162258, 53.655794], [10.161857, 53.656238], [10.161464, 53.656711], [10.160848, 53.657588], [10.160205, 53.658457], [10.159609, 53.659222], [10.159241, 53.659695], [10.158253, 53.660964], [10.157381, 53.662091], [10.156434, 53.663315], [10.156195, 53.663702], [10.155885, 53.664251], [10.155804, 53.66439], [10.155616, 53.664731], [10.1556, 53.664728], [10.155615, 53.664737], [10.155351, 53.665214], [10.155241, 53.665426], [10.155157, 53.665647], [10.155076, 53.665924], [10.154737, 53.667348], [10.154653, 53.667702], [10.154038, 53.670308], [10.153901, 53.670821], [10.153711, 53.671279], [10.153539, 53.671576], [10.153372, 53.671807], [10.153186, 53.672035], [10.153111, 53.672115], [10.152979, 53.672257], [10.152768, 53.672489], [10.151342, 53.674011], [10.150297, 53.675134], [10.150191, 53.675246], [10.150189, 53.675246], [10.150177, 53.675262], [10.150028, 53.675422], [10.148772, 53.676737], [10.14818, 53.677484], [10.147927, 53.677747], [10.147855, 53.677821], [10.147657, 53.678027], [10.147641, 53.678022], [10.147656, 53.678029], [10.147457, 53.678239], [10.147328, 53.67836], [10.147238, 53.678435], [10.147083, 53.678565], [10.146821, 53.678793], [10.146585, 53.679016], [10.14566, 53.679984], [10.145655, 53.679982], [10.141956, 53.683832], [10.140346, 53.685507], [10.140087, 53.685765], [10.138686, 53.687223], [10.138495, 53.687443], [10.138359, 53.687609], [10.138264, 53.687739], [10.138158, 53.6879], [10.138043, 53.688084], [10.13799, 53.688182], [10.13789, 53.688382], [10.137814, 53.688541], [10.13776, 53.688686], [10.13771, 53.688829], [10.137662, 53.688985], [10.137625, 53.689146], [10.137587, 53.689368], [10.137541, 53.689713], [10.137493, 53.690144], [10.137471, 53.690345], [10.137287, 53.691995], [10.137268, 53.692143], [10.137258, 53.692214], [10.137186, 53.692922], [10.137199, 53.693226], [10.137211, 53.693521], [10.137226, 53.693926], [10.137204, 53.694279]], [[10.155509, 53.66472], [10.155469, 53.664713]], [[10.155469, 53.664713], [10.155469, 53.664713], [10.155657, 53.664365], [10.155819, 53.664088], [10.15593, 53.663899], [10.155931, 53.663898]], [[10.155469, 53.664713], [10.15547, 53.664712], [10.155509, 53.66472]], [[10.155509, 53.66472], [10.155663, 53.664355], [10.155826, 53.664078], [10.155931, 53.663898]], [[10.155931, 53.663898], [10.155936, 53.663889], [10.156148, 53.663605], [10.156388, 53.663297], [10.159205, 53.659677], [10.159573, 53.659204], [10.16017, 53.658437], [10.160808, 53.657565], [10.161426, 53.65669], [10.161821, 53.656214], [10.162651, 53.6553], [10.163135, 53.654766], [10.163408, 53.654439]], [[10.155931, 53.663898], [10.156141, 53.663615], [10.156382, 53.663306], [10.159199, 53.659686], [10.159567, 53.659213], [10.160164, 53.658447], [10.160802, 53.657575], [10.16142, 53.6567], [10.161814, 53.656224], [10.162644, 53.65531], [10.163129, 53.654776], [10.163404, 53.654446], [10.163408, 53.654439]], [[10.156321, 53.639051], [10.156174, 53.63893], [10.156195, 53.638916]], [[10.156321, 53.639051], [10.156173, 53.63893], [10.156195, 53.638916]], [[10.156269, 53.638871], [10.156301, 53.638856], [10.156301, 53.638856]], [[10.156269, 53.638871], [10.156301, 53.638856]], [[10.156301, 53.638856], [10.156504, 53.63902]], [[10.156301, 53.638856], [10.156302, 53.638856], [10.156504, 53.63902]], [[10.161673, 53.648848], [10.161071, 53.648289], [10.160938, 53.648166], [10.160805, 53.648039], [10.160682, 53.647909], [10.160565, 53.647779], [10.160037, 53.647152], [10.159923, 53.647004], [10.159836, 53.646891], [10.159669, 53.646644], [10.159554, 53.64643], [10.159414, 53.646114], [10.159339, 53.645901], [10.159255, 53.645512], [10.159238, 53.645134], [10.159248, 53.644495], [10.159277, 53.643823], [10.159275, 53.64372], [10.159266, 53.6432], [10.159199, 53.642751], [10.159175, 53.642629], [10.159109, 53.642296], [10.159039, 53.642028], [10.158962, 53.64179], [10.158851, 53.641536], [10.158706, 53.641272], [10.158581, 53.641095], [10.158391, 53.64082], [10.158151, 53.640558], [10.157952, 53.640361], [10.157743, 53.640177], [10.156722, 53.63936], [10.15655, 53.639227], [10.156321, 53.639051]], [[10.156504, 53.63902], [10.156683, 53.639164], [10.156841, 53.639303], [10.157994, 53.640335], [10.158199, 53.640534], [10.158435, 53.6408], [10.15864, 53.641073], [10.158751, 53.64124], [10.158902, 53.641519], [10.159016, 53.641776], [10.159092, 53.642014], [10.159159, 53.642282], [10.159225, 53.642619], [10.159249, 53.642738], [10.159314, 53.643192], [10.159326, 53.643712], [10.159326, 53.643812], [10.159277, 53.645124], [10.159306, 53.645503], [10.159388, 53.645887], [10.159467, 53.646097], [10.159606, 53.646413], [10.159722, 53.646627], [10.159881, 53.64687], [10.159967, 53.646983], [10.160084, 53.647135], [10.160325, 53.647396], [10.160551, 53.64761], [10.16091, 53.647906], [10.161258, 53.648173], [10.161502, 53.648376]], [[10.161502, 53.648376], [10.16193, 53.64879], [10.162082, 53.648969]], [[10.161502, 53.648376], [10.16193, 53.648791], [10.162082, 53.648969]], [[10.162457, 53.649572], [10.162422, 53.649537], [10.162177, 53.649297], [10.161673, 53.648848]], [[10.163031, 53.650522], [10.162986, 53.65053], [10.162821, 53.650194], [10.162707, 53.649991], [10.162646, 53.649873], [10.162521, 53.649725], [10.162388, 53.649572], [10.161673, 53.648848]], [[10.162082, 53.648969], [10.162206, 53.649163], [10.162272, 53.649277], [10.162366, 53.649431], [10.162428, 53.649528]], [[10.162428, 53.649528], [10.162744, 53.64984]], [[10.162428, 53.649528], [10.162457, 53.649572]], [[10.163121, 53.650503], [10.162986, 53.650209], [10.162842, 53.65], [10.162737, 53.649849], [10.162457, 53.649572]], [[10.162457, 53.649572], [10.162652, 53.649864], [10.162713, 53.649981], [10.162827, 53.650185], [10.162997, 53.650528], [10.163031, 53.650522]], [[10.162744, 53.64984], [10.162875, 53.649992], [10.16306, 53.650206], [10.163209, 53.65049], [10.163241, 53.650484]], [[10.162744, 53.64984], [10.162848, 53.649991], [10.162992, 53.650199], [10.163121, 53.650503]], [[10.163394, 53.650972], [10.163031, 53.650522]], [[10.163883, 53.652886], [10.163867, 53.652854], [10.163798, 53.652697], [10.163703, 53.652415], [10.163648, 53.652193], [10.163583, 53.651927], [10.163549, 53.651776], [10.163426, 53.651488], [10.163341, 53.651194], [10.163064, 53.650665], [10.163031, 53.650522]], [[10.163394, 53.650972], [10.163313, 53.650801], [10.163225, 53.650647], [10.163143, 53.650498], [10.163121, 53.650503]], [[10.163241, 53.650484], [10.163279, 53.650625], [10.163365, 53.650783], [10.163597, 53.651236], [10.163714, 53.651495], [10.163721, 53.651511], [10.163805, 53.651711], [10.163894, 53.651917], [10.164053, 53.652205], [10.164271, 53.652633], [10.164642, 53.653298], [10.164733, 53.653439], [10.16484, 53.653584], [10.164962, 53.653732], [10.165038, 53.653815], [10.165116, 53.653893], [10.165223, 53.653989], [10.165361, 53.654104], [10.165545, 53.654232], [10.165798, 53.654393], [10.166122, 53.654555], [10.166419, 53.654684], [10.166804, 53.654826], [10.167197, 53.654936], [10.167533, 53.655014], [10.167836, 53.655064], [10.168231, 53.655112], [10.168604, 53.65514], [10.169005, 53.655148], [10.16936, 53.655138], [10.169742, 53.655104], [10.170117, 53.655057], [10.17049, 53.654996], [10.17496, 53.654238], [10.175242, 53.654192], [10.180896, 53.653232], [10.181363, 53.653162], [10.181774, 53.653112], [10.18259, 53.653045], [10.183782, 53.652951], [10.184612, 53.652921], [10.185054, 53.652907], [10.185585, 53.652891], [10.185588, 53.652925], [10.185691, 53.652889], [10.185827, 53.652885], [10.186085, 53.652883], [10.186271, 53.652888], [10.186554, 53.652895], [10.187055, 53.652912], [10.187565, 53.652943], [10.187996, 53.652972]], [[10.163241, 53.650484], [10.163203, 53.650496], [10.163273, 53.650635], [10.163358, 53.650792], [10.163591, 53.651245], [10.163708, 53.651504], [10.163715, 53.651521], [10.163798, 53.651721], [10.163887, 53.651926], [10.163954, 53.65212], [10.163999, 53.652235], [10.164099, 53.65259], [10.164137, 53.652755], [10.164152, 53.652948], [10.164147, 53.653113], [10.164124, 53.653238]], [[10.16389, 53.652899], [10.163884, 53.652739], [10.163838, 53.652445], [10.163812, 53.652298], [10.16376, 53.652114], [10.163699, 53.651911], [10.163665, 53.651748], [10.163593, 53.65153], [10.163507, 53.651225], [10.16342, 53.651004], [10.163394, 53.650972]], [[10.163883, 53.652886], [10.163878, 53.652749], [10.163832, 53.652455], [10.163806, 53.652308], [10.163753, 53.652123], [10.163693, 53.65192], [10.163658, 53.651758], [10.163587, 53.65154], [10.163501, 53.651234], [10.163414, 53.651014], [10.163394, 53.650972]], [[10.163408, 53.654439], [10.163588, 53.654156], [10.163736, 53.653854], [10.163784, 53.653727], [10.163813, 53.653586], [10.163858, 53.653366], [10.163884, 53.653175], [10.163888, 53.653002], [10.163883, 53.652886]], [[10.163408, 53.654439], [10.163411, 53.654436], [10.163594, 53.654147], [10.163742, 53.653845], [10.16379, 53.653717], [10.163819, 53.653576], [10.163864, 53.653357], [10.16389, 53.653165], [10.163894, 53.652993], [10.16389, 53.652899]], [[10.16389, 53.652899], [10.163883, 53.652886]], [[10.164124, 53.653238], [10.164103, 53.653211], [10.164037, 53.653121], [10.163971, 53.653033], [10.163919, 53.652954], [10.16389, 53.652899]], [[10.187996, 53.652972], [10.187552, 53.652965], [10.187057, 53.65296], [10.186561, 53.652975], [10.186269, 53.652982], [10.186088, 53.652987], [10.185589, 53.652994], [10.185589, 53.652978], [10.185066, 53.653002], [10.183176, 53.653053], [10.182598, 53.653083], [10.182191, 53.653108], [10.18178, 53.653138], [10.181366, 53.653189], [10.1809, 53.653261], [10.175255, 53.65422], [10.174972, 53.654266], [10.170127, 53.655086], [10.169747, 53.655134], [10.169364, 53.655165], [10.169004, 53.655175], [10.168602, 53.655167], [10.168226, 53.655141], [10.167837, 53.655091], [10.167533, 53.655041], [10.167182, 53.654963], [10.166792, 53.65485], [10.16639, 53.654707], [10.166084, 53.654577], [10.165642, 53.654373], [10.165506, 53.654297], [10.165326, 53.654201], [10.165107, 53.654075], [10.164983, 53.653997], [10.164881, 53.653926], [10.16472, 53.653812], [10.164545, 53.653668], [10.164363, 53.653505], [10.164223, 53.653362], [10.164124, 53.653238]], [[10.187996, 53.652972], [10.188602, 53.653017], [10.189096, 53.653071], [10.18958, 53.653142], [10.190112, 53.653241], [10.19063, 53.653364], [10.190818, 53.653415], [10.191007, 53.653468], [10.191569, 53.653661], [10.192339, 53.653936], [10.192548, 53.654025], [10.193955, 53.654781]], [[10.193955, 53.654781], [10.194372, 53.655105]], [[10.194372, 53.655106], [10.19437, 53.655104], [10.193955, 53.654781]], [[10.194372, 53.655105], [10.194372, 53.655106]], [[10.194372, 53.655105], [10.194383, 53.6551], [10.196349, 53.656563], [10.196563, 53.656721], [10.197549, 53.657473], [10.19963, 53.658992], [10.201525, 53.660454], [10.202648, 53.661296], [10.204096, 53.662313], [10.204352, 53.662474], [10.204575, 53.662589], [10.207751, 53.664011], [10.209062, 53.664534], [10.209797, 53.664817], [10.210179, 53.664945], [10.210532, 53.665053], [10.210922, 53.665151], [10.211299, 53.665231], [10.211755, 53.665316], [10.212054, 53.665358], [10.212337, 53.665386], [10.212614, 53.665407], [10.212967, 53.665424], [10.21329, 53.665432], [10.213595, 53.665431], [10.2141, 53.665404], [10.214403, 53.665378], [10.214677, 53.665347], [10.215122, 53.665295], [10.215411, 53.665252], [10.216434, 53.66508], [10.217335, 53.664944], [10.217387, 53.66494]], [[10.196342, 53.656573], [10.194373, 53.655107], [10.194372, 53.655106]], [[10.194372, 53.655106], [10.194372, 53.655107], [10.196342, 53.656573]], [[10.196342, 53.656573], [10.196557, 53.65673], [10.197543, 53.657483], [10.199624, 53.659001], [10.201519, 53.660464], [10.202642, 53.661306], [10.204089, 53.662323], [10.204346, 53.662484], [10.204569, 53.662599], [10.207745, 53.66402], [10.209056, 53.664544], [10.20979, 53.664826], [10.210173, 53.664954], [10.210526, 53.665063], [10.210916, 53.665161], [10.211292, 53.665241], [10.211748, 53.665325], [10.212048, 53.665368], [10.21233, 53.665396], [10.212608, 53.665417], [10.212961, 53.665433], [10.213284, 53.665442], [10.213589, 53.66544], [10.214094, 53.665414], [10.214397, 53.665388], [10.214671, 53.665357], [10.215115, 53.665305], [10.215405, 53.665261], [10.216428, 53.66509], [10.217329, 53.664953]], [[10.217329, 53.664953], [10.217387, 53.66494]], [[10.220001, 53.664583], [10.220006, 53.664604], [10.219332, 53.664704], [10.218084, 53.664892], [10.217329, 53.664953]], [[10.217387, 53.66494], [10.218049, 53.66479], [10.218832, 53.66468], [10.219286, 53.664608], [10.219971, 53.664492]], [[10.217387, 53.66494], [10.21809, 53.664883], [10.219339, 53.664694], [10.220001, 53.664583]], [[10.219971, 53.664492], [10.219984, 53.66452], [10.220197, 53.664454]], [[10.219971, 53.664492], [10.220197, 53.664454]], [[10.222205, 53.66414], [10.221822, 53.664223], [10.220373, 53.664543], [10.22004, 53.6646], [10.220009, 53.664604], [10.220001, 53.664583]], [[10.242281, 53.661308], [10.242276, 53.661295], [10.242232, 53.661301], [10.24122, 53.661439], [10.241116, 53.661453], [10.241108, 53.661454], [10.240713, 53.661508], [10.239111, 53.661725], [10.232674, 53.66257], [10.227515, 53.663302], [10.223825, 53.663861], [10.222737, 53.664044], [10.222212, 53.66413], [10.220254, 53.664437], [10.220197, 53.664454]], [[10.220197, 53.664454], [10.220248, 53.664446], [10.222205, 53.66414]], [[10.222205, 53.66414], [10.222731, 53.664054], [10.223819, 53.663871], [10.227509, 53.663312], [10.232668, 53.662579], [10.239105, 53.661735], [10.240707, 53.661518], [10.241106, 53.661463], [10.241214, 53.661449], [10.242226, 53.661311], [10.242279, 53.661303], [10.242281, 53.661308]], [[10.243054, 53.661197], [10.242281, 53.661308]], [[10.242281, 53.661308], [10.242959, 53.661211], [10.242989, 53.661211], [10.243054, 53.661197]], [[10.243054, 53.661197], [10.24308, 53.661192], [10.243637, 53.661114]], [[10.243637, 53.661114], [10.243054, 53.661197]], [[10.243637, 53.661114], [10.243652, 53.661114], [10.243863, 53.661076]], [[10.243863, 53.661076], [10.243637, 53.661114]], [[10.243863, 53.661076], [10.244269, 53.661009], [10.244645, 53.660924], [10.24499, 53.660821], [10.245574, 53.660636], [10.246158, 53.660423]], [[10.247269, 53.659913], [10.246158, 53.660423]], [[10.246158, 53.660423], [10.24689, 53.660092], [10.246919, 53.660074], [10.247248, 53.659926], [10.247269, 53.659913]], [[10.247269, 53.659913], [10.247277, 53.659908], [10.247561, 53.659779]], [[10.247561, 53.659779], [10.247269, 53.659913]], [[10.250394, 53.658402], [10.247561, 53.659779]], [[10.247561, 53.659779], [10.248098, 53.659522], [10.248113, 53.659513], [10.250394, 53.658402]], [[10.250394, 53.658402], [10.253791, 53.656641], [10.25384, 53.656616]], [[10.25384, 53.656616], [10.250394, 53.658402]], [[10.254357, 53.656348], [10.25384, 53.656616]], [[10.25384, 53.656616], [10.253881, 53.656595], [10.254357, 53.656348]], [[10.254357, 53.656348], [10.255595, 53.655733], [10.256429, 53.65532], [10.256443, 53.655309], [10.256464, 53.655299]], [[10.256464, 53.655299], [10.256459, 53.65531], [10.254357, 53.656348]], [[10.257636, 53.654716], [10.256469, 53.655293], [10.256467, 53.655291], [10.256464, 53.655299]], [[10.256464, 53.655299], [10.257636, 53.654716]], [[10.257636, 53.654716], [10.25848, 53.654305], [10.258675, 53.65421]], [[10.258675, 53.65421], [10.259085, 53.653953], [10.259274, 53.653818], [10.259289, 53.653807], [10.259309, 53.653795], [10.259321, 53.653789], [10.259647, 53.653605], [10.260123, 53.653361], [10.260624, 53.653105], [10.260644, 53.653119], [10.260774, 53.653022], [10.261291, 53.652765], [10.26149, 53.652667], [10.261946, 53.652467], [10.262244, 53.652348], [10.262305, 53.652317], [10.262548, 53.652194], [10.262714, 53.652109], [10.265066, 53.650915], [10.265159, 53.650871], [10.26535, 53.650773], [10.266627, 53.65015], [10.266766, 53.650082], [10.267105, 53.649933], [10.267465, 53.649811], [10.267879, 53.649695], [10.268196, 53.649631], [10.268699, 53.649557], [10.269152, 53.649512], [10.270015, 53.649425], [10.270056, 53.649421], [10.270311, 53.649395], [10.270395, 53.649389], [10.271336, 53.649323], [10.271533, 53.649318], [10.271774, 53.649321], [10.272236, 53.649346], [10.272928, 53.649416], [10.273444, 53.649489], [10.273926, 53.649574], [10.274244, 53.649642], [10.274492, 53.649697], [10.27482, 53.649789], [10.275023, 53.649848], [10.275351, 53.649956], [10.275723, 53.650075], [10.276078, 53.650201], [10.276448, 53.650352], [10.276843, 53.650538], [10.277219, 53.650729], [10.277433, 53.650856], [10.277615, 53.650972], [10.277965, 53.651218]], [[10.277965, 53.651218], [10.277626, 53.65098], [10.277441, 53.650865], [10.277225, 53.650741], [10.276856, 53.650548], [10.276457, 53.650363], [10.27609, 53.650214], [10.275723, 53.650084], [10.275356, 53.649962], [10.275036, 53.649857], [10.274822, 53.649797], [10.274502, 53.64971], [10.274243, 53.64965], [10.273938, 53.649581], [10.273452, 53.649497], [10.272935, 53.649421], [10.272238, 53.649357], [10.271783, 53.649335], [10.271541, 53.649328], [10.271345, 53.64933], [10.270394, 53.649403], [10.270319, 53.649404], [10.270062, 53.649434], [10.270017, 53.649434], [10.269158, 53.649524], [10.268705, 53.649565], [10.268208, 53.649642], [10.267878, 53.649709], [10.267473, 53.649821], [10.267113, 53.649941], [10.26677, 53.650089], [10.266636, 53.650162], [10.265354, 53.650787], [10.26516, 53.650879], [10.265071, 53.650924], [10.262717, 53.652117], [10.262553, 53.6522], [10.262315, 53.652328], [10.262255, 53.652356], [10.262062, 53.652466], [10.261958, 53.65253], [10.261586, 53.65274], [10.261362, 53.65286], [10.260886, 53.653107], [10.260856, 53.653125], [10.260706, 53.653172], [10.26023, 53.653432], [10.25938, 53.653861], [10.259126, 53.653987], [10.258675, 53.65421]], [[10.279281, 53.652143], [10.279264, 53.65213], [10.277965, 53.651218]], [[10.277965, 53.651218], [10.279254, 53.652124], [10.279281, 53.652143]], [[10.279281, 53.652143], [10.279419, 53.652239], [10.279446, 53.65226], [10.279495, 53.652298]], [[10.279495, 53.652298], [10.279449, 53.652272], [10.279418, 53.652246], [10.279281, 53.652143]], [[10.279912, 53.652627], [10.27979, 53.65252], [10.279511, 53.652307], [10.279495, 53.652298]], [[10.279495, 53.652298], [10.279499, 53.652301], [10.279777, 53.652512], [10.279912, 53.652627]], [[10.279912, 53.652627], [10.280193, 53.652867], [10.280396, 53.653062]], [[10.280396, 53.653062], [10.280194, 53.652875], [10.279912, 53.652627]], [[10.280396, 53.653062], [10.280398, 53.653061], [10.28043, 53.653089], [10.28053, 53.653172], [10.28056, 53.653195], [10.280702, 53.653326], [10.280832, 53.653495], [10.281081, 53.653819], [10.281094, 53.653836], [10.281192, 53.653963], [10.281856, 53.65497], [10.28227, 53.655606], [10.282737, 53.656307], [10.282774, 53.656362], [10.283303, 53.657155], [10.283436, 53.657355], [10.283874, 53.658017], [10.284664, 53.659187], [10.28475, 53.659314], [10.284964, 53.659689], [10.285876, 53.661283], [10.285904, 53.661334], [10.285912, 53.661348]], [[10.285912, 53.661348], [10.286216, 53.661758], [10.286332, 53.661897], [10.286394, 53.661972], [10.286463, 53.662064], [10.286533, 53.662176], [10.286585, 53.662254], [10.286724, 53.662464], [10.286782, 53.66259]], [[10.285912, 53.661348], [10.285997, 53.661537], [10.286108, 53.661773], [10.286188, 53.661919], [10.286235, 53.662005], [10.286294, 53.662099], [10.286364, 53.662212], [10.286553, 53.662505], [10.286627, 53.662617], [10.286661, 53.662609]]]}, "properties": {"linie": "U1", "farbe": "#1C6EB4"}}, {"type": "Feature", "geometry": {"type": "MultiLineString", "coordinates": [[[9.94481, 53.590894], [9.944692, 53.591114], [9.944586, 53.591327], [9.94452, 53.591473], [9.94446, 53.591623], [9.944407, 53.591773], [9.944274, 53.592177], [9.944071, 53.592811], [9.944045, 53.592891], [9.944004, 53.592887], [9.944037, 53.592918], [9.944033, 53.592929], [9.943783, 53.593717], [9.943717, 53.593957], [9.943687, 53.594083], [9.943666, 53.594213], [9.943647, 53.594398], [9.943643, 53.594677], [9.943634, 53.594868], [9.94362, 53.595463], [9.943569, 53.595895], [9.94348, 53.596619], [9.943425, 53.597263], [9.943443, 53.597981], [9.943737, 53.598907], [9.943864, 53.599389], [9.944061, 53.600012], [9.944739, 53.602178], [9.945258, 53.603885], [9.945276, 53.603884], [9.945397, 53.604342], [9.945569, 53.604902], [9.94611, 53.606673], [9.946345, 53.607366], [9.946416, 53.60755], [9.946536, 53.607785], [9.94666, 53.608013], [9.946725, 53.608109], [9.946809, 53.60821], [9.947827, 53.609347], [9.948675, 53.610193], [9.949762, 53.611292], [9.95082, 53.61237], [9.950896, 53.612475], [9.951009, 53.612649], [9.951117, 53.612847], [9.951165, 53.612964], [9.95132, 53.613384], [9.951347, 53.613488], [9.95137, 53.613587], [9.951411, 53.614138], [9.951357, 53.614738], [9.951276, 53.615198], [9.951161, 53.615631], [9.950845, 53.616424], [9.950751, 53.616698], [9.950696, 53.616898], [9.950663, 53.617177], [9.950649, 53.617465], [9.950661, 53.617565], [9.950679, 53.617689], [9.950715, 53.617866], [9.95074, 53.617998], [9.950753, 53.618038], [9.950782, 53.618107], [9.950867, 53.618274], [9.951383, 53.619292], [9.951462, 53.619446], [9.951494, 53.619506], [9.951671, 53.619842], [9.951777, 53.620222], [9.951825, 53.620214], [9.951929, 53.620465], [9.952104, 53.620885], [9.952155, 53.621034], [9.952167, 53.621074], [9.952175, 53.621104], [9.952339, 53.621716], [9.952349, 53.621771], [9.952357, 53.621834], [9.95236, 53.6219], [9.952358, 53.621973], [9.952351, 53.622065], [9.95232, 53.62219], [9.95228, 53.6223], [9.952125, 53.622573], [9.951963, 53.622846], [9.951565, 53.623431], [9.951508, 53.62352], [9.951472, 53.62359], [9.951431, 53.623688], [9.951389, 53.623809], [9.951141, 53.624972], [9.951011, 53.625695], [9.950958, 53.626003], [9.950917, 53.626285], [9.950914, 53.626908], [9.950879, 53.627135], [9.950796, 53.627393], [9.950738, 53.627556], [9.950669, 53.62771], [9.9504, 53.628212], [9.950356, 53.628201], [9.950354, 53.628205], [9.950003, 53.628755], [9.949899, 53.62896], [9.949834, 53.629154], [9.949783, 53.629367], [9.949779, 53.629664], [9.949802, 53.629832], [9.949856, 53.630026], [9.94992, 53.63019], [9.949976, 53.630282], [9.950024, 53.630355], [9.950063, 53.630415], [9.950117, 53.630491], [9.950171, 53.630561], [9.950233, 53.630626], [9.950618, 53.631003], [9.951174, 53.631531], [9.951793, 53.632202], [9.952148, 53.632632], [9.952304, 53.63284], [9.952413, 53.632989], [9.952484, 53.633089], [9.952519, 53.633145], [9.952558, 53.633214], [9.952607, 53.633309], [9.952646, 53.633386], [9.952676, 53.633455], [9.952811, 53.633811], [9.952866, 53.633969], [9.95288, 53.634034], [9.952889, 53.634132], [9.95289, 53.63427], [9.952884, 53.634356], [9.952877, 53.634394], [9.952867, 53.634454], [9.952844, 53.634525], [9.952783, 53.634673], [9.952786, 53.634806], [9.952733, 53.634798], [9.952527, 53.635322], [9.952328, 53.635827], [9.95165, 53.637602], [9.950758, 53.639555], [9.950502, 53.640108]], [[9.950514, 53.63992], [9.950694, 53.639547], [9.951584, 53.637592], [9.952269, 53.635818], [9.952467, 53.635314], [9.952649, 53.63478], [9.952676, 53.634784], [9.952724, 53.634665], [9.952777, 53.63451], [9.952798, 53.634443], [9.952808, 53.634387], [9.952823, 53.634267], [9.952823, 53.634127], [9.952814, 53.634036], [9.9528, 53.633969], [9.952744, 53.633807], [9.952611, 53.633467], [9.952579, 53.633393], [9.952551, 53.633339], [9.952483, 53.633213], [9.952447, 53.633155], [9.952415, 53.633104], [9.952352, 53.633014], [9.952064, 53.632645], [9.951704, 53.632218], [9.951099, 53.631553], [9.950561, 53.631026], [9.950167, 53.630648], [9.950102, 53.630579], [9.950055, 53.630521], [9.949997, 53.630432], [9.949946, 53.630348], [9.949904, 53.630281], [9.949854, 53.630193], [9.949793, 53.630087], [9.949755, 53.62997], [9.949721, 53.62988], [9.949714, 53.629805], [9.9497, 53.629705], [9.949687, 53.629611], [9.949683, 53.629453], [9.949701, 53.629351], [9.949743, 53.629157], [9.949768, 53.629057], [9.949801, 53.628939], [9.949914, 53.628737], [9.950262, 53.628192], [9.950264, 53.628177], [9.95027, 53.628178], [9.950585, 53.627692], [9.950656, 53.627539], [9.950722, 53.62738], [9.9508, 53.627138], [9.950847, 53.626904], [9.950868, 53.626288], [9.950907, 53.626005], [9.950967, 53.625694], [9.951094, 53.624967], [9.951306, 53.623797], [9.951341, 53.623671], [9.951382, 53.623553], [9.951409, 53.623487], [9.951449, 53.62341], [9.951835, 53.62282], [9.952002, 53.622551], [9.95215, 53.622262], [9.952178, 53.622153], [9.952199, 53.622047], [9.952206, 53.621971], [9.952209, 53.621906], [9.952207, 53.62183], [9.952195, 53.621734], [9.952039, 53.621125], [9.952027, 53.621087], [9.952014, 53.621057], [9.951944, 53.620908], [9.951767, 53.620491], [9.951702, 53.620249], [9.951666, 53.620254], [9.951508, 53.61988], [9.951339, 53.619526], [9.951241, 53.619325], [9.950991, 53.618714], [9.950806, 53.618282], [9.950728, 53.618107], [9.950703, 53.618037], [9.95069, 53.618001], [9.950663, 53.617869], [9.950624, 53.617692], [9.950603, 53.617566], [9.950596, 53.617465], [9.950612, 53.617178], [9.950653, 53.616895], [9.950703, 53.616694], [9.950856, 53.616284], [9.951109, 53.615624], [9.951228, 53.615191], [9.951299, 53.614737], [9.951331, 53.614374], [9.951347, 53.614138], [9.951313, 53.61359], [9.951291, 53.613492], [9.951265, 53.613389], [9.951109, 53.612968], [9.951062, 53.612855], [9.950952, 53.612657], [9.950844, 53.612489], [9.950779, 53.612397], [9.950647, 53.612256], [9.950259, 53.611852], [9.949948, 53.611538], [9.949378, 53.610984], [9.948467, 53.610048], [9.947972, 53.609569], [9.947573, 53.609161], [9.947355, 53.608954], [9.947109, 53.608687], [9.946911, 53.608468], [9.946816, 53.608347], [9.946722, 53.608221], [9.946651, 53.608122], [9.946592, 53.608028], [9.946464, 53.607786], [9.946356, 53.607558], [9.94628, 53.607375], [9.945842, 53.606016], [9.945534, 53.60502], [9.945331, 53.604344], [9.945192, 53.603891], [9.945171, 53.603894], [9.945152, 53.603759], [9.94499, 53.603232], [9.944611, 53.601999], [9.943819, 53.599393], [9.943665, 53.598886], [9.943459, 53.598249], [9.943282, 53.597665], [9.943116, 53.597093], [9.943065, 53.596576], [9.943127, 53.595981], [9.943193, 53.595528], [9.943253, 53.595218], [9.943412, 53.594607], [9.943521, 53.594214], [9.943568, 53.593955], [9.943602, 53.593694], [9.943643, 53.593425], [9.943706, 53.593156], [9.943789, 53.59289], [9.9438, 53.592862], [9.943852, 53.59287], [9.943927, 53.592548], [9.944092, 53.592156], [9.944284, 53.591762], [9.944342, 53.591648], [9.94449, 53.591378], [9.94481, 53.590894]], [[9.94481, 53.590894], [9.944911, 53.59073], [9.945094, 53.590453]], [[9.945094, 53.590453], [9.945219, 53.590177], [9.945614, 53.589589], [9.945882, 53.589192], [9.946158, 53.588777], [9.946722, 53.587936], [9.946983, 53.587545], [9.947075, 53.5874], [9.947212, 53.587165], [9.947309, 53.586981], [9.947372, 53.586839], [9.947387, 53.586803], [9.947492, 53.58651], [9.947522, 53.586434], [9.947556, 53.586334], [9.94758, 53.586258], [9.947631, 53.586049], [9.947788, 53.585206], [9.947817, 53.585077], [9.947992, 53.584252], [9.948063, 53.583717], [9.948067, 53.583556], [9.948054, 53.583412], [9.948028, 53.58328], [9.947995, 53.583157], [9.947791, 53.582639], [9.947598, 53.582067], [9.947563, 53.582072], [9.947536, 53.582003], [9.947316, 53.58145], [9.947281, 53.581323], [9.947273, 53.581173], [9.947285, 53.58099], [9.947322, 53.580832], [9.947408, 53.580663], [9.947473, 53.580554], [9.947568, 53.580446], [9.947694, 53.580317], [9.94777, 53.580248], [9.94788, 53.580167], [9.948168, 53.579979], [9.948829, 53.579564], [9.949427, 53.579209], [9.949877, 53.57894], [9.950546, 53.578531], [9.950927, 53.578291], [9.951059, 53.578196], [9.951139, 53.578133], [9.951234, 53.578034], [9.951311, 53.577944], [9.951488, 53.577716], [9.951712, 53.577419], [9.951758, 53.577342], [9.951789, 53.577278], [9.951829, 53.577164], [9.951851, 53.577076], [9.951861, 53.576948], [9.951849, 53.576836], [9.951826, 53.576739], [9.951753, 53.576474], [9.951637, 53.576166], [9.951608, 53.576091], [9.95157, 53.576097], [9.951491, 53.575785], [9.951335, 53.57542], [9.951292, 53.575349], [9.951237, 53.575283], [9.951132, 53.575155], [9.951056, 53.575078], [9.950987, 53.575011], [9.950762, 53.574819], [9.950603, 53.574703], [9.950356, 53.574554], [9.950125, 53.57443], [9.949865, 53.574288], [9.949752, 53.574211], [9.949668, 53.574142], [9.949593, 53.57407], [9.949525, 53.57398], [9.94949, 53.573925], [9.94945, 53.573853], [9.949403, 53.57373], [9.949384, 53.573615], [9.949396, 53.573473], [9.949436, 53.573338], [9.949458, 53.573277], [9.949504, 53.573193], [9.949568, 53.573109], [9.949645, 53.573019], [9.949734, 53.572939], [9.949842, 53.572857], [9.949991, 53.572763], [9.951054, 53.572253], [9.951341, 53.572106], [9.95158, 53.571999], [9.952598, 53.571623], [9.952622, 53.571614], [9.952648, 53.57164], [9.953334, 53.571352], [9.953533, 53.571273], [9.953695, 53.571201], [9.953758, 53.571172], [9.953893, 53.571106], [9.953938, 53.571082], [9.954045, 53.571024], [9.954184, 53.570945], [9.954302, 53.570886], [9.954365, 53.570855], [9.954433, 53.570826], [9.954509, 53.570795], [9.954607, 53.570762], [9.954743, 53.570723], [9.954885, 53.570687], [9.955999, 53.570423], [9.957317, 53.570109], [9.957839, 53.569996], [9.958111, 53.56993], [9.958294, 53.569873], [9.958501, 53.569796], [9.958814, 53.569676], [9.959005, 53.569603], [9.959122, 53.569565], [9.959281, 53.569523], [9.959401, 53.56949], [9.959566, 53.569453], [9.959738, 53.56942], [9.95991, 53.569399], [9.960037, 53.569388], [9.960158, 53.569381], [9.960281, 53.569378], [9.960421, 53.569379], [9.960552, 53.569384], [9.960661, 53.56939], [9.960758, 53.569398], [9.961009, 53.569416], [9.961203, 53.569429], [9.96142, 53.569442], [9.96219, 53.56949], [9.962353, 53.569499], [9.962412, 53.56954], [9.962415, 53.5695], [9.962545, 53.569505], [9.962706, 53.569505], [9.962837, 53.569502], [9.96296, 53.569497], [9.963242, 53.569485], [9.963697, 53.569473], [9.964335, 53.569425], [9.964574, 53.569404], [9.964898, 53.569375], [9.965032, 53.56936], [9.965214, 53.569334], [9.96532, 53.569315], [9.965367, 53.569307], [9.965822, 53.569213], [9.966053, 53.569156], [9.966447, 53.569038], [9.966764, 53.568932], [9.967177, 53.568773], [9.96766, 53.56857], [9.969189, 53.567891], [9.969696, 53.567671], [9.969731, 53.567701], [9.969941, 53.567566], [9.970668, 53.567246], [9.971082, 53.567063], [9.971339, 53.566949], [9.971845, 53.566704], [9.972223, 53.566495], [9.972777, 53.566161], [9.973015, 53.566002], [9.973274, 53.565801], [9.973669, 53.565455], [9.973886, 53.56524], [9.974084, 53.565022], [9.974241, 53.564832], [9.97441, 53.564607], [9.974545, 53.564391], [9.974661, 53.564175], [9.974761, 53.563972], [9.974834, 53.563771], [9.974908, 53.563595], [9.974953, 53.563434], [9.975041, 53.563067], [9.975135, 53.562374], [9.975189, 53.561991], [9.975237, 53.561641], [9.97531, 53.561099], [9.975391, 53.560624], [9.975439, 53.560423], [9.975503, 53.560243], [9.975607, 53.560007], [9.975851, 53.55951], [9.975948, 53.559306], [9.976129, 53.558949], [9.976179, 53.558852], [9.976576, 53.558164], [9.976626, 53.558175], [9.97666, 53.55802], [9.977142, 53.557179], [9.977234, 53.557065], [9.977459, 53.556817], [9.977609, 53.556674], [9.977814, 53.556507], [9.978158, 53.556272], [9.978315, 53.556186], [9.978527, 53.556083], [9.978788, 53.555963], [9.978932, 53.555905], [9.97921, 53.555812], [9.979611, 53.555696], [9.979812, 53.555651], [9.980098, 53.555592], [9.980368, 53.555551], [9.980626, 53.555521], [9.980935, 53.555497], [9.981142, 53.555489], [9.981423, 53.555484], [9.981735, 53.555496], [9.982641, 53.55555], [9.982986, 53.555566], [9.983515, 53.555587], [9.983846, 53.555596], [9.984425, 53.555611], [9.98604, 53.555608], [9.986479, 53.555598], [9.986482, 53.555632], [9.986722, 53.555593], [9.987238, 53.555563], [9.987479, 53.555548], [9.987861, 53.55548], [9.98811, 53.555433], [9.988357, 53.555378], [9.988614, 53.555307], [9.988897, 53.55522], [9.989193, 53.555112], [9.989483, 53.554984], [9.989801, 53.554814], [9.990091, 53.554636], [9.990422, 53.554424], [9.990742, 53.554241], [9.991019, 53.554104], [9.991279, 53.553991], [9.991477, 53.553917], [9.991747, 53.553815], [9.992072, 53.553716], [9.992348, 53.55365], [9.99303, 53.553516], [9.993444, 53.553435], [9.994424, 53.553257], [9.994432, 53.553277], [9.9947, 53.553235], [9.995415, 53.55312], [9.995549, 53.553097], [9.995621, 53.553087], [9.996167, 53.552987], [9.996698, 53.552896], [9.997196, 53.552816], [9.997476, 53.552776], [9.997745, 53.552742], [9.998071, 53.552708], [9.998441, 53.552684], [9.999016, 53.55267], [9.999373, 53.552676], [9.99962, 53.552688], [9.9999, 53.552712], [10.000334, 53.55277], [10.00053, 53.552802], [10.000712, 53.552842], [10.000903, 53.552892], [10.001285, 53.553008], [10.001687, 53.553145], [10.001965, 53.553257], [10.002551, 53.553475], [10.002938, 53.553599], [10.003327, 53.553716], [10.00366, 53.553795], [10.0042, 53.553902], [10.004578, 53.553971], [10.004807, 53.554], [10.005037, 53.554021], [10.006004, 53.554087], [10.006007, 53.554074], [10.006186, 53.5541], [10.006843, 53.554145], [10.007143, 53.554166], [10.007488, 53.554181], [10.007732, 53.55418], [10.00793, 53.55417], [10.008178, 53.554152], [10.008429, 53.554126], [10.008796, 53.554071], [10.009102, 53.554016], [10.00941, 53.55394], [10.009737, 53.553846], [10.010046, 53.553737], [10.01034, 53.553606], [10.010728, 53.553398], [10.011229, 53.553104], [10.011505, 53.552951], [10.011691, 53.552867], [10.011901, 53.552767], [10.012164, 53.552672], [10.012478, 53.552565], [10.012797, 53.552483], [10.013144, 53.552408], [10.013474, 53.552354], [10.013761, 53.552318], [10.013997, 53.552297], [10.014193, 53.552285], [10.014485, 53.552286], [10.014754, 53.552298], [10.015547, 53.552345], [10.016159, 53.552392], [10.016513, 53.552425], [10.016778, 53.552447], [10.01687, 53.552464], [10.017111, 53.552474], [10.018406, 53.552597], [10.019033, 53.552666], [10.019476, 53.55272], [10.020844, 53.552956], [10.021524, 53.5531], [10.021932, 53.553162], [10.022291, 53.553221], [10.022604, 53.553272], [10.022781, 53.553307], [10.023003, 53.553351], [10.02313, 53.553379], [10.023155, 53.553338], [10.023658, 53.553495], [10.023762, 53.553521], [10.024167, 53.553643], [10.024345, 53.553727], [10.024786, 53.553937], [10.025019, 53.554022], [10.025223, 53.554084], [10.025453, 53.554146], [10.02575, 53.554221], [10.025981, 53.554265], [10.02623, 53.554302], [10.026513, 53.554339], [10.026727, 53.554361], [10.027152, 53.554379], [10.027617, 53.55439], [10.028197, 53.554395], [10.028884, 53.554413], [10.029219, 53.554429], [10.029681, 53.554471], [10.030162, 53.554531], [10.031613, 53.55472], [10.0324, 53.55482], [10.033024, 53.554903], [10.033518, 53.554963], [10.034357, 53.555073], [10.035759, 53.555248], [10.037154, 53.555435], [10.038346, 53.555584], [10.039128, 53.55568], [10.039752, 53.555733], [10.040062, 53.555745], [10.04036, 53.555749], [10.040825, 53.555741], [10.041655, 53.555739], [10.041656, 53.555767], [10.042009, 53.555739], [10.042761, 53.555736], [10.042986, 53.555738], [10.043678, 53.555748], [10.044319, 53.555746], [10.044866, 53.555748], [10.045527, 53.555748], [10.049194, 53.555739], [10.050324, 53.555744], [10.051127, 53.555748], [10.053201, 53.555726], [10.053416, 53.555717], [10.053642, 53.555699], [10.054356, 53.555636], [10.054808, 53.555597], [10.055122, 53.555573], [10.055286, 53.555561], [10.05551, 53.555543], [10.055517, 53.555573], [10.055691, 53.555529], [10.056312, 53.555482], [10.057163, 53.555417], [10.057196, 53.555417], [10.057601, 53.555379], [10.058014, 53.555341], [10.058348, 53.555302], [10.059249, 53.555183], [10.05993, 53.555086], [10.062921, 53.55464], [10.064585, 53.554406], [10.064752, 53.554382], [10.065029, 53.554343], [10.066035, 53.554199], [10.066034, 53.554185], [10.066039, 53.554198], [10.067121, 53.554044], [10.067207, 53.554032], [10.069239, 53.553738], [10.069906, 53.553659], [10.070492, 53.553601], [10.070777, 53.553577], [10.07124, 53.553543], [10.07234, 53.55349], [10.072953, 53.553475], [10.073983, 53.553473], [10.075454, 53.553485], [10.075923, 53.553489], [10.077018, 53.553494], [10.077493, 53.5535], [10.078268, 53.553525], [10.078575, 53.55353], [10.079207, 53.553562], [10.079657, 53.553581], [10.080217, 53.55361], [10.081344, 53.553676], [10.082217, 53.553701], [10.08317, 53.553703], [10.08434, 53.55369], [10.084341, 53.553697], [10.084932, 53.553684], [10.085764, 53.553651], [10.086518, 53.553637], [10.086807, 53.553635], [10.08705, 53.553626], [10.087337, 53.553592], [10.087729, 53.553517], [10.088053, 53.55344], [10.08834, 53.553367], [10.088626, 53.553287], [10.088905, 53.553179], [10.089156, 53.553059], [10.089506, 53.552864], [10.090007, 53.552536], [10.0902, 53.552297], [10.090907, 53.551364], [10.092114, 53.549736], [10.092362, 53.549387], [10.092489, 53.549236], [10.092607, 53.549097], [10.092809, 53.54889], [10.093071, 53.548667], [10.093282, 53.54851], [10.093474, 53.548379], [10.094719, 53.5477], [10.095331, 53.54737], [10.09539, 53.547308], [10.095413, 53.547323], [10.095498, 53.547277], [10.097341, 53.546265], [10.097911, 53.545962], [10.098199, 53.545821], [10.098449, 53.545711], [10.099544, 53.545275], [10.101521, 53.544495], [10.103184, 53.543843], [10.103519, 53.543707], [10.103837, 53.543579]], [[10.104273, 53.543933], [10.10406, 53.544037], [10.103814, 53.544152], [10.103292, 53.544367], [10.100173, 53.545636], [10.098333, 53.546361], [10.095688, 53.547397], [10.095601, 53.547468], [10.095574, 53.547444], [10.095492, 53.547478], [10.095222, 53.547598], [10.094869, 53.547769], [10.094593, 53.547914], [10.09395, 53.548265], [10.093625, 53.548457], [10.093342, 53.54863], [10.092946, 53.548933], [10.092738, 53.549121], [10.092552, 53.549314], [10.09236, 53.549531], [10.092082, 53.549887], [10.0912, 53.551084], [10.09097, 53.551388], [10.09074, 53.551703], [10.090283, 53.552314], [10.090174, 53.552449], [10.090052, 53.552596], [10.089842, 53.552784], [10.089624, 53.552937], [10.089358, 53.553114], [10.08915, 53.553227], [10.088988, 53.553303], [10.088757, 53.553397], [10.088445, 53.553508], [10.08829, 53.553561], [10.088029, 53.553644], [10.08767, 53.553731], [10.087322, 53.5538], [10.086988, 53.553854], [10.086736, 53.553883], [10.086515, 53.553898], [10.086187, 53.553908], [10.085839, 53.553904], [10.08534, 53.553877], [10.083758, 53.553811], [10.083513, 53.5538], [10.08351, 53.553831], [10.082754, 53.553766], [10.082548, 53.553757], [10.081933, 53.55375], [10.081337, 53.553747], [10.080225, 53.553663], [10.079224, 53.553617], [10.078284, 53.553571], [10.077018, 53.553545], [10.075941, 53.553532], [10.075475, 53.553534], [10.074014, 53.553524], [10.072945, 53.553526], [10.071739, 53.553567], [10.070617, 53.553642], [10.069935, 53.553703], [10.069252, 53.553785], [10.068307, 53.553916], [10.067527, 53.554023], [10.067221, 53.554067], [10.066051, 53.554234], [10.06606, 53.554272], [10.066045, 53.554234], [10.065245, 53.554348], [10.065043, 53.554378], [10.064759, 53.554419], [10.064596, 53.554442], [10.063584, 53.554587], [10.060825, 53.555001], [10.060281, 53.555078], [10.059292, 53.55522], [10.05783, 53.555407], [10.05718, 53.555488], [10.056335, 53.555593], [10.056116, 53.555621], [10.055638, 53.555681], [10.055551, 53.555688], [10.05555, 53.55568], [10.055285, 53.555711], [10.055211, 53.555716], [10.054846, 53.555742], [10.05447, 53.555745], [10.053195, 53.555771], [10.052647, 53.555774], [10.051176, 53.555781], [10.049152, 53.55578], [10.044855, 53.555829], [10.04434, 53.555832], [10.043654, 53.555851], [10.042987, 53.555851], [10.042762, 53.555853], [10.042002, 53.555855], [10.041656, 53.555855], [10.041656, 53.555829], [10.040826, 53.555858], [10.040413, 53.555857], [10.040048, 53.555833], [10.039754, 53.555804], [10.038311, 53.555631], [10.03715, 53.555478], [10.035727, 53.555295], [10.034343, 53.555113], [10.033508, 53.555005], [10.033049, 53.554951], [10.032406, 53.554865], [10.031596, 53.55476], [10.030145, 53.554572], [10.029678, 53.554514], [10.029209, 53.554472], [10.028881, 53.554457], [10.028204, 53.554444], [10.027619, 53.554436], [10.027159, 53.554427], [10.026721, 53.554408], [10.026506, 53.554388], [10.026216, 53.55435], [10.025971, 53.554311], [10.025738, 53.554266], [10.025435, 53.554192], [10.025196, 53.554125], [10.024996, 53.554067], [10.024738, 53.553971], [10.024216, 53.553714], [10.023731, 53.553546], [10.023633, 53.55352], [10.023232, 53.553425], [10.022899, 53.55335], [10.022895, 53.553356], [10.022598, 53.553295], [10.021926, 53.553183], [10.021694, 53.553153], [10.021171, 53.553083], [10.02117, 53.553083], [10.021147, 53.55308], [10.020808, 53.553035], [10.020154, 53.55295], [10.019396, 53.552852], [10.019395, 53.552852], [10.019287, 53.552838], [10.018566, 53.552779], [10.018566, 53.55278], [10.018118, 53.552743], [10.018117, 53.552743], [10.018045, 53.552738], [10.017433, 53.552722], [10.017025, 53.552751], [10.016746, 53.552768], [10.016717, 53.552769], [10.016466, 53.552781], [10.016049, 53.552773], [10.015366, 53.552745], [10.014647, 53.552706], [10.014359, 53.552702], [10.014096, 53.552701], [10.014095, 53.552701], [10.014002, 53.552701], [10.013766, 53.552707], [10.013489, 53.552728], [10.013219, 53.552757], [10.012925, 53.552803], [10.012634, 53.552861], [10.01256, 53.552877], [10.012295, 53.552943], [10.012051, 53.553014], [10.011899, 53.55306], [10.011719, 53.553115], [10.011518, 53.55319], [10.011248, 53.553307], [10.010931, 53.553459], [10.010316, 53.553738], [10.010036, 53.553851], [10.00968, 53.553966], [10.009302, 53.554063], [10.009196, 53.554083], [10.008829, 53.554155], [10.008437, 53.554209], [10.008188, 53.554235], [10.007934, 53.554244], [10.007747, 53.554244], [10.007479, 53.554236], [10.007118, 53.554212], [10.007117, 53.554212], [10.006917, 53.5542], [10.006179, 53.55415], [10.006121, 53.554146], [10.006008, 53.554166], [10.005952, 53.554134], [10.005192, 53.554084], [10.005191, 53.554084], [10.004946, 53.554068], [10.004786, 53.55405], [10.004544, 53.554019], [10.00417, 53.553952], [10.003634, 53.553853], [10.003283, 53.553781], [10.002891, 53.553672], [10.0025, 53.553537], [10.002218, 53.553433], [10.002217, 53.553433], [10.001682, 53.553237], [10.00114, 53.553065], [10.000915, 53.553004], [10.000635, 53.55294], [10.000348, 53.552885], [10.000021, 53.552836], [9.9996, 53.552787], [9.999362, 53.55277], [9.999012, 53.552758], [9.998673, 53.552758], [9.998436, 53.552766], [9.998233, 53.552777], [9.998156, 53.552782], [9.997842, 53.552807], [9.997548, 53.552844], [9.997289, 53.55288], [9.996723, 53.552965], [9.99619, 53.553042], [9.995565, 53.553127], [9.995144, 53.553196], [9.995114, 53.553201], [9.995102, 53.553203], [9.995089, 53.553205], [9.994727, 53.553264], [9.994456, 53.553356], [9.994436, 53.553312], [9.993511, 53.553465], [9.99349, 53.553469], [9.993438, 53.553477], [9.992689, 53.553658], [9.992367, 53.553732], [9.99208, 53.553807], [9.991737, 53.553908], [9.991541, 53.553978], [9.991352, 53.55406], [9.991218, 53.554117], [9.99097, 53.55423], [9.990809, 53.55431], [9.990499, 53.554496], [9.990163, 53.554708], [9.989892, 53.554888], [9.989578, 53.555066], [9.989297, 53.555203], [9.988989, 53.555323], [9.988723, 53.555413], [9.988666, 53.555429], [9.988433, 53.555494], [9.988172, 53.555556], [9.98789, 53.555609], [9.987652, 53.555646], [9.98744, 53.555668], [9.987252, 53.555672], [9.986731, 53.555692], [9.986483, 53.555697], [9.986483, 53.555686], [9.986045, 53.555707], [9.984425, 53.55571], [9.983846, 53.555682], [9.983207, 53.555654], [9.982932, 53.555643], [9.982755, 53.555634], [9.982023, 53.55559], [9.981703, 53.555579], [9.981472, 53.555576], [9.981157, 53.555583], [9.980963, 53.555594], [9.980685, 53.55562], [9.980373, 53.55566], [9.980146, 53.555702], [9.979905, 53.555753], [9.979564, 53.555835], [9.979198, 53.555952], [9.978982, 53.556032], [9.978804, 53.556112], [9.978525, 53.556241], [9.978351, 53.556335], [9.978189, 53.556435], [9.97802, 53.55654], [9.977868, 53.556657], [9.977745, 53.556761], [9.977614, 53.556881], [9.97752, 53.556986], [9.977418, 53.557109], [9.977331, 53.557217], [9.97683, 53.558085], [9.976759, 53.558206], [9.976732, 53.558201], [9.97658, 53.55852], [9.976368, 53.55889], [9.976322, 53.558972], [9.976117, 53.559332], [9.975739, 53.560001], [9.97563, 53.560299], [9.975573, 53.560496], [9.975539, 53.56069], [9.975486, 53.561013], [9.975403, 53.561617], [9.975309, 53.562365], [9.975211, 53.563055], [9.975139, 53.563456], [9.975105, 53.56362], [9.975047, 53.5638], [9.974963, 53.563999], [9.974862, 53.564202], [9.974739, 53.56444], [9.974579, 53.564696], [9.974415, 53.56491], [9.974309, 53.565051], [9.974071, 53.565323], [9.973854, 53.565541], [9.973574, 53.565793], [9.973418, 53.565916], [9.973155, 53.566122], [9.972798, 53.566364], [9.97245, 53.566574], [9.972127, 53.56675], [9.971835, 53.566899], [9.971408, 53.567093], [9.971213, 53.567179], [9.970849, 53.567338], [9.970806, 53.567357], [9.969787, 53.5678], [9.969769, 53.567785], [9.969719, 53.56783], [9.969343, 53.567994], [9.969312, 53.568007], [9.967989, 53.568592], [9.967376, 53.568857], [9.967023, 53.569008], [9.966855, 53.569075], [9.966668, 53.569141], [9.96631, 53.569249], [9.965998, 53.569326], [9.965904, 53.569344], [9.965814, 53.569362], [9.965615, 53.569398], [9.965429, 53.569425], [9.96525, 53.569446], [9.965169, 53.569452], [9.965065, 53.569462], [9.963947, 53.569538], [9.963623, 53.569557], [9.96325, 53.569579], [9.962971, 53.569597], [9.962829, 53.569603], [9.962682, 53.569607], [9.962529, 53.56961], [9.962383, 53.569586], [9.962382, 53.569607], [9.96234, 53.569607], [9.96219, 53.569601], [9.962045, 53.569591], [9.961875, 53.569574], [9.96165, 53.569547], [9.961397, 53.569517], [9.961119, 53.569481], [9.960951, 53.569463], [9.960795, 53.569449], [9.960607, 53.569436], [9.960496, 53.569431], [9.960394, 53.569426], [9.960287, 53.569424], [9.960212, 53.569424], [9.960152, 53.569426], [9.960067, 53.569429], [9.959883, 53.569442], [9.95974, 53.569459], [9.959559, 53.569492], [9.959408, 53.569525], [9.959275, 53.569564], [9.95912, 53.569609], [9.95893, 53.569675], [9.95875, 53.569741], [9.958607, 53.569794], [9.958342, 53.569893], [9.958157, 53.569951], [9.957879, 53.570022], [9.957553, 53.570094], [9.955902, 53.570475], [9.954912, 53.570712], [9.954814, 53.570741], [9.95474, 53.570763], [9.954622, 53.570802], [9.954511, 53.570846], [9.954367, 53.570912], [9.954199, 53.570994], [9.953887, 53.571158], [9.953737, 53.571242], [9.953652, 53.571287], [9.953572, 53.571327], [9.953487, 53.571367], [9.953392, 53.571409], [9.952672, 53.571676], [9.952663, 53.571667], [9.952648, 53.571685], [9.95168, 53.572041], [9.95152, 53.572097], [9.951386, 53.572146], [9.951203, 53.572222], [9.951086, 53.572279], [9.950026, 53.5728], [9.949898, 53.572878], [9.949811, 53.572941], [9.949684, 53.573055], [9.9496, 53.573157], [9.949525, 53.573259], [9.949492, 53.573335], [9.94947, 53.573411], [9.949452, 53.573519], [9.949457, 53.573627], [9.949467, 53.573694], [9.949499, 53.573797], [9.949535, 53.57387], [9.94958, 53.573937], [9.949651, 53.574026], [9.949726, 53.574103], [9.949895, 53.574236], [9.950568, 53.57462], [9.95079, 53.574755], [9.951, 53.574908], [9.951122, 53.575021], [9.951222, 53.57513], [9.951313, 53.575265], [9.951352, 53.575329], [9.951394, 53.575411], [9.951553, 53.57578], [9.951662, 53.576081], [9.951691, 53.576078], [9.951691, 53.57616], [9.951806, 53.576467], [9.951915, 53.576838], [9.951925, 53.576961], [9.951917, 53.577035], [9.951907, 53.577121], [9.95189, 53.577192], [9.951849, 53.577289], [9.951822, 53.577357], [9.951776, 53.577428], [9.95153, 53.577762], [9.951466, 53.577856], [9.951383, 53.577957], [9.951313, 53.578034], [9.951222, 53.578132], [9.951105, 53.578222], [9.950946, 53.578334], [9.950579, 53.578562], [9.949964, 53.578951], [9.949719, 53.579106], [9.949512, 53.579241], [9.94893, 53.579618], [9.948143, 53.580092], [9.948009, 53.580179], [9.947902, 53.580266], [9.947824, 53.580341], [9.947772, 53.580398], [9.9477, 53.580478], [9.947618, 53.580599], [9.947571, 53.580689], [9.947541, 53.580755], [9.947513, 53.58084], [9.947488, 53.580969], [9.947473, 53.581088], [9.947471, 53.581195], [9.947491, 53.581323], [9.947512, 53.581422], [9.947706, 53.581981], [9.947703, 53.582058], [9.947731, 53.582054], [9.947902, 53.582544], [9.947932, 53.582626], [9.948101, 53.583155], [9.948121, 53.583218], [9.948133, 53.583277], [9.948155, 53.583414], [9.948166, 53.583565], [9.948162, 53.583731], [9.948144, 53.58392], [9.948079, 53.584273], [9.947879, 53.585141], [9.947726, 53.585899], [9.947646, 53.586253], [9.947617, 53.586358], [9.947575, 53.586473], [9.947447, 53.586807], [9.947442, 53.586817], [9.947315, 53.587091], [9.947223, 53.587263], [9.947132, 53.587411], [9.947036, 53.587558], [9.946371, 53.58855], [9.94565, 53.589627], [9.945094, 53.590453]], [[9.950288, 53.640392], [9.95014, 53.640645], [9.950152, 53.640712]], [[9.950228, 53.640729], [9.95025, 53.640733], [9.950283, 53.640672], [9.950443, 53.640235]], [[9.950288, 53.640392], [9.950403, 53.640151], [9.950514, 53.63992]], [[9.950443, 53.640235], [9.950288, 53.640392]], [[9.950443, 53.640235], [9.950502, 53.640108]], [[9.950502, 53.640108], [9.950514, 53.63992]], [[10.103837, 53.543579], [10.104846, 53.543178], [10.10562, 53.542887], [10.106139, 53.542691], [10.106266, 53.542642], [10.106864, 53.542434], [10.107146, 53.542336], [10.107172, 53.542364], [10.107794, 53.542113], [10.1081, 53.542027], [10.108886, 53.541829], [10.109729, 53.541605]], [[10.103837, 53.543579], [10.104038, 53.543522], [10.104514, 53.54337], [10.105081, 53.543204], [10.105342, 53.54312], [10.105739, 53.542994]], [[10.106265, 53.542824], [10.105989, 53.542934], [10.105843, 53.543], [10.105458, 53.543194], [10.105111, 53.543396], [10.104563, 53.543753], [10.104273, 53.543933]], [[10.110068, 53.541666], [10.109542, 53.541817], [10.109368, 53.541869], [10.109244, 53.541914], [10.108672, 53.542102], [10.108297, 53.542233], [10.108012, 53.542334], [10.107378, 53.542557], [10.107373, 53.542551], [10.107183, 53.542626], [10.106353, 53.542919], [10.10616, 53.542987], [10.105795, 53.543143], [10.105552, 53.543253], [10.104273, 53.543933]], [[10.105739, 53.542994], [10.106232, 53.542786], [10.106353, 53.542739], [10.106964, 53.542528], [10.107204, 53.542436], [10.10721, 53.542442], [10.107888, 53.542207], [10.108212, 53.542098], [10.108745, 53.541931], [10.109005, 53.541853], [10.109322, 53.541744]], [[10.105739, 53.542994], [10.106265, 53.542824]], [[10.106265, 53.542824], [10.107005, 53.542562], [10.10728, 53.542464], [10.107312, 53.542498], [10.107919, 53.542239], [10.108238, 53.542132], [10.108887, 53.541927]], [[10.108887, 53.541927], [10.109322, 53.541744]], [[10.110068, 53.541666], [10.109497, 53.541796], [10.109388, 53.541823], [10.109287, 53.541848], [10.108887, 53.541927]], [[10.109322, 53.541744], [10.109729, 53.541605]], [[10.109729, 53.541605], [10.112185, 53.540918], [10.112604, 53.540804], [10.112917, 53.54071], [10.113083, 53.540653], [10.113302, 53.540578], [10.113562, 53.540478], [10.114136, 53.54024], [10.115068, 53.539863], [10.116009, 53.539474], [10.116284, 53.539361], [10.116407, 53.539308], [10.117054, 53.539032], [10.117944, 53.53868], [10.118147, 53.538614], [10.118429, 53.538528], [10.118632, 53.538472], [10.118872, 53.538419], [10.119177, 53.538365], [10.119513, 53.538316], [10.119824, 53.538287], [10.120106, 53.538271], [10.120385, 53.538268], [10.120687, 53.538273], [10.121018, 53.538289], [10.122056, 53.538369], [10.12275, 53.538429], [10.123064, 53.538457], [10.12339, 53.538483], [10.124678, 53.538615], [10.124685, 53.538578], [10.12509, 53.538609], [10.125613, 53.538646], [10.126167, 53.53868], [10.126807, 53.538797], [10.12718, 53.538834], [10.128163, 53.538912], [10.128909, 53.538974], [10.129949, 53.539062], [10.130424, 53.539106], [10.130773, 53.539144], [10.13121, 53.539213], [10.131552, 53.539275], [10.13196, 53.539366], [10.132348, 53.539465], [10.133177, 53.539706], [10.134494, 53.540088], [10.13493, 53.540213], [10.135419, 53.540357], [10.136179, 53.540578], [10.136668, 53.540717], [10.137029, 53.540797], [10.137237, 53.540836], [10.137578, 53.540884], [10.138091, 53.540933], [10.138151, 53.540938], [10.139203, 53.54102], [10.139207, 53.541003], [10.139214, 53.541021], [10.139998, 53.541081], [10.140609, 53.541133], [10.140891, 53.541156], [10.141198, 53.541174], [10.141654, 53.541185], [10.141944, 53.541182], [10.142182, 53.541175], [10.142421, 53.541168], [10.142763, 53.541135], [10.142986, 53.541109], [10.143165, 53.54108], [10.14337, 53.541041], [10.143594, 53.540994], [10.143806, 53.540945], [10.143987, 53.540895], [10.144221, 53.54082], [10.14433, 53.540785], [10.144581, 53.540691], [10.144749, 53.540621], [10.144963, 53.540525], [10.14509, 53.540453], [10.145184, 53.540393], [10.145279, 53.540334], [10.145375, 53.540268], [10.145472, 53.540198], [10.145564, 53.540134], [10.145708, 53.540012], [10.145874, 53.539866], [10.146291, 53.539423], [10.147117, 53.538494], [10.147572, 53.537982], [10.147966, 53.537533], [10.148401, 53.537052], [10.148837, 53.536531], [10.149101, 53.536158], [10.149285, 53.535872], [10.149555, 53.53539], [10.149775, 53.534898], [10.149909, 53.534586], [10.150003, 53.534322]], [[10.150003, 53.534322], [10.149957, 53.534601], [10.14981, 53.534955], [10.149598, 53.535401], [10.149385, 53.535806], [10.149145, 53.536168], [10.148885, 53.536542], [10.14844, 53.537076], [10.147983, 53.537587], [10.147518, 53.53812], [10.147117, 53.538575], [10.146542, 53.539229], [10.146276, 53.53953], [10.145926, 53.539897], [10.145775, 53.540028], [10.145571, 53.540192], [10.145478, 53.54026], [10.145313, 53.540374], [10.14507, 53.540522], [10.144922, 53.540595], [10.144758, 53.540664], [10.144502, 53.540764], [10.1443, 53.540837], [10.144125, 53.540893], [10.143958, 53.540943], [10.143799, 53.540988], [10.143387, 53.541078], [10.143145, 53.541118], [10.14288, 53.54116], [10.142643, 53.541185], [10.142413, 53.541205], [10.142149, 53.541216], [10.141827, 53.541225], [10.141518, 53.54122], [10.14119, 53.54121], [10.140897, 53.541193], [10.140573, 53.541167], [10.140016, 53.54112], [10.139195, 53.541056], [10.139155, 53.541052], [10.139149, 53.541084], [10.138468, 53.540999], [10.138214, 53.540979], [10.138143, 53.540973], [10.137539, 53.540916], [10.137222, 53.540875], [10.136969, 53.54083], [10.136644, 53.540758], [10.136118, 53.540608], [10.135308, 53.540371], [10.134851, 53.540236], [10.134506, 53.540143], [10.134302, 53.540085], [10.134175, 53.540049], [10.133888, 53.539965], [10.133513, 53.539852], [10.133178, 53.539754], [10.132738, 53.539625], [10.132393, 53.539526], [10.131912, 53.539398], [10.13165, 53.539337], [10.131382, 53.539284], [10.131009, 53.539214], [10.130702, 53.539174], [10.130306, 53.539126], [10.129867, 53.53909], [10.129304, 53.539041], [10.128261, 53.538958], [10.125934, 53.538761], [10.125074, 53.538697], [10.124679, 53.53866], [10.124677, 53.538665], [10.123374, 53.538564], [10.122929, 53.538507], [10.122376, 53.538441], [10.121758, 53.538384], [10.120984, 53.538328], [10.120787, 53.538318], [10.120406, 53.538306], [10.120035, 53.538311], [10.11992, 53.538316], [10.119727, 53.538334], [10.119472, 53.538365], [10.118988, 53.538438], [10.11871, 53.5385], [10.118466, 53.538562], [10.118192, 53.538644], [10.117996, 53.538711], [10.117775, 53.538793], [10.117078, 53.539072], [10.116438, 53.539333], [10.116311, 53.539389], [10.116045, 53.5395], [10.115101, 53.539889], [10.114173, 53.540272], [10.113595, 53.54051], [10.11309, 53.540719], [10.112845, 53.540811], [10.112553, 53.540919], [10.112265, 53.541012], [10.110272, 53.54161], [10.110068, 53.541666]], [[10.150003, 53.534322], [10.150045, 53.53403], [10.150112, 53.53363], [10.150139, 53.533229], [10.150159, 53.532914], [10.150144, 53.532498], [10.150105, 53.531647], [10.150074, 53.530823], [10.15001, 53.529378], [10.149988, 53.529086], [10.149969, 53.528945], [10.149944, 53.528753], [10.150053, 53.528723], [10.150128, 53.528722], [10.150129, 53.52875], [10.150097, 53.529378], [10.15013, 53.530104], [10.15015, 53.530822], [10.150167, 53.531655], [10.150205, 53.532502], [10.150216, 53.53292], [10.150204, 53.533222], [10.150169, 53.533637], [10.150112, 53.534035], [10.150003, 53.534322]]]}, "properties": {"linie": "U2", "farbe": "#E2001A"}}, {"type": "Feature", "geometry": {"type": "MultiLineString", "coordinates": [[[10.028882, 53.589532], [10.028674, 53.589555], [10.02824, 53.589603], [10.02786, 53.589653], [10.0275, 53.589715], [10.02675, 53.589862], [10.026386, 53.589924], [10.026019, 53.589978], [10.025648, 53.590022], [10.025473, 53.590037], [10.025274, 53.590053], [10.024897, 53.590074], [10.023751, 53.590102], [10.023374, 53.590116], [10.022998, 53.590141], [10.022385, 53.590201], [10.022162, 53.590225], [10.021766, 53.590268], [10.021708, 53.590275], [10.020303, 53.590425], [10.019892, 53.59047], [10.019771, 53.590483], [10.017343, 53.590747], [10.017004, 53.590776], [10.016688, 53.590792], [10.015922, 53.590811], [10.015898, 53.590811], [10.01519, 53.590816], [10.014956, 53.590818], [10.014863, 53.590806], [10.014862, 53.590815], [10.014567, 53.590809], [10.014467, 53.590806], [10.014122, 53.590794], [10.013497, 53.590763], [10.011364, 53.590692], [10.009435, 53.590634], [10.006333, 53.590541], [10.006109, 53.590534], [10.005764, 53.590523], [10.002858, 53.590448], [10.002277, 53.590434], [10.002186, 53.590433], [10.001561, 53.590445], [10.001066, 53.590419], [10.001065, 53.590435], [10.001033, 53.590435], [10.000808, 53.590427], [10.000786, 53.590427], [10.00065, 53.590422], [10.000599, 53.590418], [10.000057, 53.590378], [9.999029, 53.590341], [9.998643, 53.590331], [9.997931, 53.590305], [9.996879, 53.590278], [9.995924, 53.590253], [9.995475, 53.590243], [9.994553, 53.590218], [9.994078, 53.590204], [9.993888, 53.590194], [9.993686, 53.590181], [9.993516, 53.590159], [9.993328, 53.590134], [9.993196, 53.59011], [9.99302, 53.590051], [9.992859, 53.589996], [9.99271, 53.589933], [9.991943, 53.589528], [9.991386, 53.58923], [9.99099, 53.589018], [9.990836, 53.588914], [9.990816, 53.588927], [9.990636, 53.588833], [9.990427, 53.588723], [9.990203, 53.588598], [9.990036, 53.588494], [9.989944, 53.588424], [9.989848, 53.588345], [9.989742, 53.588253], [9.989679, 53.58818], [9.989453, 53.587936], [9.989271, 53.58775], [9.988476, 53.587042], [9.988302, 53.586887], [9.988142, 53.58672], [9.987943, 53.586488], [9.987815, 53.586349], [9.987649, 53.586185], [9.986993, 53.585527], [9.986766, 53.585298], [9.986081, 53.58463], [9.985865, 53.584431], [9.985533, 53.584122], [9.985235, 53.583794], [9.985198, 53.583808], [9.985173, 53.583784], [9.985113, 53.583725], [9.985084, 53.5837], [9.984853, 53.58346], [9.984683, 53.583282], [9.984561, 53.583169], [9.984454, 53.583073], [9.984292, 53.582942], [9.984211, 53.582885], [9.983928, 53.582696], [9.983287, 53.582297], [9.982199, 53.581646], [9.981957, 53.581491], [9.981185, 53.58099], [9.98006, 53.58025], [9.979463, 53.579859], [9.979143, 53.57964], [9.978564, 53.579244], [9.978141, 53.578956], [9.977155, 53.57826], [9.976839, 53.578037], [9.976589, 53.57788], [9.976285, 53.577687], [9.976275, 53.577668], [9.976264, 53.577673], [9.976256, 53.577668], [9.976044, 53.577521], [9.975804, 53.577355], [9.975418, 53.577039], [9.975339, 53.576978], [9.975123, 53.576807], [9.973035, 53.575313], [9.972482, 53.574919], [9.972231, 53.574741], [9.972147, 53.574676], [9.971503, 53.574215], [9.970371, 53.573404], [9.970084, 53.573179], [9.969982, 53.573099], [9.969941, 53.573058], [9.969769, 53.572892], [9.969616, 53.572711], [9.969467, 53.572521], [9.969354, 53.572315], [9.969249, 53.572099], [9.969155, 53.571811], [9.969096, 53.57151], [9.969093, 53.571196], [9.969091, 53.571162], [9.969103, 53.570829], [9.969119, 53.570582], [9.969159, 53.570294], [9.9692, 53.57011], [9.969331, 53.569811], [9.969439, 53.569606]], [[9.969439, 53.569606], [9.969638, 53.569236], [9.969729, 53.569019], [9.96977, 53.568865], [9.969797, 53.568679], [9.969812, 53.568365], [9.96982, 53.568179], [9.969826, 53.568014], [9.969879, 53.568015], [9.969833, 53.567851], [9.969868, 53.567323], [9.969877, 53.566739], [9.969814, 53.56653], [9.969728, 53.566257], [9.969428, 53.565606], [9.96918, 53.565015], [9.969125, 53.56488], [9.96911, 53.56484], [9.969102, 53.564809], [9.969094, 53.564774], [9.969091, 53.564739], [9.969091, 53.564648], [9.969106, 53.564526], [9.969145, 53.564343], [9.969187, 53.564347], [9.969171, 53.564227], [9.969191, 53.564143], [9.969213, 53.564047], [9.969225, 53.564002], [9.969251, 53.563922], [9.969276, 53.563873], [9.969303, 53.563838], [9.969527, 53.563616], [9.969735, 53.563396], [9.969772, 53.56335], [9.969824, 53.56328], [9.969883, 53.563191], [9.969933, 53.5631], [9.969964, 53.563032], [9.969988, 53.56297], [9.970024, 53.562851], [9.970058, 53.562587], [9.970056, 53.562445], [9.970041, 53.562298], [9.970015, 53.562153], [9.969977, 53.562008], [9.96982, 53.561591], [9.969733, 53.561251], [9.969488, 53.560214], [9.96907, 53.559128], [9.968765, 53.558336], [9.968565, 53.557788], [9.968549, 53.557727], [9.968539, 53.557657], [9.968537, 53.557585], [9.96854, 53.557534], [9.968559, 53.55713], [9.968571, 53.556998], [9.968581, 53.55693], [9.968624, 53.556933], [9.968586, 53.556903], [9.968627, 53.556719], [9.968658, 53.556605], [9.968744, 53.556372], [9.968783, 53.556254], [9.968809, 53.556147], [9.969848, 53.551582], [9.969913, 53.551293], [9.969984, 53.55092], [9.970058, 53.550507], [9.970097, 53.55051], [9.970067, 53.550458], [9.970091, 53.550316], [9.970103, 53.550203], [9.970135, 53.549792], [9.970185, 53.54888], [9.970257, 53.547686], [9.97021, 53.547058], [9.970211, 53.5469], [9.970241, 53.546752], [9.970261, 53.546678], [9.97029, 53.546596], [9.970315, 53.546537], [9.970341, 53.546486], [9.970361, 53.54645], [9.970393, 53.546401], [9.970447, 53.546342], [9.970543, 53.54625], [9.970655, 53.546149], [9.970763, 53.546082], [9.970886, 53.546019], [9.971005, 53.545964], [9.971144, 53.54591], [9.971272, 53.545861], [9.971275, 53.545864], [9.971319, 53.545849], [9.971438, 53.545815], [9.971622, 53.545768], [9.971891, 53.545702], [9.972014, 53.545671], [9.972435, 53.545572], [9.973032, 53.545393], [9.974437, 53.544934], [9.97574, 53.544514], [9.97666, 53.544225], [9.97669, 53.544216], [9.976731, 53.544205], [9.976798, 53.544189], [9.976872, 53.544175], [9.976974, 53.54416], [9.977077, 53.54415], [9.97718, 53.544144], [9.977428, 53.544141], [9.977991, 53.544154], [9.978552, 53.54418], [9.97995, 53.544249], [9.980135, 53.544255], [9.980379, 53.544249], [9.980633, 53.544228], [9.98094, 53.5442], [9.981173, 53.544189], [9.981237, 53.544179], [9.981237, 53.544187], [9.9813, 53.544187], [9.98141, 53.544187], [9.981633, 53.544196], [9.981661, 53.544198], [9.98204, 53.54423], [9.982222, 53.544251], [9.982418, 53.544289], [9.982552, 53.544323], [9.982759, 53.544386], [9.983009, 53.544486], [9.98308, 53.544513], [9.983538, 53.5447], [9.983615, 53.544731], [9.983802, 53.544815], [9.983974, 53.544908], [9.984091, 53.544986], [9.984212, 53.545085], [9.984297, 53.54516], [9.984375, 53.54524], [9.984721, 53.545691], [9.984821, 53.545818], [9.985296, 53.546428], [9.985535, 53.546707], [9.98581, 53.546998], [9.986176, 53.547347], [9.986521, 53.547677], [9.986641, 53.547819], [9.986754, 53.547982], [9.986861, 53.548151], [9.986936, 53.548271], [9.987002, 53.548376], [9.987037, 53.548368], [9.987045, 53.548444], [9.987077, 53.548494], [9.987108, 53.548537], [9.987142, 53.548575], [9.987174, 53.548607], [9.987211, 53.54864], [9.987244, 53.548666], [9.987281, 53.548693], [9.987327, 53.548722], [9.987378, 53.548751], [9.987419, 53.54877], [9.987465, 53.548789], [9.987518, 53.548809], [9.987567, 53.548825], [9.987616, 53.548839], [9.987672, 53.548854], [9.987728, 53.548866], [9.987781, 53.548875], [9.987832, 53.548883], [9.987885, 53.548889], [9.987939, 53.548893], [9.987999, 53.548896], [9.98806, 53.548898], [9.98814, 53.548897], [9.988208, 53.548896], [9.988278, 53.548892], [9.988597, 53.548874], [9.988743, 53.54887], [9.98883, 53.548869], [9.988908, 53.54887], [9.98901, 53.548874], [9.989103, 53.548881], [9.989187, 53.54889], [9.989262, 53.548899], [9.989336, 53.548911], [9.989414, 53.548925], [9.989489, 53.548941], [9.989555, 53.548956], [9.989621, 53.548974], [9.989671, 53.548988], [9.989741, 53.549009], [9.9898, 53.549029], [9.989872, 53.549056], [9.989927, 53.549079], [9.989992, 53.549109], [9.990052, 53.549139], [9.9902, 53.549214], [9.990482, 53.549362], [9.99056, 53.549398], [9.990646, 53.54943], [9.990788, 53.549462], [9.990888, 53.549477], [9.991028, 53.549488], [9.991164, 53.549494], [9.991411, 53.549499], [9.991518, 53.5495], [9.99167, 53.549505], [9.991786, 53.549512], [9.991884, 53.549523], [9.991969, 53.549535], [9.992088, 53.549554], [9.99219, 53.549574], [9.99229, 53.549597], [9.992335, 53.54961], [9.992376, 53.549626], [9.992459, 53.549663], [9.992629, 53.549747], [9.992905, 53.549891], [9.993117, 53.549995], [9.993633, 53.550234], [9.993734, 53.550272], [9.993905, 53.550324], [9.994058, 53.550365], [9.994181, 53.55039], [9.994628, 53.550464], [9.994729, 53.550477], [9.994734, 53.550464], [9.994961, 53.550508], [9.995716, 53.550609], [9.996162, 53.550631], [9.997684, 53.55068], [9.998558, 53.550738], [9.999352, 53.550835], [9.999542, 53.550861], [9.999966, 53.550924], [10.000729, 53.551061], [10.001502, 53.551201], [10.001913, 53.551262], [10.002234, 53.551308], [10.002239, 53.551296], [10.002888, 53.551402], [10.003159, 53.551438], [10.004741, 53.551644], [10.005567, 53.551747], [10.006047, 53.551807], [10.006339, 53.551839], [10.008691, 53.552102], [10.008791, 53.552111], [10.00889, 53.552113], [10.008998, 53.552109], [10.009077, 53.552108], [10.00918, 53.552109], [10.00923, 53.552145], [10.009231, 53.552109], [10.009318, 53.552111], [10.009444, 53.552115], [10.009588, 53.552123], [10.009719, 53.552136], [10.009861, 53.552151], [10.009997, 53.552165], [10.010104, 53.552176], [10.010197, 53.552194], [10.010293, 53.552218], [10.010424, 53.552245], [10.010628, 53.552269], [10.011288, 53.552312], [10.012872, 53.552419], [10.01393, 53.552496], [10.014618, 53.552565], [10.015104, 53.55259], [10.015654, 53.552604], [10.016739, 53.552602], [10.017119, 53.552599], [10.017538, 53.552608], [10.017955, 53.552629], [10.018304, 53.552647], [10.018631, 53.552679], [10.019703, 53.552827], [10.020027, 53.552825], [10.020419, 53.552849], [10.02108, 53.552937], [10.021766, 53.553014], [10.021954, 53.553036], [10.02239, 53.5531], [10.022688, 53.55315], [10.023077, 53.55322], [10.023214, 53.553257], [10.023215, 53.553254], [10.023406, 53.553301], [10.023754, 53.553395], [10.023903, 53.553445], [10.024041, 53.553498], [10.024317, 53.553614], [10.024675, 53.553785], [10.024846, 53.553883], [10.024921, 53.553948], [10.025089, 53.554088], [10.025168, 53.554164], [10.025253, 53.554259], [10.025331, 53.554354], [10.025371, 53.554413], [10.025406, 53.554473], [10.025472, 53.554591], [10.025549, 53.554775], [10.025657, 53.555134], [10.025738, 53.555357], [10.025833, 53.555556], [10.025948, 53.55576], [10.02607, 53.555938], [10.026215, 53.556124], [10.026401, 53.556323], [10.026566, 53.556469], [10.026767, 53.556648], [10.02709, 53.556881], [10.027379, 53.557089], [10.027559, 53.557222], [10.027762, 53.557387], [10.027952, 53.557552], [10.027975, 53.557574], [10.028187, 53.557793], [10.028323, 53.557958], [10.02842, 53.558086], [10.028524, 53.558243], [10.028629, 53.558427], [10.028703, 53.558599], [10.028746, 53.558691], [10.02883, 53.558939], [10.028883, 53.559158], [10.028887, 53.559197], [10.02891, 53.559392], [10.028917, 53.55956], [10.028965, 53.55956], [10.028923, 53.55967], [10.028874, 53.559985], [10.028824, 53.560251], [10.028797, 53.560364], [10.028729, 53.56058], [10.028557, 53.561083], [10.028327, 53.561714], [10.028087, 53.562376], [10.028017, 53.562566], [10.028003, 53.562605], [10.027993, 53.562633], [10.027947, 53.562759], [10.02786, 53.562963], [10.027755, 53.563156], [10.02761, 53.563389], [10.027489, 53.563583], [10.027214, 53.564005], [10.027079, 53.564225], [10.02699, 53.564358], [10.026942, 53.564502], [10.026903, 53.564492], [10.026776, 53.564693], [10.026671, 53.564858], [10.026586, 53.564991], [10.025821, 53.566239], [10.025494, 53.566778], [10.025427, 53.566937], [10.025374, 53.567106], [10.025358, 53.567218], [10.025354, 53.567327], [10.025358, 53.567436], [10.025359, 53.56746], [10.025382, 53.567594], [10.025425, 53.567735], [10.025505, 53.567908], [10.025609, 53.568081], [10.025755, 53.568246], [10.025871, 53.56836], [10.025997, 53.568467], [10.026139, 53.568571], [10.026225, 53.568627], [10.026301, 53.568673], [10.026469, 53.568769], [10.027005, 53.569076], [10.027028, 53.56909], [10.027103, 53.569133], [10.02713, 53.569149], [10.027491, 53.569358], [10.02758, 53.569408], [10.027599, 53.569396], [10.027713, 53.569483], [10.027763, 53.569512], [10.02816, 53.569717], [10.028586, 53.569902], [10.029339, 53.570211], [10.0296, 53.570319], [10.029809, 53.570408], [10.03056, 53.570716], [10.030761, 53.570799], [10.03078, 53.570807], [10.031278, 53.571013], [10.032029, 53.571323], [10.032051, 53.571332], [10.034241, 53.572244], [10.034868, 53.572499], [10.035081, 53.57259], [10.035728, 53.572872], [10.035965, 53.572989], [10.036149, 53.573097], [10.036351, 53.573233], [10.036526, 53.573379], [10.036676, 53.573516], [10.036697, 53.573541], [10.036774, 53.573644], [10.036873, 53.573781], [10.036978, 53.573941], [10.037154, 53.574204], [10.037234, 53.574327], [10.037313, 53.57445], [10.037336, 53.574445], [10.037332, 53.574479], [10.037492, 53.574721], [10.03752, 53.574762], [10.037567, 53.574822], [10.037622, 53.574881], [10.037642, 53.574903], [10.03776, 53.575027], [10.037945, 53.575153], [10.038144, 53.575266], [10.038576, 53.575491], [10.038744, 53.575577], [10.038768, 53.57559], [10.039061, 53.575743], [10.039142, 53.575791], [10.039156, 53.575799], [10.039215, 53.575834], [10.039299, 53.575898], [10.039336, 53.575924], [10.039363, 53.575944], [10.039388, 53.575964], [10.039454, 53.576029], [10.039503, 53.576075], [10.039557, 53.576145], [10.039603, 53.576205], [10.039626, 53.576247], [10.03967, 53.576325], [10.039685, 53.576353], [10.039758, 53.576511], [10.039774, 53.576545], [10.039961, 53.576956], [10.040051, 53.577157], [10.040508, 53.578158], [10.040549, 53.578246], [10.040642, 53.578453], [10.04084, 53.578935], [10.040957, 53.579229], [10.040993, 53.579224], [10.041048, 53.579454], [10.04107, 53.579507], [10.041083, 53.57953], [10.041151, 53.579658], [10.041204, 53.579744], [10.041244, 53.579802], [10.041297, 53.579862], [10.041371, 53.579937], [10.041454, 53.580015], [10.041635, 53.580167], [10.042219, 53.580653], [10.04314, 53.581425], [10.044, 53.582138], [10.044435, 53.582503], [10.044712, 53.582734], [10.045601, 53.583472], [10.045906, 53.583756], [10.046321, 53.584192], [10.046815, 53.584707], [10.04719, 53.585167], [10.047233, 53.585235], [10.047307, 53.585364], [10.047363, 53.585487], [10.047434, 53.58568], [10.047507, 53.585862], [10.047533, 53.58593], [10.047554, 53.585996], [10.047571, 53.58609], [10.04757, 53.586146], [10.047559, 53.586204], [10.047544, 53.586243], [10.047519, 53.586302], [10.04749, 53.586359], [10.047452, 53.586418], [10.047418, 53.58647], [10.047376, 53.586515], [10.047305, 53.586578], [10.047236, 53.586632], [10.047178, 53.586668], [10.047089, 53.58672], [10.047011, 53.586757], [10.046904, 53.586799], [10.0468, 53.586833], [10.046614, 53.586892]], [[9.969439, 53.569606], [9.969766, 53.56915], [9.969863, 53.568986], [9.969947, 53.568811], [9.969985, 53.568693], [9.970025, 53.568476], [9.97003, 53.568369], [9.970037, 53.568182], [9.97, 53.568014]], [[10.034097, 53.588933], [10.033892, 53.588945], [10.033472, 53.588976], [10.032814, 53.589021], [10.032657, 53.589031], [10.032515, 53.589042], [10.032367, 53.589057], [10.03219, 53.589104], [10.032182, 53.589077], [10.030707, 53.58924], [10.030669, 53.589244], [10.030313, 53.589296], [10.029321, 53.589473], [10.028882, 53.589532]], [[10.034097, 53.588933], [10.033465, 53.589012], [10.032822, 53.589096], [10.032471, 53.589141], [10.032209, 53.589169], [10.032206, 53.589157], [10.031405, 53.589259], [10.030775, 53.589327], [10.030736, 53.589332], [10.028994, 53.58952], [10.028882, 53.589532]], [[10.043244, 53.587225], [10.043584, 53.58717], [10.044247, 53.587059], [10.044279, 53.587053], [10.044297, 53.587093], [10.044595, 53.587002], [10.045621, 53.586836], [10.046174, 53.586744], [10.046446, 53.586696], [10.046589, 53.586667], [10.046683, 53.586645], [10.046736, 53.586629], [10.046804, 53.586606], [10.046859, 53.586584], [10.046923, 53.586553], [10.046998, 53.586508], [10.047085, 53.586455], [10.047143, 53.58641], [10.047202, 53.586353], [10.047257, 53.586284], [10.047306, 53.586221], [10.047354, 53.586145], [10.047388, 53.586037], [10.047402, 53.585971], [10.047404, 53.585909], [10.047392, 53.585819], [10.047368, 53.585697], [10.04732, 53.585537], [10.047255, 53.585371], [10.047215, 53.585287], [10.047167, 53.585217], [10.047144, 53.585186], [10.046776, 53.584719], [10.046283, 53.584205], [10.045863, 53.583769], [10.045561, 53.583487], [10.044677, 53.582751], [10.044399, 53.58252], [10.043961, 53.582151], [10.043203, 53.581526], [10.043103, 53.581443], [10.04218, 53.580672], [10.041598, 53.580186], [10.041415, 53.580037], [10.041326, 53.579955], [10.041244, 53.579869], [10.041196, 53.579813], [10.041158, 53.579759], [10.041108, 53.579676], [10.04107, 53.579608], [10.041037, 53.579537], [10.041025, 53.579511], [10.040916, 53.579247], [10.040888, 53.579252], [10.04079, 53.578941], [10.040595, 53.578458], [10.040513, 53.578258], [10.040473, 53.578169], [10.040243, 53.577672], [10.040007, 53.577164], [10.039997, 53.57714], [10.039917, 53.576963], [10.039732, 53.576552], [10.039716, 53.576518], [10.039643, 53.576361], [10.039557, 53.576215], [10.039457, 53.576087], [10.03938, 53.57601], [10.039323, 53.575958], [10.039179, 53.575852], [10.039033, 53.575765], [10.038739, 53.575609], [10.038548, 53.575511], [10.03811, 53.575287], [10.03791, 53.575169], [10.037723, 53.575039], [10.037579, 53.574894], [10.037518, 53.574818], [10.03745, 53.574729], [10.037294, 53.574486], [10.037277, 53.574461], [10.037253, 53.574467], [10.037192, 53.574332], [10.037117, 53.574216], [10.036948, 53.573963], [10.036832, 53.573788], [10.036732, 53.573651], [10.036651, 53.573557], [10.036638, 53.573544], [10.036497, 53.573402], [10.036373, 53.573299], [10.036315, 53.573251], [10.036119, 53.57312], [10.035936, 53.57301], [10.035699, 53.572894], [10.035056, 53.572612], [10.034843, 53.572521], [10.034216, 53.572265], [10.03202, 53.571354], [10.03125, 53.571036], [10.030752, 53.570831], [10.030731, 53.570822], [10.030532, 53.57074], [10.029784, 53.570429], [10.029574, 53.570342], [10.029313, 53.570234], [10.02859, 53.569935], [10.028135, 53.569739], [10.027734, 53.569534], [10.027686, 53.569506], [10.027555, 53.56943], [10.027529, 53.569448], [10.027463, 53.569377], [10.027099, 53.569168], [10.027071, 53.569152], [10.027005, 53.569115], [10.026973, 53.569096], [10.026439, 53.568789], [10.02627, 53.568695], [10.026191, 53.568647], [10.026103, 53.56859], [10.025959, 53.568482], [10.025898, 53.568431], [10.025834, 53.568377], [10.025713, 53.568262], [10.025572, 53.568095], [10.025463, 53.567918], [10.025384, 53.567741], [10.025337, 53.567596], [10.025315, 53.56746], [10.025308, 53.567328], [10.025314, 53.567215], [10.025328, 53.567105], [10.025385, 53.566934], [10.025452, 53.566773], [10.025812, 53.566166], [10.026539, 53.564992], [10.026838, 53.564488], [10.026858, 53.564492], [10.02695, 53.56435], [10.027034, 53.564221], [10.027093, 53.564124], [10.027168, 53.564002], [10.027418, 53.563609], [10.027449, 53.563569], [10.027566, 53.56338], [10.027664, 53.563222], [10.027717, 53.563138], [10.027898, 53.562756], [10.027955, 53.562598], [10.02804, 53.562366], [10.028274, 53.561708], [10.028423, 53.561288], [10.028498, 53.561076], [10.028676, 53.560568], [10.02875, 53.560352], [10.028768, 53.560253], [10.028817, 53.559988], [10.028862, 53.559671], [10.028857, 53.55957], [10.028814, 53.559571], [10.028849, 53.559393], [10.028823, 53.55916], [10.028771, 53.558944], [10.028687, 53.558698], [10.028645, 53.558591], [10.028582, 53.558451], [10.02846, 53.558238], [10.028369, 53.558094], [10.028279, 53.55797], [10.028163, 53.557829], [10.027935, 53.557591], [10.027723, 53.557402], [10.027518, 53.557236], [10.027337, 53.557105], [10.027054, 53.556905], [10.026733, 53.556668], [10.02651, 53.556485], [10.026361, 53.556341], [10.026173, 53.556139], [10.026038, 53.55598], [10.025903, 53.555782], [10.025765, 53.555552], [10.025486, 53.554972], [10.025463, 53.554948], [10.025343, 53.55479], [10.025152, 53.554567], [10.024882, 53.554285], [10.024732, 53.554152], [10.024541, 53.55404], [10.024277, 53.5539], [10.02408, 53.553817], [10.023838, 53.553723], [10.02364, 53.553646], [10.023543, 53.553622], [10.023364, 53.553578], [10.023023, 53.553483], [10.023013, 53.553497], [10.022963, 53.553486], [10.022484, 53.553403], [10.021888, 53.553303], [10.021587, 53.553241], [10.021288, 53.553191], [10.021287, 53.553191], [10.021225, 53.553181], [10.020905, 53.553124], [10.020655, 53.553085], [10.020263, 53.552997], [10.019737, 53.552923], [10.019285, 53.552863], [10.018962, 53.552805], [10.018655, 53.552753], [10.018327, 53.552723], [10.018023, 53.552695], [10.017683, 53.552672], [10.017344, 53.552643], [10.016752, 53.552639], [10.01566, 53.552633], [10.015114, 53.552618], [10.014629, 53.552591], [10.013916, 53.552544], [10.013008, 53.55248], [10.011323, 53.552369], [10.010616, 53.552323], [10.010496, 53.552319], [10.010391, 53.552322], [10.010257, 53.55233], [10.010147, 53.552339], [10.010066, 53.552342], [10.009962, 53.552341], [10.009832, 53.552338], [10.009691, 53.552333], [10.009546, 53.552326], [10.009417, 53.552315], [10.0093, 53.552302], [10.009203, 53.55228], [10.009199, 53.552291], [10.00915, 53.552286], [10.009049, 53.552274], [10.008952, 53.552258], [10.008854, 53.552237], [10.008763, 53.552206], [10.008676, 53.552176], [10.008591, 53.552151], [10.008503, 53.552132], [10.00843, 53.55212], [10.008289, 53.5521], [10.006327, 53.551868], [10.006039, 53.551834], [10.005553, 53.551772], [10.004718, 53.551665], [10.003151, 53.551466], [10.002879, 53.55143], [10.002212, 53.551332], [10.002195, 53.551377], [10.001901, 53.551287], [10.001492, 53.551228], [10.000721, 53.551078], [9.999967, 53.550942], [9.999528, 53.55088], [9.999346, 53.550854], [9.998542, 53.55076], [9.997674, 53.550697], [9.996156, 53.550659], [9.995696, 53.550635], [9.994951, 53.550534], [9.994709, 53.550498], [9.994699, 53.550525], [9.994353, 53.550446], [9.994163, 53.550412], [9.994035, 53.550383], [9.993892, 53.550346], [9.993714, 53.550292], [9.99361, 53.550255], [9.993098, 53.550023], [9.992581, 53.549771], [9.992396, 53.5497], [9.992289, 53.549658], [9.992217, 53.549638], [9.992116, 53.549617], [9.991915, 53.549583], [9.991814, 53.549569], [9.991699, 53.549557], [9.991509, 53.549546], [9.99141, 53.549541], [9.991301, 53.549536], [9.991085, 53.549522], [9.990963, 53.549513], [9.990866, 53.549502], [9.99076, 53.549484], [9.990628, 53.549454], [9.990528, 53.549419], [9.99045, 53.549385], [9.990167, 53.549237], [9.990018, 53.549161], [9.989953, 53.549129], [9.989892, 53.549101], [9.989833, 53.549077], [9.989766, 53.549052], [9.989704, 53.54903], [9.989687, 53.549025], [9.989587, 53.548996], [9.989528, 53.548981], [9.989455, 53.548965], [9.989379, 53.548949], [9.989298, 53.548935], [9.989215, 53.548923], [9.989134, 53.548913], [9.989066, 53.548907], [9.989002, 53.548902], [9.988913, 53.548898], [9.98883, 53.548896], [9.988752, 53.548897], [9.988597, 53.548902], [9.988263, 53.54892], [9.988192, 53.548923], [9.988129, 53.548925], [9.988067, 53.548925], [9.988004, 53.548924], [9.987935, 53.548921], [9.987861, 53.548915], [9.987804, 53.548908], [9.987746, 53.548899], [9.987728, 53.548896], [9.98767, 53.548884], [9.987602, 53.548868], [9.987543, 53.548851], [9.987493, 53.548835], [9.987439, 53.548814], [9.987389, 53.548793], [9.987341, 53.548769], [9.987302, 53.548747], [9.987268, 53.548727], [9.98722, 53.548695], [9.987179, 53.548664], [9.987146, 53.548637], [9.987121, 53.548613], [9.987089, 53.548579], [9.987065, 53.548547], [9.986965, 53.548393], [9.986917, 53.548405], [9.986892, 53.548279], [9.986818, 53.548161], [9.986711, 53.547991], [9.9866, 53.547828], [9.98648, 53.547686], [9.986288, 53.547502], [9.986135, 53.547362], [9.986005, 53.547247], [9.98577, 53.547015], [9.985485, 53.546718], [9.98525, 53.546441], [9.985045, 53.546182], [9.984832, 53.545904], [9.984775, 53.545828], [9.984482, 53.545457], [9.984447, 53.545414], [9.984314, 53.545255], [9.984163, 53.545104], [9.984047, 53.545019], [9.983918, 53.544932], [9.983833, 53.54488], [9.983735, 53.544831], [9.983581, 53.544764], [9.983031, 53.54454], [9.982979, 53.54452], [9.982719, 53.544417], [9.982577, 53.54437], [9.982518, 53.544351], [9.982389, 53.544319], [9.98221, 53.544285], [9.982081, 53.544267], [9.982021, 53.54426], [9.981653, 53.54423], [9.98163, 53.544228], [9.981404, 53.544221], [9.981293, 53.544218], [9.981232, 53.54425], [9.98123, 53.544219], [9.981174, 53.54422], [9.981032, 53.544225], [9.98095, 53.544228], [9.980636, 53.544257], [9.980381, 53.544276], [9.980132, 53.544284], [9.97994, 53.54428], [9.978547, 53.544208], [9.977988, 53.544185], [9.977434, 53.544177], [9.977181, 53.544177], [9.977081, 53.544184], [9.976979, 53.544194], [9.976897, 53.544206], [9.976828, 53.544219], [9.976776, 53.54423], [9.976728, 53.54424], [9.976673, 53.544255], [9.975769, 53.544539], [9.975703, 53.544562], [9.974464, 53.544965], [9.973053, 53.545426], [9.972455, 53.545595], [9.971913, 53.545729], [9.971637, 53.545796], [9.971452, 53.545844], [9.971348, 53.545874], [9.971315, 53.545915], [9.971294, 53.54589], [9.971159, 53.545932], [9.971026, 53.545985], [9.970908, 53.54604], [9.970794, 53.546101], [9.970695, 53.546165], [9.970655, 53.546198], [9.970625, 53.546226], [9.970494, 53.54635], [9.970442, 53.546407], [9.970425, 53.546429], [9.970402, 53.546464], [9.970386, 53.546495], [9.970356, 53.546561], [9.970336, 53.546611], [9.970309, 53.546687], [9.97029, 53.546757], [9.970279, 53.546811], [9.970259, 53.546928], [9.970258, 53.547058], [9.970319, 53.547686], [9.970282, 53.548318], [9.970185, 53.549787], [9.97023, 53.550207], [9.97023, 53.550321], [9.970222, 53.550468], [9.970213, 53.55051], [9.970188, 53.550509], [9.970186, 53.550656], [9.970068, 53.551303], [9.969977, 53.551616], [9.969614, 53.553158], [9.968886, 53.556154], [9.968841, 53.55638], [9.968775, 53.556728], [9.968732, 53.556938], [9.968731, 53.55694], [9.968709, 53.556939], [9.968715, 53.55701], [9.968652, 53.557242], [9.968642, 53.557278], [9.96862, 53.557373], [9.968601, 53.557453], [9.968596, 53.557489], [9.968591, 53.557533], [9.968586, 53.55759], [9.968588, 53.557655], [9.968595, 53.557722], [9.968609, 53.557781], [9.969124, 53.559121], [9.969548, 53.560209], [9.969777, 53.561245], [9.96987, 53.561582], [9.970021, 53.561997], [9.970064, 53.562146], [9.970092, 53.562305], [9.970105, 53.562448], [9.970104, 53.56259], [9.970069, 53.562848], [9.970035, 53.562974], [9.970013, 53.563034], [9.96999, 53.563094], [9.969927, 53.563214], [9.969872, 53.563298], [9.969828, 53.563362], [9.969781, 53.56342], [9.969602, 53.563625], [9.969456, 53.563808], [9.969437, 53.563837], [9.969426, 53.563859], [9.969413, 53.563889], [9.969398, 53.563931], [9.969388, 53.563963], [9.969299, 53.56435], [9.969273, 53.564348], [9.969258, 53.564534], [9.96924, 53.56474], [9.969231, 53.564928], [9.969238, 53.564975], [9.969247, 53.565009], [9.969262, 53.565052], [9.969481, 53.565597], [9.969774, 53.566248], [9.969888, 53.566501], [9.969996, 53.566741], [9.970027, 53.566812], [9.970045, 53.566862], [9.970066, 53.566917], [9.970081, 53.566967], [9.970094, 53.56701], [9.970102, 53.567046], [9.970114, 53.567087], [9.970129, 53.567206], [9.970132, 53.567268], [9.970132, 53.567334], [9.970151, 53.568022], [9.9701, 53.568021], [9.970093, 53.568183], [9.970084, 53.568367], [9.970056, 53.56888], [9.970055, 53.568893], [9.970035, 53.569122], [9.970013, 53.569222], [9.970004, 53.569267], [9.969986, 53.569329], [9.96996, 53.569396], [9.969922, 53.569473], [9.969849, 53.569595], [9.969683, 53.569805], [9.969404, 53.570134], [9.969252, 53.570388], [9.969185, 53.570585], [9.969154, 53.570827], [9.969144, 53.571196], [9.969145, 53.571506], [9.969201, 53.571805], [9.969294, 53.572092], [9.969316, 53.57214], [9.969393, 53.572308], [9.969519, 53.57251], [9.969657, 53.572699], [9.969808, 53.57287], [9.969944, 53.573012], [9.970018, 53.573081], [9.970406, 53.573387], [9.972263, 53.574721], [9.972516, 53.574898], [9.973683, 53.575731], [9.975166, 53.57679], [9.975399, 53.576946], [9.975459, 53.576987], [9.975932, 53.577289], [9.976166, 53.577458], [9.97635, 53.577631], [9.976383, 53.577613], [9.976389, 53.577618], [9.97651, 53.57772], [9.976662, 53.577846], [9.976876, 53.578023], [9.977188, 53.578243], [9.978174, 53.57894], [9.979177, 53.579624], [9.979494, 53.57984], [9.980089, 53.580235], [9.981218, 53.580973], [9.981983, 53.581478], [9.982192, 53.581609], [9.982228, 53.58163], [9.983319, 53.582281], [9.98396, 53.582677], [9.984268, 53.582866], [9.984339, 53.582917], [9.984523, 53.583042], [9.984788, 53.583236], [9.984986, 53.583403], [9.985075, 53.583497], [9.985263, 53.583671], [9.98531, 53.583766], [9.985348, 53.58375], [9.98536, 53.583761], [9.985552, 53.583955], [9.985727, 53.584149], [9.98592, 53.584358], [9.985955, 53.584399], [9.986142, 53.58461], [9.986721, 53.585169], [9.986836, 53.585278], [9.987272, 53.585695], [9.987449, 53.585836], [9.987669, 53.585988], [9.987862, 53.586121], [9.988128, 53.586285], [9.988156, 53.586304], [9.988275, 53.586391], [9.988406, 53.586508], [9.988544, 53.586644], [9.988714, 53.586822], [9.989055, 53.58724], [9.989259, 53.587438], [9.989942, 53.588045], [9.990014, 53.588106], [9.990051, 53.588138], [9.990154, 53.588226], [9.990195, 53.588261], [9.990425, 53.588421], [9.99088, 53.588675], [9.991015, 53.588787], [9.991044, 53.588767], [9.991213, 53.588861], [9.99127, 53.588892], [9.991361, 53.58894], [9.991374, 53.588947], [9.991926, 53.589242], [9.992112, 53.589344], [9.992511, 53.589553], [9.992635, 53.589615], [9.992733, 53.58966], [9.992734, 53.58966], [9.992777, 53.58968], [9.992927, 53.589745], [9.993248, 53.589865], [9.993361, 53.5899], [9.993503, 53.589943], [9.99358, 53.589966], [9.993786, 53.590016], [9.99413, 53.590091], [9.994169, 53.5901], [9.994528, 53.590153], [9.994948, 53.590193], [9.995487, 53.590217], [9.995935, 53.590229], [9.996881, 53.590254], [9.997939, 53.590284], [9.998653, 53.590301], [9.999042, 53.590312], [10.000084, 53.590334], [10.000658, 53.590332], [10.00081, 53.590332], [10.00103, 53.590338], [10.001064, 53.590366], [10.001065, 53.590338], [10.001582, 53.590352], [10.002217, 53.590401], [10.002233, 53.590402], [10.002305, 53.590405], [10.002883, 53.590422], [10.004536, 53.590464], [10.005748, 53.590499], [10.006316, 53.590518], [10.00914, 53.5906], [10.009437, 53.590608], [10.011367, 53.590661], [10.013454, 53.590704], [10.014124, 53.590705], [10.014488, 53.590716], [10.014789, 53.590723], [10.014877, 53.590752], [10.014878, 53.590725], [10.01515, 53.590733], [10.015194, 53.590734], [10.015907, 53.59076], [10.016351, 53.59077], [10.016683, 53.590766], [10.016999, 53.590751], [10.017385, 53.590714], [10.019866, 53.590447], [10.020277, 53.590402], [10.020509, 53.590377], [10.02149, 53.590269], [10.021689, 53.590249], [10.021732, 53.590244], [10.022124, 53.590201], [10.022365, 53.590175], [10.023368, 53.590071], [10.023742, 53.590047], [10.02489, 53.590006], [10.025267, 53.589982], [10.02564, 53.589945], [10.026007, 53.589892], [10.026368, 53.589826], [10.026512, 53.589793], [10.026744, 53.58974], [10.026989, 53.589675], [10.027652, 53.589498], [10.027871, 53.589447], [10.028081, 53.589405], [10.028244, 53.589376], [10.028405, 53.589351], [10.028695, 53.589316], [10.02886, 53.5893], [10.029228, 53.589267]], [[10.029228, 53.589267], [10.030164, 53.589186], [10.030636, 53.589131], [10.03071, 53.589121], [10.03131, 53.589043], [10.032133, 53.588953], [10.032141, 53.588978], [10.032226, 53.588943], [10.032431, 53.58892], [10.032582, 53.588906], [10.032849, 53.588888], [10.033494, 53.588864], [10.034106, 53.588843]], [[10.029228, 53.589267], [10.029673, 53.589242], [10.03025, 53.589225], [10.030652, 53.589208], [10.030691, 53.589205], [10.031596, 53.58911], [10.032158, 53.589032], [10.032162, 53.589047], [10.0325, 53.589011], [10.032844, 53.588974], [10.033485, 53.588906], [10.034106, 53.588843]], [[10.040232, 53.587903], [10.040165, 53.587914], [10.040083, 53.587927], [10.039763, 53.587988], [10.039404, 53.588077], [10.039261, 53.588112], [10.038245, 53.588362], [10.037788, 53.588462], [10.037341, 53.588545], [10.036848, 53.588625], [10.036262, 53.588701], [10.03565, 53.588767], [10.035462, 53.588788], [10.035312, 53.588804], [10.034441, 53.5889], [10.034268, 53.588918], [10.034097, 53.588933]], [[10.034106, 53.588843], [10.034373, 53.58883], [10.034464, 53.588826], [10.034502, 53.588824], [10.034526, 53.588824], [10.03487, 53.588808], [10.035032, 53.5888], [10.035214, 53.588784], [10.035465, 53.588759], [10.035955, 53.588707], [10.036231, 53.588673], [10.036433, 53.588642], [10.036624, 53.588608], [10.036846, 53.588565], [10.037293, 53.588473]], [[10.037293, 53.588473], [10.037879, 53.58834], [10.038623, 53.588152], [10.039616, 53.587905], [10.03999, 53.587826], [10.040663, 53.587695], [10.041354, 53.587572], [10.041672, 53.587517], [10.043244, 53.587225]], [[10.037293, 53.588473], [10.038418, 53.588243], [10.038799, 53.588156], [10.039597, 53.587963], [10.039915, 53.587903], [10.040314, 53.587846], [10.040435, 53.587835]], [[10.037947, 53.589967], [10.037944, 53.590061], [10.03795, 53.590168], [10.037967, 53.590353], [10.038025, 53.590542], [10.038103, 53.590717], [10.038201, 53.590887], [10.038322, 53.591052], [10.038463, 53.591207], [10.038624, 53.591357], [10.038791, 53.591486], [10.039066, 53.591671], [10.039336, 53.591829], [10.039623, 53.591975], [10.039925, 53.592111], [10.040241, 53.592235], [10.040572, 53.592345], [10.040913, 53.592443]], [[10.037958, 53.589881], [10.037957, 53.589882], [10.037947, 53.589967]], [[10.037958, 53.589881], [10.037947, 53.589967]], [[10.042188, 53.587715], [10.041808, 53.587787], [10.041711, 53.587803], [10.041566, 53.587828], [10.041484, 53.587838], [10.041295, 53.58786], [10.04108, 53.587882], [10.040888, 53.587904], [10.040719, 53.587928], [10.040545, 53.587956], [10.040354, 53.587997], [10.040219, 53.58803], [10.040083, 53.588066], [10.039959, 53.588107], [10.039831, 53.588159], [10.039597, 53.588249], [10.039491, 53.588302], [10.039342, 53.58838], [10.039289, 53.588407], [10.039146, 53.588485], [10.038743, 53.588709], [10.038586, 53.588825], [10.038506, 53.588891], [10.038454, 53.588937], [10.038418, 53.588976], [10.038355, 53.589042], [10.038282, 53.589132], [10.038196, 53.589246], [10.038142, 53.589326], [10.0381, 53.589402], [10.038058, 53.589489], [10.038035, 53.589556], [10.038008, 53.589651], [10.037974, 53.58979], [10.037958, 53.589881]], [[10.074878, 53.592483], [10.074187, 53.592312], [10.073631, 53.592194], [10.073493, 53.592165], [10.073089, 53.59208], [10.072849, 53.592032], [10.072277, 53.591942], [10.071863, 53.591892], [10.071555, 53.591863], [10.071252, 53.591842], [10.070937, 53.591827], [10.070634, 53.591816], [10.070181, 53.591815], [10.069688, 53.591831], [10.069121, 53.59187], [10.068539, 53.591932], [10.068011, 53.59201], [10.067274, 53.592143], [10.067109, 53.592172], [10.06249, 53.593016], [10.062014, 53.593101], [10.061532, 53.593173], [10.061031, 53.593224], [10.060528, 53.593261], [10.059109, 53.59335], [10.058565, 53.593383], [10.05848, 53.593387], [10.055806, 53.593543], [10.054224, 53.593674], [10.053929, 53.59369], [10.053455, 53.593698], [10.052862, 53.593684], [10.052659, 53.593675], [10.052365, 53.593661], [10.052237, 53.593646], [10.052235, 53.593654], [10.051835, 53.593633], [10.051458, 53.593602], [10.050919, 53.593553], [10.050217, 53.593483], [10.0498, 53.593443], [10.046905, 53.593162], [10.04661, 53.593133], [10.044577, 53.592936], [10.044021, 53.592882], [10.043923, 53.592873], [10.042357, 53.592721], [10.041985, 53.592677], [10.041615, 53.59262], [10.041251, 53.592551], [10.040899, 53.592468], [10.040616, 53.592389], [10.040551, 53.592371], [10.040218, 53.592259], [10.039909, 53.592137], [10.039596, 53.591999], [10.039304, 53.591849], [10.039039, 53.591695], [10.038745, 53.591508], [10.038597, 53.59138], [10.038422, 53.591224], [10.038398, 53.591196], [10.038283, 53.591065], [10.038158, 53.590897], [10.038056, 53.590723], [10.03798, 53.590547], [10.037919, 53.590355], [10.037901, 53.59015], [10.037898, 53.590058], [10.037902, 53.589935], [10.037912, 53.589848], [10.037923, 53.589772], [10.037941, 53.589681], [10.037976, 53.589571], [10.038017, 53.589464], [10.038046, 53.589398], [10.03812, 53.58928], [10.038174, 53.589202], [10.038226, 53.589131], [10.038338, 53.589001], [10.03841, 53.588924], [10.038457, 53.588877], [10.038534, 53.588812], [10.038754, 53.588666], [10.039032, 53.588501], [10.039297, 53.588346], [10.03955, 53.588205], [10.039675, 53.588136], [10.039834, 53.588061], [10.039953, 53.58801], [10.040088, 53.587958], [10.040211, 53.58791], [10.040232, 53.587903]], [[10.040232, 53.587903], [10.040435, 53.587835]], [[10.042791, 53.587524], [10.042068, 53.58767], [10.041779, 53.587722], [10.041613, 53.587749], [10.041561, 53.587754], [10.04145, 53.587767], [10.040964, 53.587817], [10.040392, 53.587877], [10.040372, 53.58788], [10.040232, 53.587903]], [[10.040435, 53.587835], [10.040446, 53.587831], [10.040623, 53.587775], [10.040802, 53.587732], [10.040977, 53.587694], [10.041169, 53.587653], [10.041374, 53.587616], [10.041501, 53.587596], [10.041693, 53.587564], [10.041826, 53.587535], [10.042104, 53.587481], [10.042273, 53.587445], [10.042475, 53.587398], [10.042632, 53.587362], [10.042776, 53.587328], [10.042938, 53.587292], [10.043244, 53.587225]], [[10.040435, 53.587835], [10.041437, 53.587741], [10.0416, 53.587722], [10.041766, 53.587695], [10.042049, 53.587637]], [[10.040913, 53.592443], [10.041073, 53.59248], [10.041074, 53.59248], [10.041265, 53.592525]], [[10.040913, 53.592443], [10.041265, 53.592525]], [[10.041265, 53.592525], [10.041625, 53.592595], [10.041992, 53.59265], [10.042365, 53.592693], [10.044029, 53.592855], [10.044584, 53.592909], [10.046596, 53.593104], [10.046618, 53.593106], [10.046913, 53.593135], [10.049807, 53.593416], [10.050225, 53.593456], [10.050993, 53.593508], [10.051581, 53.593536], [10.052251, 53.593583], [10.052253, 53.59356], [10.052624, 53.593574], [10.052878, 53.593582], [10.053447, 53.593609], [10.053929, 53.593613], [10.05422, 53.593614], [10.054247, 53.593613], [10.055289, 53.593548], [10.056351, 53.593488], [10.058527, 53.593358], [10.059068, 53.593323], [10.060525, 53.593232], [10.061035, 53.593195], [10.061524, 53.593144], [10.062005, 53.593075], [10.062477, 53.592992], [10.067095, 53.592145], [10.06726, 53.592116], [10.068003, 53.591982], [10.06853, 53.591903], [10.069113, 53.59184], [10.069686, 53.591802], [10.070185, 53.591785], [10.070642, 53.591784], [10.070943, 53.591794], [10.071263, 53.591808], [10.071636, 53.591837], [10.07193, 53.591861], [10.072229, 53.5919], [10.072688, 53.591967], [10.07311, 53.592045], [10.073653, 53.59216], [10.074213, 53.59228], [10.074917, 53.592427], [10.074922, 53.59242]], [[10.042049, 53.587637], [10.042772, 53.587492], [10.043487, 53.587357], [10.043658, 53.587326], [10.043704, 53.587318], [10.044328, 53.587208], [10.044345, 53.587192]], [[10.042049, 53.587637], [10.042289, 53.5876], [10.042425, 53.587581], [10.042561, 53.587563], [10.042791, 53.587524]], [[10.043094, 53.587464], [10.0428, 53.587545], [10.042433, 53.587645], [10.042188, 53.587715]], [[10.046614, 53.586892], [10.046155, 53.587015], [10.045993, 53.587061], [10.045848, 53.587098], [10.045663, 53.587134], [10.045635, 53.58714], [10.044429, 53.587355], [10.044424, 53.587344], [10.044407, 53.587359], [10.043877, 53.587455], [10.043739, 53.587479], [10.043311, 53.587545], [10.042888, 53.58759], [10.042592, 53.587636], [10.042188, 53.587715]], [[10.043094, 53.587464], [10.042791, 53.587524]], [[10.046614, 53.586892], [10.046167, 53.586975], [10.04603, 53.586988], [10.045593, 53.587021], [10.045418, 53.58704], [10.045373, 53.587047], [10.045331, 53.587054], [10.045119, 53.587094], [10.044377, 53.587264], [10.04436, 53.587228], [10.044343, 53.587232], [10.043432, 53.587398], [10.043342, 53.587414], [10.043094, 53.587464]]]}, "properties": {"linie": "U3", "farbe": "#FFDD00"}}, {"type": "Feature", "geometry": {"type": "MultiLineString", "coordinates": [[[10.006087, 53.540665], [10.005941, 53.540679], [10.005662, 53.540696], [10.004837, 53.540728], [10.004463, 53.54073], [10.004048, 53.540725], [10.003651, 53.540708], [10.000097, 53.540478], [9.998961, 53.540386], [9.998891, 53.540381], [9.998487, 53.540351], [9.998481, 53.540383], [9.99835, 53.540341], [9.996955, 53.540238], [9.996484, 53.540207], [9.994908, 53.540102], [9.994133, 53.540052], [9.993704, 53.54003], [9.993342, 53.540014], [9.992911, 53.539995], [9.992491, 53.539996], [9.99181, 53.540024], [9.991733, 53.540032], [9.991217, 53.540082], [9.990685, 53.540157], [9.99007, 53.540279], [9.989787, 53.540342], [9.989486, 53.540418], [9.989006, 53.540562], [9.98844, 53.540766], [9.987765, 53.541056], [9.986992, 53.541422], [9.986257, 53.541806], [9.98591, 53.542005], [9.985237, 53.542401], [9.984992, 53.542546], [9.984164, 53.543112], [9.983966, 53.543266], [9.983722, 53.543465], [9.983532, 53.543645], [9.983375, 53.543809], [9.983229, 53.543993], [9.983106, 53.544199], [9.982911, 53.544562], [9.982885, 53.544662], [9.982835, 53.544853], [9.982798, 53.545194], [9.982796, 53.545414], [9.982822, 53.545653], [9.982903, 53.545921], [9.982959, 53.546072], [9.983017, 53.546188], [9.98305, 53.546253], [9.983283, 53.546625], [9.983548, 53.546989], [9.984065, 53.54767], [9.984135, 53.547791], [9.98419, 53.547885], [9.984314, 53.548146], [9.984391, 53.548388], [9.984429, 53.548583], [9.984443, 53.548792], [9.984432, 53.548922], [9.984424, 53.549017], [9.984358, 53.549267], [9.984241, 53.549564], [9.984036, 53.54994], [9.983922, 53.550099], [9.983847, 53.550203], [9.983436, 53.550818], [9.983271, 53.551166], [9.98316, 53.551519], [9.983102, 53.551793], [9.983117, 53.552048], [9.983147, 53.552242], [9.983218, 53.552495], [9.983361, 53.552797], [9.983491, 53.553021], [9.983652, 53.553222], [9.983764, 53.553345], [9.983915, 53.553484], [9.98409, 53.553644], [9.984384, 53.553861], [9.984835, 53.554113], [9.984979, 53.554182], [9.985263, 53.554318], [9.985686, 53.55447], [9.986421, 53.55466], [9.986777, 53.554716], [9.987084, 53.554758], [9.987519, 53.554799], [9.987946, 53.55481], [9.988369, 53.554811], [9.988604, 53.554801], [9.988955, 53.554772], [9.989275, 53.554731], [9.989435, 53.554701], [9.989643, 53.554662], [9.990101, 53.55456], [9.990497, 53.554448], [9.990844, 53.554342], [9.99099, 53.55429], [9.991546, 53.554092], [9.991914, 53.553975], [9.992202, 53.553894], [9.992491, 53.553812], [9.992925, 53.553712], [9.993518, 53.55359], [9.993572, 53.553581], [9.993937, 53.553519], [9.994472, 53.55341], [9.99448, 53.553427], [9.994586, 53.55341], [9.994785, 53.553377], [9.995139, 53.553317], [9.995241, 53.5533], [9.995718, 53.553185], [9.995865, 53.553149], [9.99619, 53.553042], [9.996723, 53.552965], [9.997289, 53.55288], [9.997548, 53.552844], [9.997842, 53.552807], [9.998156, 53.552782], [9.998436, 53.552766], [9.998673, 53.552758], [9.998814, 53.552758], [9.999012, 53.552758], [9.999362, 53.55277], [9.9996, 53.552787], [10.000021, 53.552836], [10.000348, 53.552885], [10.000635, 53.55294], [10.000915, 53.553004], [10.00114, 53.553065], [10.001682, 53.553237], [10.0025, 53.553537], [10.002891, 53.553672], [10.003283, 53.553781], [10.003634, 53.553853], [10.00417, 53.553952], [10.004374, 53.553988], [10.004375, 53.553988], [10.004544, 53.554019], [10.004786, 53.55405], [10.004946, 53.554068], [10.005954, 53.554135], [10.005955, 53.554135], [10.006008, 53.554166]], [[10.006179, 53.55415], [10.006115, 53.554145], [10.006008, 53.554166]], [[10.006179, 53.55415], [10.006121, 53.554146], [10.006008, 53.554166]], [[10.006813, 53.54071], [10.006428, 53.540686], [10.006087, 53.540665]], [[10.006087, 53.540665], [10.006198, 53.540655], [10.006789, 53.540591], [10.006896, 53.540579], [10.007572, 53.540515], [10.007581, 53.54055], [10.007799, 53.540494], [10.008823, 53.540394], [10.009143, 53.540364], [10.009211, 53.540358], [10.009422, 53.54034], [10.010476, 53.540249], [10.011371, 53.540162], [10.011549, 53.540145], [10.014064, 53.539843], [10.014478, 53.539783], [10.015452, 53.539629], [10.020609, 53.538804], [10.020852, 53.538751], [10.021116, 53.538688], [10.021273, 53.538639], [10.021449, 53.538586], [10.02162, 53.538526], [10.021924, 53.538415], [10.022198, 53.538303], [10.022392, 53.538215], [10.022561, 53.538125], [10.0228, 53.537983], [10.023027, 53.537839], [10.023134, 53.537765], [10.023229, 53.537705], [10.023304, 53.537649], [10.023426, 53.537544], [10.023522, 53.537442], [10.023653, 53.537307], [10.023758, 53.537188], [10.023841, 53.537079], [10.02393, 53.536958], [10.023963, 53.536909], [10.023977, 53.536883], [10.023997, 53.536846], [10.024019, 53.536803], [10.024036, 53.536766], [10.024094, 53.536677], [10.024124, 53.536628], [10.024152, 53.536578], [10.024175, 53.536536], [10.02419, 53.536506], [10.024223, 53.536427]], [[10.006917, 53.5542], [10.006179, 53.55415]], [[10.006813, 53.54071], [10.006303, 53.540751], [10.006099, 53.540766], [10.006079, 53.540768], [10.005923, 53.54078], [10.005594, 53.540796], [10.005144, 53.54081], [10.004667, 53.540807], [10.004168, 53.540793], [10.003657, 53.540764], [10.003324, 53.540744], [10.0032, 53.540737], [10.001851, 53.540658], [10.000933, 53.540617], [10.000084, 53.540577], [9.998926, 53.540519], [9.998453, 53.540473], [9.99845, 53.540483], [9.998299, 53.540472], [9.997694, 53.540428], [9.996929, 53.540371], [9.994884, 53.540233], [9.993219, 53.540157], [9.992891, 53.540151], [9.992508, 53.540154], [9.991892, 53.540186], [9.991366, 53.540234], [9.990726, 53.540331], [9.99041, 53.540385], [9.990101, 53.54046], [9.989804, 53.540535], [9.989528, 53.540619], [9.989279, 53.540695], [9.989009, 53.540789], [9.988204, 53.541132], [9.987492, 53.541465], [9.986612, 53.541897], [9.986121, 53.542139], [9.985176, 53.542691], [9.984533, 53.543136], [9.98433, 53.543286], [9.98409, 53.543511], [9.98393, 53.543681], [9.983787, 53.543853], [9.983657, 53.544034], [9.983538, 53.544233], [9.983394, 53.544593], [9.983306, 53.544937], [9.983285, 53.545136], [9.983295, 53.545383], [9.983359, 53.54566], [9.98343, 53.545905], [9.983557, 53.546164], [9.983664, 53.546395], [9.983935, 53.546819], [9.984407, 53.547515], [9.984632, 53.547934], [9.984755, 53.54827], [9.984814, 53.548634], [9.984805, 53.548902], [9.984784, 53.549048], [9.984729, 53.549234], [9.984559, 53.549635], [9.984368, 53.549949], [9.984149, 53.550247], [9.983709, 53.550888], [9.983538, 53.551213], [9.983421, 53.551575], [9.983382, 53.55186], [9.983401, 53.552152], [9.983427, 53.552313], [9.98348, 53.552473], [9.98362, 53.552792], [9.983825, 53.553093], [9.983983, 53.553259], [9.984339, 53.55358], [9.984618, 53.553765], [9.984858, 53.553918], [9.985071, 53.554021], [9.985406, 53.554167], [9.98583, 53.554316], [9.986444, 53.554476], [9.986999, 53.554567], [9.987407, 53.554604], [9.987753, 53.554614], [9.988198, 53.554606], [9.988624, 53.55458], [9.989043, 53.554534], [9.989529, 53.554436], [9.990016, 53.55431], [9.990425, 53.554178], [9.990877, 53.554015], [9.991192, 53.553902], [9.991611, 53.553762], [9.992023, 53.553639], [9.992478, 53.553521], [9.992947, 53.553418], [9.993383, 53.553307], [9.994391, 53.553148], [9.994407, 53.553186], [9.994601, 53.553116], [9.994872, 53.553073], [9.995067, 53.553048], [9.995351, 53.553025], [9.995612, 53.553004], [9.995805, 53.552996], [9.996167, 53.552987], [9.996698, 53.552896], [9.997196, 53.552816], [9.997476, 53.552776], [9.997745, 53.552742], [9.998071, 53.552708], [9.998441, 53.552684], [9.999016, 53.55267], [9.999373, 53.552676], [9.99962, 53.552688], [9.9999, 53.552712], [10.000334, 53.55277], [10.00053, 53.552802], [10.000712, 53.552842], [10.000903, 53.552892], [10.001285, 53.553008], [10.001687, 53.553145], [10.001965, 53.553257], [10.002551, 53.553475], [10.002938, 53.553599], [10.003327, 53.553716], [10.00366, 53.553795], [10.0042, 53.553902], [10.004578, 53.553971], [10.004807, 53.554], [10.005037, 53.554021], [10.006004, 53.554087], [10.006007, 53.554074], [10.006186, 53.5541], [10.006843, 53.554145], [10.007143, 53.554166], [10.007488, 53.554181], [10.007732, 53.55418], [10.00793, 53.55417], [10.008178, 53.554152], [10.008429, 53.554126], [10.008796, 53.554071], [10.009102, 53.554016], [10.00941, 53.55394], [10.009737, 53.553846], [10.010046, 53.553737], [10.01034, 53.553606], [10.010728, 53.553398], [10.011229, 53.553104], [10.011505, 53.552951], [10.011691, 53.552867], [10.011901, 53.552767], [10.012164, 53.552672], [10.012478, 53.552565], [10.012797, 53.552483], [10.013144, 53.552408], [10.013474, 53.552354], [10.013761, 53.552318], [10.013997, 53.552297], [10.014193, 53.552285], [10.014485, 53.552286], [10.014754, 53.552298], [10.015547, 53.552345], [10.016159, 53.552392], [10.016513, 53.552425], [10.016778, 53.552447], [10.01687, 53.552464]], [[10.024223, 53.536427], [10.024221, 53.536481], [10.024213, 53.53653], [10.0242, 53.536585], [10.024188, 53.536632], [10.024175, 53.536675], [10.024164, 53.536708], [10.02414, 53.536763], [10.024119, 53.536809], [10.024097, 53.536858], [10.024075, 53.536896], [10.024024, 53.536982], [10.023986, 53.53704], [10.023941, 53.537098], [10.023895, 53.53715], [10.023843, 53.537207], [10.023773, 53.537279], [10.023693, 53.537353], [10.023576, 53.53746], [10.023454, 53.537575], [10.023349, 53.53768], [10.023282, 53.537727], [10.023189, 53.537797], [10.023077, 53.537876], [10.022876, 53.538013], [10.022642, 53.538159], [10.022453, 53.538259], [10.02226, 53.538346], [10.021976, 53.538468], [10.021629, 53.538596], [10.021331, 53.538695], [10.021146, 53.53875], [10.020893, 53.538812], [10.02064, 53.53886], [10.01872, 53.539164], [10.015469, 53.539679], [10.014492, 53.539831], [10.011583, 53.540224], [10.010528, 53.540346], [10.009452, 53.540465], [10.00924, 53.540488], [10.00885, 53.540522], [10.007828, 53.540616], [10.007599, 53.540637], [10.007598, 53.54063], [10.006945, 53.5407], [10.006902, 53.540703], [10.006813, 53.54071]], [[10.007479, 53.554236], [10.007118, 53.554212], [10.007117, 53.554212], [10.006917, 53.5542]], [[10.007479, 53.554236], [10.006917, 53.5542]], [[10.007747, 53.554244], [10.007625, 53.55424], [10.007624, 53.55424], [10.007479, 53.554236]], [[10.007747, 53.554244], [10.007479, 53.554236]], [[10.008829, 53.554155], [10.008437, 53.554209], [10.008188, 53.554235], [10.007934, 53.554244], [10.007747, 53.554244]], [[10.009302, 53.554063], [10.009196, 53.554083], [10.008829, 53.554155]], [[10.009302, 53.554063], [10.008829, 53.554155]], [[10.011899, 53.55306], [10.011719, 53.553115], [10.011518, 53.55319], [10.011248, 53.553307], [10.010931, 53.553459], [10.010316, 53.553738], [10.010036, 53.553851], [10.00968, 53.553966], [10.009302, 53.554063]], [[10.012051, 53.553014], [10.011951, 53.553044], [10.011899, 53.55306]], [[10.012051, 53.553014], [10.011899, 53.55306]], [[10.01256, 53.552877], [10.012295, 53.552943], [10.012051, 53.553014]], [[10.012925, 53.552803], [10.012634, 53.552861], [10.01256, 53.552877]], [[10.012925, 53.552803], [10.01256, 53.552877]], [[10.014002, 53.552701], [10.013766, 53.552707], [10.013489, 53.552728], [10.013219, 53.552757], [10.012925, 53.552803]], [[10.014359, 53.552702], [10.014096, 53.552701], [10.014095, 53.552701], [10.014002, 53.552701]], [[10.014359, 53.552702], [10.014002, 53.552701]], [[10.016466, 53.552781], [10.016049, 53.552773], [10.015366, 53.552745], [10.014647, 53.552706], [10.014359, 53.552702]], [[10.016746, 53.552768], [10.016717, 53.552769], [10.016466, 53.552781]], [[10.016746, 53.552768], [10.016466, 53.552781]], [[10.018045, 53.552738], [10.017433, 53.552722], [10.017025, 53.552751], [10.016746, 53.552768]], [[10.01687, 53.552464], [10.017111, 53.552474], [10.018406, 53.552597], [10.019033, 53.552666], [10.019476, 53.55272], [10.020844, 53.552956]], [[10.01687, 53.552464], [10.01736, 53.552553], [10.017618, 53.552619], [10.018045, 53.552738]], [[10.018541, 53.552778], [10.018118, 53.552743], [10.018117, 53.552743], [10.018045, 53.552738]], [[10.018541, 53.552778], [10.018045, 53.552738]], [[10.018566, 53.55278], [10.018541, 53.552778]], [[10.018566, 53.55278], [10.018566, 53.55278], [10.018541, 53.552778]], [[10.019287, 53.552838], [10.018566, 53.55278]], [[10.019287, 53.552838], [10.018566, 53.552779], [10.018566, 53.55278]], [[10.019395, 53.552852], [10.019287, 53.552838]], [[10.019395, 53.552852], [10.019395, 53.552852], [10.019287, 53.552838]], [[10.020808, 53.553035], [10.020154, 53.55295], [10.019396, 53.552852], [10.019395, 53.552852]], [[10.020808, 53.553035], [10.019395, 53.552852]], [[10.021147, 53.55308], [10.020808, 53.553035]], [[10.024738, 53.553971], [10.024012, 53.553708], [10.02364, 53.553646], [10.023543, 53.553622], [10.023364, 53.553578], [10.023023, 53.553483], [10.023013, 53.553497], [10.022963, 53.553486], [10.022484, 53.553403], [10.021888, 53.553303], [10.021587, 53.553241], [10.021233, 53.553136], [10.020808, 53.553035]], [[10.020844, 53.552956], [10.021766, 53.553014], [10.021954, 53.553036], [10.02239, 53.5531], [10.022688, 53.55315], [10.023077, 53.55322], [10.023214, 53.553257]], [[10.020844, 53.552956], [10.021524, 53.5531], [10.021932, 53.553162], [10.022291, 53.553221], [10.022604, 53.553272], [10.022781, 53.553307], [10.023003, 53.553351], [10.02313, 53.553379], [10.023155, 53.553338], [10.023658, 53.553495], [10.023762, 53.553521], [10.024167, 53.553643], [10.024345, 53.553727], [10.024786, 53.553937], [10.025019, 53.554022], [10.025223, 53.554084], [10.025453, 53.554146], [10.02575, 53.554221], [10.025981, 53.554265], [10.02623, 53.554302], [10.026513, 53.554339], [10.026727, 53.554361], [10.027152, 53.554379], [10.027617, 53.55439], [10.028197, 53.554395], [10.028884, 53.554413], [10.029219, 53.554429], [10.029681, 53.554471], [10.030162, 53.554531], [10.031613, 53.55472], [10.0324, 53.55482], [10.033024, 53.554903], [10.033518, 53.554963], [10.034357, 53.555073], [10.035759, 53.555248], [10.037154, 53.555435], [10.038346, 53.555584], [10.039128, 53.55568], [10.039752, 53.555733], [10.040062, 53.555745], [10.04036, 53.555749], [10.040825, 53.555741], [10.041655, 53.555739], [10.041656, 53.555767], [10.042009, 53.555739], [10.042761, 53.555736], [10.042986, 53.555738], [10.043678, 53.555748], [10.044319, 53.555746], [10.044866, 53.555748], [10.045527, 53.555748], [10.049194, 53.555739], [10.050324, 53.555744], [10.051127, 53.555748], [10.053201, 53.555726], [10.053416, 53.555717], [10.053642, 53.555699], [10.054356, 53.555636], [10.054808, 53.555597], [10.055122, 53.555573], [10.055286, 53.555561], [10.05551, 53.555543], [10.055517, 53.555573], [10.055691, 53.555529], [10.056312, 53.555482], [10.057163, 53.555417], [10.057196, 53.555417], [10.057601, 53.555379], [10.058014, 53.555341], [10.058348, 53.555302], [10.059249, 53.555183], [10.05993, 53.555086], [10.062921, 53.55464], [10.064585, 53.554406], [10.064752, 53.554382], [10.065029, 53.554343], [10.066035, 53.554199], [10.066034, 53.554185], [10.066039, 53.554198], [10.067121, 53.554044], [10.067207, 53.554032], [10.069239, 53.553738], [10.069906, 53.553659], [10.070492, 53.553601], [10.070777, 53.553577], [10.07124, 53.553543], [10.07234, 53.55349], [10.072953, 53.553475], [10.073983, 53.553473], [10.075454, 53.553485], [10.075923, 53.553489], [10.077018, 53.553494], [10.077493, 53.5535], [10.078268, 53.553525], [10.078575, 53.55353], [10.079207, 53.553562], [10.079657, 53.553581], [10.080217, 53.55361], [10.081344, 53.553676], [10.082217, 53.553701], [10.08317, 53.553703], [10.08434, 53.55369], [10.084341, 53.553697], [10.084932, 53.553684], [10.085764, 53.553651], [10.086518, 53.553637], [10.086807, 53.553635], [10.08705, 53.553626], [10.087337, 53.553592], [10.087729, 53.553517], [10.088053, 53.55344], [10.08834, 53.553367], [10.088626, 53.553287], [10.088905, 53.553179], [10.089156, 53.553059], [10.089506, 53.552864], [10.090007, 53.552536], [10.0902, 53.552297], [10.090907, 53.551364], [10.092114, 53.549736], [10.092362, 53.549387], [10.092489, 53.549236], [10.092607, 53.549097], [10.092809, 53.54889], [10.093071, 53.548667], [10.093282, 53.54851], [10.093474, 53.548379], [10.094719, 53.5477], [10.095331, 53.54737], [10.09539, 53.547308], [10.095413, 53.547323], [10.095498, 53.547277], [10.097341, 53.546265], [10.097911, 53.545962], [10.098199, 53.545821], [10.098449, 53.545711], [10.099544, 53.545275], [10.101521, 53.544495], [10.103184, 53.543843], [10.103519, 53.543707], [10.103837, 53.543579]], [[10.021244, 53.553093], [10.021171, 53.553083], [10.02117, 53.553083], [10.021147, 53.55308]], [[10.021147, 53.55308], [10.021244, 53.553093], [10.021244, 53.553093]], [[10.021694, 53.553153], [10.021244, 53.553093]], [[10.021244, 53.553093], [10.021244, 53.553092], [10.021694, 53.553153]], [[10.024738, 53.553971], [10.024216, 53.553714], [10.023731, 53.553546], [10.023633, 53.55352], [10.023232, 53.553425], [10.022899, 53.55335], [10.022895, 53.553356], [10.022598, 53.553295], [10.021926, 53.553183], [10.021694, 53.553153]], [[10.024205, 53.536124], [10.024182, 53.536079], [10.024153, 53.53603], [10.024111, 53.535961], [10.024059, 53.535881], [10.02399, 53.535781], [10.023907, 53.535655], [10.023829, 53.53554], [10.023747, 53.535443], [10.023592, 53.53526], [10.023549, 53.535274]], [[10.023653, 53.535219], [10.0238, 53.535427], [10.023883, 53.535525], [10.023957, 53.535616], [10.023966, 53.535627], [10.024052, 53.535735], [10.024082, 53.535784], [10.024115, 53.535848], [10.024146, 53.535918], [10.024179, 53.536013], [10.024189, 53.536053], [10.024205, 53.536124]], [[10.024205, 53.536124], [10.024217, 53.536189], [10.024225, 53.536228], [10.024228, 53.536253], [10.024231, 53.536288], [10.024228, 53.536352], [10.024227, 53.536391], [10.024223, 53.536427]], [[10.104273, 53.543933], [10.10406, 53.544037], [10.103814, 53.544152], [10.103292, 53.544367], [10.100173, 53.545636], [10.098333, 53.546361], [10.095688, 53.547397], [10.095601, 53.547468], [10.095574, 53.547444], [10.095492, 53.547478], [10.095222, 53.547598], [10.094869, 53.547769], [10.094593, 53.547914], [10.09395, 53.548265], [10.093625, 53.548457], [10.093342, 53.54863], [10.092946, 53.548933], [10.092738, 53.549121], [10.092552, 53.549314], [10.09236, 53.549531], [10.092082, 53.549887], [10.0912, 53.551084], [10.09097, 53.551388], [10.09074, 53.551703], [10.090283, 53.552314], [10.090174, 53.552449], [10.090052, 53.552596], [10.089842, 53.552784], [10.089624, 53.552937], [10.089358, 53.553114], [10.08915, 53.553227], [10.088988, 53.553303], [10.088757, 53.553397], [10.088445, 53.553508], [10.08829, 53.553561], [10.088029, 53.553644], [10.08767, 53.553731], [10.087322, 53.5538], [10.086988, 53.553854], [10.086736, 53.553883], [10.086515, 53.553898], [10.086187, 53.553908], [10.085839, 53.553904], [10.08534, 53.553877], [10.083758, 53.553811], [10.083513, 53.5538], [10.08351, 53.553831], [10.082754, 53.553766], [10.082548, 53.553757], [10.081933, 53.55375], [10.081337, 53.553747], [10.080225, 53.553663], [10.079224, 53.553617], [10.078284, 53.553571], [10.077018, 53.553545], [10.075941, 53.553532], [10.075475, 53.553534], [10.074014, 53.553524], [10.072945, 53.553526], [10.071739, 53.553567], [10.070617, 53.553642], [10.069935, 53.553703], [10.069252, 53.553785], [10.068307, 53.553916], [10.067527, 53.554023], [10.067221, 53.554067], [10.066051, 53.554234], [10.06606, 53.554272], [10.066045, 53.554234], [10.065245, 53.554348], [10.065043, 53.554378], [10.064759, 53.554419], [10.064596, 53.554442], [10.063584, 53.554587], [10.060825, 53.555001], [10.060281, 53.555078], [10.059292, 53.55522], [10.05783, 53.555407], [10.05718, 53.555488], [10.056335, 53.555593], [10.056116, 53.555621], [10.055638, 53.555681], [10.055551, 53.555688], [10.05555, 53.55568], [10.055285, 53.555711], [10.055211, 53.555716], [10.054846, 53.555742], [10.05447, 53.555745], [10.053195, 53.555771], [10.052647, 53.555774], [10.051176, 53.555781], [10.049152, 53.55578], [10.044855, 53.555829], [10.04434, 53.555832], [10.043654, 53.555851], [10.042987, 53.555851], [10.042762, 53.555853], [10.042002, 53.555855], [10.041656, 53.555855], [10.041656, 53.555829], [10.040826, 53.555858], [10.040413, 53.555857], [10.040048, 53.555833], [10.039754, 53.555804], [10.038311, 53.555631], [10.03715, 53.555478], [10.035727, 53.555295], [10.034343, 53.555113], [10.033508, 53.555005], [10.033049, 53.554951], [10.032406, 53.554865], [10.031596, 53.55476], [10.030145, 53.554572], [10.029678, 53.554514], [10.029209, 53.554472], [10.028881, 53.554457], [10.028204, 53.554444], [10.027619, 53.554436], [10.027159, 53.554427], [10.026721, 53.554408], [10.026506, 53.554388], [10.026216, 53.55435], [10.025971, 53.554311], [10.025738, 53.554266], [10.025435, 53.554192], [10.025196, 53.554125], [10.024996, 53.554067], [10.024738, 53.553971]], [[10.103837, 53.543579], [10.104846, 53.543178], [10.10562, 53.542887], [10.106139, 53.542691], [10.106266, 53.542642], [10.106864, 53.542434], [10.107146, 53.542336], [10.107172, 53.542364]], [[10.103837, 53.543579], [10.104038, 53.543522], [10.104514, 53.54337], [10.105081, 53.543204], [10.105342, 53.54312], [10.105739, 53.542994]], [[10.106265, 53.542824], [10.105989, 53.542934], [10.105843, 53.543], [10.105458, 53.543194], [10.105111, 53.543396], [10.104563, 53.543753], [10.104273, 53.543933]], [[10.107373, 53.542551], [10.107183, 53.542626], [10.106353, 53.542919], [10.10616, 53.542987], [10.105795, 53.543143], [10.105552, 53.543253], [10.104273, 53.543933]], [[10.105739, 53.542994], [10.106232, 53.542786], [10.106353, 53.542739], [10.106964, 53.542528], [10.107204, 53.542436]], [[10.105739, 53.542994], [10.106265, 53.542824]], [[10.107312, 53.542498], [10.10728, 53.542464], [10.107005, 53.542562], [10.106265, 53.542824]]]}, "properties": {"linie": "U4", "farbe": "#0098A1"}}]}